"Name","Source","Type","Rarity","Attunement","Price","Price band","Price Source","Review flag(s)","Prose","Criteria highlights","5e.tools link"
"+1 Black Ice Boomerang","Call from the Deep","Melee Weapon","Rare","No","435 gp","348 gp / 435 gp / 522 gp","Amalgamated (DSA,MSRP,DMPG)","random","When thrown, the boomerang returns to an unoccupied space adjacent to you. As a reaction, you can choose to catch it.","weapon_bonus 1, extra_damage_multiplier 1","https://5e.tools/items.html#+1%20black%20ice%20boomerang_callfromthedeep"
"+1 Black Ice Repeater Needler","Call from the Deep","Ranged Weapon","Rare","No","200 gp","160 gp / 200 gp / 240 gp","Amalgamated (DSA,MSRP,DMPG)","floor-tripwire","—","weapon_bonus 1, extra_damage_multiplier 1","https://5e.tools/items.html#+1%20black%20ice%20repeater%20needler_callfromthedeep"
"+1 Dragonkin Greatclub","The Griffon's Saddlebag: Book One","Melee Weapon","Rare","Yes","743 gp","594 gp / 743 gp / 891 gp","Amalgamated (DSA,MSRP,DMPG)","random","—","weapon_bonus 1, extra_damage_multiplier 1","https://5e.tools/items.html#+1%20dragonkin%20greatclub_24griffonssaddlebag1"
"+1 Dragonkin Military Fork","The Griffon's Saddlebag: Book One","Melee Weapon","Rare","Yes","873 gp","698 gp / 873 gp / 1,047 gp","Amalgamated (DSA,MSRP,DMPG)","random","—","weapon_bonus 1, extra_damage_multiplier 1","https://5e.tools/items.html#+1%20dragonkin%20military%20fork_24griffonssaddlebag1"
"+1 Half Plate Armor","Dungeon Master's Guide (2024)","Medium Armor","Rare","No","1,733 gp","1,386 gp / 1,733 gp / 2,080 gp","Amalgamated (DSA,MSRP)","random","You have a +1 bonus to AC while wearing this armor.

The wearer has disadvantage on Dexterity (Stealth) checks.","armor_ac 15, ac_bonus 1, stealth_penalty 1, extra_damage_multiplier 1","https://5e.tools/items.html#+1%20half%20plate%20armor_xdmg"
"+1 Nakudama Bubble Rod","Dungeon Master's Guide (2024)","Ranged Weapon","Uncommon","No","536 gp","428 gp / 536 gp / 643 gp","Amalgamated (DSA,MSRP,DMPG)","random","*The *base item* can be found in Obojima: Tales from the Tall Grass, page 159.*

You have a +1 bonus to attack and damage rolls made with this magic weapon.

The Nakudama bubble rod is most recognizable by the curious sounds it produces when used. The wet descending whistle of multiple water filled glass marbles shot from the end of the oblong tube, quickly followed by the unmistakable pop of the ammunition as they hit their target.

***Range.*** A weapon that can be used to make a ranged attack has a range shown in parentheses after the ammunition or thrown property. The range lists two numbers. The first is the weapon's normal range in feet, and the second indicates the weapon's maximum range. When attacking a target beyond normal range, you have disadvantage on the attack roll. You can't attack a target beyond the weapon's long range.","weapon_bonus 1, extra_damage_multiplier 1","https://5e.tools/items.html#+1%20nakudama%20bubble%20rod_xdmg"
"+1 Trident","Dungeon Master's Guide (2024)","Melee Weapon","Uncommon","No","635 gp","508 gp / 635 gp / 762 gp","Amalgamated (DSA,MSRP,DMPG)","random","You have a +1 bonus to attack and damage rolls made with this magic weapon.

***Thrown.*** If a weapon has the Thrown property, you can throw the weapon to make a ranged attack, and you can draw that weapon as part of the attack. If the weapon is a Melee weapon, use the same ability modifier for the attack and damage rolls that you use for a melee attack with that weapon.

***Versatile.*** A Versatile weapon can be used with one or two hands. A damage value in parentheses appears with the property. The weapon deals that damage when used with two hands to make a melee attack.

***Mastery: Topple.*** If you hit a creature with this weapon, you can force the creature to make a Constitution saving throw (DC 8 plus the ability modifier used to make the attack roll and your Proficiency Bonus). On a failed save, the creature has the Prone condition.","save_dc 8, weapon_bonus 1, extra_damage_multiplier 1","https://5e.tools/items.html#+1%20trident_xdmg"
"+1 True Name Repeater Needler","The Illrigger Revised","Ranged Weapon","Rare","Yes","200 gp","160 gp / 200 gp / 240 gp","Amalgamated (DSA,MSRP,DMPG)","floor-tripwire","—","extra_damage_avg 3.5, extra_damage_priced_avg 3.5, weapon_bonus 1, extra_damage_multiplier 1","https://5e.tools/items.html#+1%20true%20name%20repeater%20needler_illriggerrevised"
"+2 True Name Repeater Needler","The Illrigger Revised","Ranged Weapon","Very Rare","Yes","1,000 gp","800 gp / 1,000 gp / 1,200 gp","Amalgamated (DSA,MSRP,DMPG)","floor-tripwire","—","extra_damage_avg 7, extra_damage_priced_avg 7, weapon_bonus 2, extra_damage_multiplier 1","https://5e.tools/items.html#+2%20true%20name%20repeater%20needler_illriggerrevised"
"+2 True Name Warhammer","The Illrigger Revised","Melee Weapon","Very Rare","Yes","3,407 gp","2,726 gp / 3,407 gp / 4,089 gp","Amalgamated (DSA,MSRP,DMPG)","random","This weapon is ornately decorated with elegant details in brimstone and obsidian. It smells of iron and incense. When you attune to this weapon, you must whisper your true name to it. The name sears across the weapon in Infernal runes, then fades.

The typical True Name, an uncommon item, empowers an illrigger's Baleful Interdict. Whenever you roll an 18, 19, or 20 on your attack roll with this weapon and place a seal on a creature as part of the attack, you can place an additional seal on that creature.

You gain a +2 bonus to attack and damage rolls made using the weapon, and the damage dealt by your seals increases by 2d6. In addition, when you reduce an enemy to 0 hit points, you can choose to regain a seal (no action required). Once you regain a seal in this way, you can't do so again until the following dusk.

***Versatile.*** A Versatile weapon can be used with one or two hands. A damage value in parentheses appears with the property. The weapon deals that damage when used with two hands to make a melee attack.

***Mastery: Push.*** If you hit a creature with this weapon, you can push the creature up to 10 feet straight away from yourself if it is Large or smaller.","extra_damage_avg 7, extra_damage_priced_avg 7, weapon_bonus 2, extra_damage_multiplier 1","https://5e.tools/items.html#+2%20true%20name%20warhammer_illriggerrevised"
"+3 Adamantine Chakram","Call from the Deep","Melee Weapon","Very Rare","No","10,237 gp","8,189 gp / 10,237 gp / 12,284 gp","Amalgamated (DSA,MSRP,DMPG)","random","—","weapon_bonus 3, extra_damage_multiplier 1","https://5e.tools/items.html#+3%20adamantine%20chakram_callfromthedeep"
"+3 Adamantine Repeater Needler","Call from the Deep","Ranged Weapon","Very Rare","No","1,000 gp","800 gp / 1,000 gp / 1,200 gp","Amalgamated (DSA,MSRP,DMPG)","floor-tripwire","—","weapon_bonus 3, extra_damage_multiplier 1","https://5e.tools/items.html#+3%20adamantine%20repeater%20needler_callfromthedeep"
"+3 Adamantine Vertebrae Sword","Call from the Deep","Melee Weapon","Very Rare","No","14,950 gp","11,960 gp / 14,950 gp / 17,940 gp","Amalgamated (DSA,MSRP,DMPG)","final-gate","The jagged vertebrae sword of a fishfolk warrior can barely be called a sword. Locals would say it's better described as a makeshift weapon crafted from a fish skeleton and sea trash. Its poor construction is the reason it's not often a weapon seen on land, though when used by a skilled fighter, it most certainly can be a formidable tool. When you successfully hit a creature with a vertebrae sword, you can use a bonus action to rake and twist the weapon, breaking off some of the sword's boney barbs and dealing an extra 1d8 piercing damage. The vertebrae sword can only be used in this way 5 times before it becomes unusable as a weapon.","extra_damage_avg 4.5, extra_damage_priced_avg 4.5, weapon_bonus 3, extra_damage_multiplier 1","https://5e.tools/items.html#+3%20adamantine%20vertebrae%20sword_callfromthedeep"
"+3 Bolt","Dungeon Master's Guide (2024)","Ammunition","Very Rare","No","637 gp","509 gp / 637 gp / 764 gp","Amalgamated (DSA,MSRP,DMPG)","random","You have a +3 bonus to attack and damage rolls made with this piece of magic ammunition. Once it hits a target, the ammunition is no longer magical.

Crossbow bolts are used with a weapon that has the ammunition property to make a ranged attack. Each time you attack with the weapon, you expend one piece of ammunition. Drawing the ammunition from a quiver, case, or other container is part of the attack (you need a free hand to load a one-handed weapon). At the end of the battle, you can recover half your expended ammunition by taking a minute to search the battlefield.

Bolts are typically stored in a *Crossbow Bolt Case* (bought separately).","weapon_bonus 3, is_ammunition 1, extra_damage_multiplier 1","https://5e.tools/items.html#+3%20bolt_xdmg"
"+3 Dragonkin Catchpole","The Griffon's Saddlebag: Book One","Melee Weapon","Legendary","Yes","12,122 gp","9,698 gp / 12,122 gp / 14,547 gp","Amalgamated (DSA,MSRP,DMPG)","random","—","weapon_bonus 3, extra_damage_multiplier 1","https://5e.tools/items.html#+3%20dragonkin%20catchpole_24griffonssaddlebag1"
"+3 Elite Rapier","Dungeon Master's Guide (2024)","Melee Weapon","Very Rare","No","13,774 gp","11,019 gp / 13,774 gp / 16,529 gp","Amalgamated (DSA,MSRP,DMPG)","random","*The *base item* can be found in Grim Hollow: Player’s Guide (2024), page 128.*

You have a +3 bonus to attack and damage rolls made with this magic weapon.

***Finesse.*** When making an attack with a Finesse weapon, use your choice of your Strength or Dexterity modifier for the attack and damage rolls. You must use the same modifier for both rolls.

***Mastery: Swift.*** Swift weapons help you recover quickly from missed attacks. When you miss with a Swift weapon, you have Advantage on the first attack roll you make with the weapon against the same target before the end of your next turn. If that attack hits, it also deals an extra 1d4 damage of the weapon's normal damage type.","weapon_bonus 3, extra_damage_avg 2.5, extra_damage_priced_avg 2.5, extra_damage_multiplier 1","https://5e.tools/items.html#+3%20elite%20rapier_xdmg"
"+3 Hoopak","Dungeon Master's Guide (2024)","Melee Weapon","Very Rare","No","10,159 gp","8,127 gp / 10,159 gp / 12,191 gp","Amalgamated (DSA,MSRP,DMPG)","random","*The *base item* can be found in Dragonlance: Shadow of the Dragon Queen, page 188.*

You have a +3 bonus to attack and damage rolls made with this magic weapon.

A hoopak is a sturdy stick with a sling at one end and a pointed tip at the other.

***Special.*** When you make a melee attack with this weapon, you ignore its ammunition property. You can use the hoopak as a martial ranged weapon. If you do, it uses the ammunition property, uses sling bullets, and deals 1d4 bludgeoning damage on a hit.

***Ammunition.*** You can use a weapon that has the ammunition property to make a ranged attack only if you have ammunition to fire from the weapon. Each time you attack with the weapon, you expend one piece of ammunition. Drawing the ammunition from a quiver, case, or other container is part of the attack. Loading a one-handed weapon requires a free hand. At the end of the battle, you can recover half your expended ammunition by taking a minute to search the battlefield.

If you use a weapon that has the ammunition property to make a melee attack, you treat the weapon as an improvised weapon. A sling must be loaded to deal any damage when used in this way.

***Finesse.*** When making an attack with a finesse weapon, you use your choice of your Strength or Dexterity modifier for the attack and damage rolls. You must use the same modifier for both rolls.

***Two-Handed.*** This weapon requires two hands to use. This property is relevant only when you attack with the weapon, not when you simply hold it.","weapon_bonus 3, extra_damage_multiplier 1","https://5e.tools/items.html#+3%20hoopak_xdmg"
"+3 True Name Arbalest","The Illrigger Revised","Ranged Weapon","Legendary","Yes","20,000 gp","16,000 gp / 20,000 gp / 24,000 gp","Amalgamated (DSA,MSRP,DMPG)","random","—","extra_damage_avg 10.5, extra_damage_priced_avg 10.5, weapon_bonus 3, extra_damage_multiplier 1","https://5e.tools/items.html#+3%20true%20name%20arbalest_illriggerrevised"
"+3 True Name Dart","The Illrigger Revised","Ranged Weapon","Legendary","Yes","8,000 gp","6,400 gp / 8,000 gp / 9,600 gp","Amalgamated (DSA,MSRP,DMPG)","final-gate, floor-tripwire","This weapon is ornately decorated with elegant details in brimstone and obsidian. It smells of iron and incense. When you attune to this weapon, you must whisper your true name to it. The name sears across the weapon in Infernal runes, then fades.

The typical True Name, an uncommon item, empowers an illrigger's Baleful Interdict. Whenever you roll an 18, 19, or 20 on your attack roll with this weapon and place a seal on a creature as part of the attack, you can place an additional seal on that creature.

You gain a +3 bonus to attack and damage rolls made using the weapon, and the damage dealt by your seals increases by 3d6. In addition, when you reduce an enemy to 0 hit points, you can choose to regain two seals and gain temporary hit points equal to your illrigger level (no action required). Once you regain seals and gain temporary hit points in this way, you can't do so again until the following dusk.

***Range.*** A Range weapon has a range in parentheses after the Ammunition or Thrown property. The range lists two numbers. The first is the weapon's normal range in feet, and the second is the weapon's long range. When attacking a target beyond normal range, you have Disadvantage on the attack roll. You can't attack a target beyond the long range.

***Finesse.*** When making an attack with a Finesse weapon, use your choice of your Strength or Dexterity modifier for the attack and damage rolls. You must use the same modifier for both rolls.

***Thrown.*** If a weapon has the Thrown property, you can throw the weapon to make a ranged attack, and you can draw that weapon as part of the attack. If the weapon is a Melee weapon, use the same ability modifier for the attack and damage rolls that you use for a melee attack with that weapon.

***Mastery: Vex.*** If you hit a creature with this weapon and deal damage to the creature, you have Advantage on your next attack roll against that creature before the end of your next turn.","extra_damage_avg 10.5, extra_damage_priced_avg 10.5, weapon_bonus 3, extra_damage_multiplier 1","https://5e.tools/items.html#+3%20true%20name%20dart_illriggerrevised"
"+3 True Name Repeater Needler","The Illrigger Revised","Ranged Weapon","Legendary","Yes","8,000 gp","6,400 gp / 8,000 gp / 9,600 gp","Amalgamated (DSA,MSRP,DMPG)","floor-tripwire","—","extra_damage_avg 10.5, extra_damage_priced_avg 10.5, weapon_bonus 3, extra_damage_multiplier 1","https://5e.tools/items.html#+3%20true%20name%20repeater%20needler_illriggerrevised"
"+3 Wraps of Unarmed Power","Dungeon Master's Guide (2024)","Wondrous Item","Very Rare","No","11,647 gp","9,318 gp / 11,647 gp / 13,977 gp","Single source (DSA)","random","While wearing these wraps, you have a +3 bonus to attack rolls and damage rolls made with your Unarmed Strikes. Those strikes deal your choice of Force damage or their normal damage type.","weapon_bonus 3, is_wondrous 1, extra_damage_multiplier 1","https://5e.tools/items.html#+3%20wraps%20of%20unarmed%20power_xdmg"
"Adamantine Bar","Waterdeep: Dragon Heist","Trade Goods","Mundane","No","1,000 gp","800 gp / 1,000 gp / 1,200 gp","Official","floor-tripwire","Most wealth is not in coins. It is measured in livestock, grain, land, rights to collect taxes, or rights to resources (such as a mine or a forest).

Guilds, nobles, and royalty regulate trade. Chartered companies are granted rights to conduct trade along certain routes, to send merchant ships to various ports, or to buy or sell specific goods. Guilds set prices for the goods or services that they control, and determine who may or may not offer those goods and services. Merchants commonly exchange trade goods without using currency.","extra_damage_multiplier 1","https://5e.tools/items.html#adamantine%20bar_wdh"
"Adamantine Claymore","Dungeon Master's Guide (2024)","Melee Weapon","Uncommon","No","668 gp","534 gp / 668 gp / 802 gp","Single source (MSRP)","random","*The *base item* can be found in Grim Hollow: Player’s Guide (2024), page 128.*

This weapon or piece of ammunition is made of adamantine, one of the hardest substances in existence. Whenever this weapon or piece of ammunition hits an object, the hit is a Critical Hit.

***Heavy.*** You have Disadvantage on attack rolls with a Heavy weapon if it's a Melee weapon and your Strength score isn't at least 13 or if it's a Ranged weapon and your Dexterity score isn't at least 13.

***Two-Handed.*** A Two-Handed weapon requires two hands when you attack with it.

***Mastery: Brutal.*** A Brutal weapon is designed for maximum damage. Brutal weapons score Critical Hits on a natural roll of 19 or 20. If your Critical Range is already increased, instead increase it by 1 point (such as from 19-20 to 18-20).

When you score a Critical Hit with a Brutal weapon against a creature, the weapon deals one additional die of damage.","extra_damage_multiplier 1","https://5e.tools/items.html#adamantine%20claymore_xdmg"
"Adamantine Lance","Dungeon Master's Guide (2024)","Melee Weapon","Uncommon","No","777 gp","622 gp / 777 gp / 933 gp","Algorithm","random","This weapon or piece of ammunition is made of adamantine, one of the hardest substances in existence. Whenever this weapon or piece of ammunition hits an object, the hit is a Critical Hit.

A Lance requires two hands to wield when you aren't mounted.

***Heavy.*** You have Disadvantage on attack rolls with a Heavy weapon if it's a Melee weapon and your Strength score isn't at least 13 or if it's a Ranged weapon and your Dexterity score isn't at least 13.

***Reach.*** A Reach weapon adds 5 feet to your reach when you attack with it, as well as when determining your reach for Opportunity Attacks with it.

***Two-Handed.*** A Two-Handed weapon requires two hands when you attack with it.

***Mastery: Topple.*** If you hit a creature with this weapon, you can force the creature to make a Constitution saving throw (DC 8 plus the ability modifier used to make the attack roll and your Proficiency Bonus). On a failed save, the creature has the Prone condition.","save_dc 8, extra_damage_multiplier 1","https://5e.tools/items.html#adamantine%20lance_xdmg"
"Adze of Annam","Bigby Presents: Glory of the Giants","Melee Weapon","Artifact","Yes","670,000 gp","536,000 gp / 670,000 gp / 804,000 gp","Algorithm","family-min","This massive adze is said to have been wielded by All-Father Annam, not as a weapon but as the tool he used to shape the various worlds of the Material Plane eons ago.

***Random Properties.*** The adze has the following random properties, determined by rolling on the appropriate table in the Dungeon Master's Guide:

- 2 minor beneficial properties
- 1 major beneficial property
- 2 minor detrimental properties

***Magic Weapon.*** When a creature attunes to the adze, the artifact magically adjusts its size so that creature can wield it as a greataxe. The adze is a magic weapon that grants a +3 bonus to attack and damage rolls made with it. On a hit, the adze deals an additional 3d12 force damage. It also deals double damage to objects and structures.

***Divine Mattock.*** As an action, you can call upon the might of the All-Father and use the adze to cast *move earth* or *fabricate*. Once this property is used, it can't be used again until the next dawn.

***Heavy.*** Creatures that are Small or Tiny have disadvantage on attack rolls with heavy weapons. A heavy weapon's size and bulk make it too large for a Small or Tiny creature to use effectively.

***Two-Handed.*** This weapon requires two hands to use. This property is relevant only when you attack with the weapon, not when you simply hold it.","extra_damage_avg 19.5, extra_damage_priced_avg 19.5, weapon_bonus 3, minor_beneficial 2, minor_detrimental 2, extra_damage_multiplier 1","https://5e.tools/items.html#adze%20of%20annam_bgg"
"Akmon, Hammer of Purphoros","Mythic Odysseys of Theros","Melee Weapon","Artifact","Yes","485,000 gp","388,000 gp / 485,000 gp / 582,000 gp","Algorithm","family-min","Purphoros's hammer works wonders and disasters, the god of the forge using it to craft ground-breaking marvels and dangerous inventions in equal measure. Purphoros rarely bestows Akmon on mortals but occasionally leaves it unattended at his forge in Mount Velus. When Purphoros does permit a mortal to use the hammer, it's usually so they might bring an important work into being, wreck a force of destruction, or forge something remarkable somewhere the god isn't welcome.

***Hammer of the Forge.*** This magic warhammer grants a +3 bonus to attack and damage rolls made with it. When you hit with an attack using it, the target takes an extra 3d10 fire damage.

***Blessing of the Forge.*** If you are a worshiper of Purphoros, you gain all the following benefits for which you have the required piety:

- **Piety 10+.** The hammer has 1 randomly determined minor beneficial property.
- **Piety 25+.** The hammer has 1 randomly determined major beneficial property.
- **Piety 50+.** The hammer has 1 additional randomly determined major beneficial property.

If you aren't a worshiper of Purphoros, the hammer has 2 randomly determined minor detrimental properties.

See ""Artifacts"" in chapter 7 of the Dungeon Master's Guide for details on randomly determined properties.

***Reforged.*** While holding the hammer, you have resistance to fire damage and are immune to exhaustion. Additionally, you have proficiency with *smith's tools* and have advantage on all ability checks made using them.

***Spells.*** While the hammer is on your person, you can use an action to cast one of the following spells (save DC 18): *animate objects*, *heat metal*, *fabricate*, *magic weapon*, *mending*, *shatter*. Once you use the hammer to cast a spell, the spell can't be cast again from it until the next dusk.

***Destroying the Hammer.*** To destroy the hammer, it must be taken to the realm of Tizerus, in the Underworld. There it must be coated in clay from the Mire of Punishment. The heat of the hammer hardens the clay, which fuses to it after one month. Once fully hardened, the clay-covered hammer must be swallowed and digested by a kraken.

***Versatile.*** This weapon can be used with one or two hands. A damage value in parentheses appears with the property—the damage when the weapon is used with two hands to make a melee attack.","save_dc 18, extra_damage_avg 16.5, extra_damage_priced_avg 16.5, weapon_bonus 3, minor_detrimental 2, grants_proficiency 1","https://5e.tools/items.html#akmon,%20hammer%20of%20purphoros_mot"
"Alchemist's Fire","Player's Handbook (2024)","Adventuring Gear","Mundane","No","50 gp","40 gp / 50 gp / 60 gp","Official","floor-tripwire","When you take the Attack action, you can replace one of your attacks with throwing a flask of Alchemist's Fire. Target one creature or object you can see within 20 feet of yourself. The target must succeed on a Dexterity saving throw (DC 8 plus your Dexterity modifier and Proficiency Bonus) or take 1d4 Fire damage and start burning.","save_dc 8, extra_damage_multiplier 1","https://5e.tools/items.html#alchemist's%20fire_xphb"
"Alchemist's Supplies","Player's Handbook (2024)","Artisan's Tools","Mundane","No","50 gp","40 gp / 50 gp / 60 gp","Official","floor-tripwire","- **Ability:** Intelligence
- **Utilize:** Identify a substance (DC 15), or start a fire (DC 15)
- **Craft:** *Acid*, *Alchemist's Fire*, *Component Pouch*, *Oil*, *Paper*, *Perfume*

Artisan's Tools are each focused on crafting items and pursuing a trade. Each type of Artisan's Tools tools requires a separate proficiency.

If you have proficiency with a tool, add your Proficiency Bonus to any ability check you make that uses the tool. If you have proficiency in a skill that's used with that check, you have Advantage on the check too.","save_dc 15, extra_damage_multiplier 1","https://5e.tools/items.html#alchemist's%20supplies_xphb"
"Animated Inks","The Pugilist Class (2024)","Potion","Varies","Yes","337 gp","270 gp / 337 gp / 405 gp","Algorithm","random","When you drink this potion, a type of creature you are thinking of appears as a tattoo on your skin. You choose the type of creature but its maximum Challenge Rating is determined by the potion's rarity, as shown in the table below. You can take the Magic action to cause the tattoo to animate and move off your body, appearing in an unoccupied space of your choice within 60 feet. For the next 10 minutes, it uses the stat block of the chosen creature. During this time, the creature is Friendly [Attitude] to you and your allies. It understands your languages, obeys your commands, and takes its turn immediately after you on your Initiative count. If you issue no commands, the creature defends itself but takes no other action. At the end of the 10 minutes, or when the creature is reduced to 0 Hit Points, it returns to your body as a tattoo. Once you have used a Magic action to animate this tattoo, it can't be used again until 3 days pass. If you end or lose Attunement to this magic item, the tattoo disappears and all other effects of this potion end. Animated Inks (Uncommon) 1 Animated Inks (Rare) 3 Animated Inks (Very Rare) 7","extra_damage_multiplier 1","https://5e.tools/items.html#animated%20inks_pugilist2024"
"Antitoxin","Player's Handbook (2024)","Adventuring Gear","Mundane","No","50 gp","40 gp / 50 gp / 60 gp","Official","floor-tripwire","As a Bonus Action, you can drink a vial of Antitoxin to gain Advantage on saving throws to avoid or end the Poisoned condition for 1 hour.","extra_damage_multiplier 1","https://5e.tools/items.html#antitoxin_xphb"
"Ardor","Grim Hollow: Player Pack","Melee Weapon","Artifact","Yes","338,200 gp","270,560 gp / 338,200 gp / 405,840 gp","Algorithm","random","The blades of this axe smolder with an inner light. The dark wooden handle is accented with silver. When the celestial realm turned back yet another assault from the forces of evil, a fiendish forge master received a vision, allowing them to craft a battleaxe like no other. With the might of Ardor, the fiends now possess a weapon capable of striking down the celestial forces. Ardor now lies in the fiendish realm's hidden vaults, waiting to be wielded when the forces of darkness make their ultimate strike to consume the world. The fiends don't realize that an equally powerful weapon rests in the hands of the celestials who wage eternal war against them. The fates who inspired the forge master to craft Ardor also sent a vision to a smith of heaven in the interest of maintaining the balance of power. This magic battleaxe grants a +3 bonus to attack and damage rolls made with it. When you hit with an attack using it, the target takes an extra 3d10 necrotic damage. While holding the battleaxe, you are immune to the charmed, frightened, paralyzed, poisoned, and stunned conditions. As a bonus action, you can release Ardor to hover magically in an unoccupied space within 5 feet of you. If you can see the battleaxe, you can mentally command it as a bonus action to fly up to 50 feet and either make one attack against a target or return to your hands. If any effect targets the hovering axe, you are considered to be holding it. The hovering axe falls if the attuned user dies. While the axe is on your person, you can use an action to cast one of the following spells (save DC 18): bane, banishment, bestow curse, branding smite, or incendiary cloud. Once you use the axe to cast a spell, that spell can't be cast again from it until the next dawn. The only thing capable of damaging the battleaxe is its celestial twin Zeal. A creature wielding Zeal can choose to attack Ardor, which has an AC of 21 and 300 hit points. No other creature or object can damage Ardor.","save_dc 18, extra_damage_avg 11, extra_damage_priced_avg 11, weapon_bonus 3, extra_damage_multiplier 1","https://5e.tools/items.html#ardor_grimhollowplayerpack"
"Ascendant Scaled Ornament","Fizban's Treasury of Dragons","Wondrous Item","Legendary","Yes","56,348 gp","45,079 gp / 56,348 gp / 67,618 gp","Algorithm","random","This ornament can be jewelry, a cloak, or another wearable accessory. It appears to be fashioned from a dragon's scale, tooth, or claw, or it incorporates images in those shapes.

You gain a +1 bonus to AC, and you can't be charmed or frightened. Moreover, each creature of your choice within 30 feet of you has advantage on saving throws it makes to avoid being charmed or frightened or to end those conditions on itself.

When you would take damage of the type dealt by the breath of the dragon in whose hoard the ornament became Wakened, you can use your reaction to take no damage instead, and you regain hit points equal to the damage you would have taken. Once this property is used, it can't be used again until the next dawn.

While you are wearing the ornament, you gain a flying speed equal to your walking speed and can hover. While you are flying using this speed, spectral dragon wings appear on your back.","ac_bonus 1, is_wondrous 1, extra_damage_multiplier 1, flight_full 1","https://5e.tools/items.html#ascendant%20scaled%20ornament_ftd"
"Ashyra's Research Notes","Where Evil Lives: The MCDM Book of Boss Battles","Adventuring Gear","Mundane","No","1.0 gp","80 cp / 1.0 gp / 1.2 gp","Algorithm","random","Ashyra's research notes about magic and necromancy are organized and indexed. When you fail an Intelligence (Arcana) check to recall lore, you can spend 1 hour during a short or long rest reviewing the notes and repeat the check. If the check is related to necromancy magic, you have advantage when you reroll it.","extra_damage_multiplier 1","https://5e.tools/items.html#ashyra's%20research%20notes_whereevillives"
"Astral Bracelet of Knowledge","The Griffon's Saddlebag: Book One","Wondrous Item","Very Rare","Yes","17,959 gp","14,367 gp / 17,959 gp / 21,551 gp","Algorithm","random","An Astral Bracelet is a powerful magical bangle that allows its wearer to see, commune, or otherwise manifest things using powers beyond the Material Plane. The metal and glyphs of each bracelet are related to the kind of power that it holds. You can pull the bracelet off and hold it in the palm of your hand as a Magic action. When you do, the bracelet unfurls to reveal the four inner rings collapsed within it, transforming the bracelet into an astronomical sphere. While the bracelet is transformed in this way, its inner rings slowly spin on their own. The bracelet has 10 charges, which are only usable in its sphere form. It regains 2d4 + 2 expended charges daily at dawn. If you expend its last charge, the sphere's spinning rings magically fold up again into the wearable bracelet. You can fold the rings back into place early as a Magic action. Each kind of Astral Bracelet has a different list of spells that can be cast from it. If a spell cast in this way normally requires a Material component with a cost of 100+ GP, that component is still required when casting the spell. While holding the bracelet in its sphere form, you can expend 1 or more charges to cast one of the corresponding spells from it: Comprehend Languages (1 charge), Detect Magic (1 charge), Dispel Magic (3 charges), Identify (1 charge), Legend Lore (5 charges), Locate Creature (4 charges), Locate Object (2 charges), or Sending (3 charges).","is_wondrous 1, extra_damage_multiplier 1","https://5e.tools/items.html#astral%20bracelet%20of%20knowledge_24griffonssaddlebag1"
"Axe Beak","Forgotten Realms: Heroes of Faerûn","Mount or Vehicle (Land)","Mundane","No","50 gp","40 gp / 50 gp / 60 gp","Official","floor-tripwire","Use the **Axe Beak** stat block.","extra_damage_multiplier 1","https://5e.tools/items.html#axe%20beak_frhof"
"Axe of the Dwarvish Lords","Dungeon Master's Guide (2024)","Melee Weapon","Artifact","Yes","790,000 gp","632,000 gp / 790,000 gp / 948,000 gp","Algorithm","family-min","A young dwarf prince set out to forge a weapon that would be regarded as a symbol of unity among his people. Venturing deep under the mountains, deeper than any dwarf had ever delved, the prince came to the blazing heart of a great volcano. With the aid of Moradin, a god of creation, he first crafted four mighty tools: the Starmetal Pick, the Earthheart Forge, the Anvil of Songs, and the Shaping Hammer. With these tools, he forged the Axe of the Dwarvish Lords.

Armed with the Artifact, the prince brought peace to the dwarf clans, ending grudges and answering slights. The clans became allies, and they threw back their enemies and enjoyed an era of prosperity. This young dwarf is remembered as the First King. When he became old, he passed the weapon, which had become his badge of office, to his heir. The rightful inheritors passed the axe on for many generations.

Later, in an era marked by treachery and wickedness, the axe was lost in a bloody civil war fomented by greed for its power and the status it bestowed. Centuries later, the dwarves still search for the axe, and many adventurers have made careers of chasing after rumors and plundering old vaults to find it.

***Magic Weapon.*** The Axe of the Dwarvish Lords is a magic weapon that grants a +3 bonus to attack rolls and damage rolls made with it.

When you attack a creature with the axe and roll a 20 on the d20 for the attack roll, the axe deals an extra 20 Slashing damage.

The axe has Thrown with a normal range of 20 feet and a long range of 60 feet. When you hit with a ranged attack using this weapon, it deals an extra 1d8 Force damage, or an extra 2d8 Force damage if the target is a creature of the Giant type. Immediately after hitting or missing, the weapon flies back to your hand.

***Blessings of Moradin.*** While attuned to the axe, you gain the following benefits:

- **Darkvision.** You gain Darkvision with a range of 60 feet. If you already have Darkvision, its range increases by 60 feet.
- **Fortitude of Stone.** Your Constitution increases by 2, to a maximum of 20.
- **Gifts of the Creator.** You have proficiency with *Brewer's Supplies*, *Mason's Tools*, and *Smith's Tools*.
- **One with the Forge.** You have Immunity to Poison damage and Resistance to Fire damage.
- **Sunder.** When you hit an object with the axe, the object takes the maximum amount of damage possible.

***Conjure Earth Elemental.*** While holding the axe, you can take a Magic action to summon an **Earth Elemental**. It appears in an unoccupied space you choose within 30 feet of yourself, understands your languages, obeys your commands, and takes its turn immediately after you on your Initiative count. The elemental disappears after 24 hours, when it dies, or when you dismiss it as a Bonus Action. You can't use this property again until the next dawn.

***Random Properties.*** The axe has the following random properties:

- 2 minor beneficial properties
- 1 major beneficial property
- 2 minor detrimental properties

***Travel the Depths.*** You can take a Magic action to touch the axe to a fixed piece of dwarven stonework and cast *Teleport* from the axe. If your intended destination is underground, there is no chance of a mishap or arriving somewhere unexpected. You can't use this property again until 3 days have passed.

***Destroying the Axe.*** The only way to destroy the axe is to melt it down in the Earthheart Forge, where it was created. It must remain in the burning forge for 50 years before it finally succumbs to the fire and is consumed.

***Thrown.*** If a weapon has the Thrown property, you can throw the weapon to make a ranged attack, and you can draw that weapon as part of the attack. If the weapon is a Melee weapon, use the same ability modifier for the attack and damage rolls that you use for a melee attack with that weapon.

***Versatile.*** A Versatile weapon can be used with one or two hands. A damage value in parentheses appears with the property. The weapon deals that damage when used with two hands to make a melee attack.

***Mastery: Topple.*** If you hit a creature with this weapon, you can force the creature to make a Constitution saving throw (DC 8 plus the ability modifier used to make the attack roll and your Proficiency Bonus). On a failed save, the creature has the Prone condition.","darkvision_feet 60, extra_damage_avg 13.5, extra_damage_priced_avg 13.5, save_dc 8, weapon_bonus 3, minor_beneficial 2","https://5e.tools/items.html#axe%20of%20the%20dwarvish%20lords_xdmg"
"Baba Yaga's Dancing Broom","Dungeon Master's Guide (2024)","Wondrous Item","Uncommon","Yes","1,701 gp","1,361 gp / 1,701 gp / 2,041 gp","Single source (DSA)","random","The archfey *Baba Yaga* crafted many of these magic brooms. No two appear exactly alike. While holding the broom, you can take a Magic action to transform it into an **Animated Broom** under your control. The broom then moves into an unoccupied space as close to you as possible. The broom acts immediately after you on your Initiative count and remains animate until you take a Bonus Action and use a command word to render it inanimate.

On your turn, you can mentally command the animated broom if it is within 30 feet of you and you don't have the Incapacitated condition (no action required). You decide what action the broom takes and where it moves during its next turn, or you can issue it a general command, such as to attack your enemies or guard a location.

If the broom is reduced to 0 Hit Points, it shatters and is destroyed. If the broom reverts to its inanimate form before losing all its Hit Points it regains all of them.","is_wondrous 1, extra_damage_multiplier 1","https://5e.tools/items.html#baba%20yaga's%20dancing%20broom_xdmg"
"Baba Yaga's Mortar and Pestle","Tasha's Cauldron of Everything","Wondrous Item","Artifact","Yes","492,500 gp","394,000 gp / 492,500 gp / 591,000 gp","Algorithm","family-min","The creations of the immortal hag Baba Yaga defy the laws of mortal magic. Among the notorious implements that cement her legend on countless worlds are the artifacts that propel her through the planes: Baba Yaga's Mortar and Pestle. These signature tools of Baba Yaga are a single artifact for purposes of attunement. Should the two objects become separated, the pestle appears next to the mortar at the next dawn.

***Random Properties.*** This artifact has the following random properties, which you can determine by rolling on the tables in the ""Artifacts"" section of the *Dungeon Master's Guide*:

- 2 minor beneficial properties
- 1 major beneficial property
- 1 minor detrimental property

***Properties of the Mortar.*** The mortar is a Tiny wooden bowl. However, the mortar increases in size to accommodate anything you place inside, expanding-if there's enough space-up to Large size, meaning it can hold even a Large creature.

***Properties of the Pestle.*** The pestle is a 6-inch-long, worn wooden tool. Once during your turn while you are holding the pestle, you can extend it into a quarterstaff or shrink it back into a pestle (no action required). As a quarterstaff, the pestle is a magic weapon that grants a +3 bonus to attack and damage rolls made with it.

The pestle has 12 charges. When you hit with a melee attack using the pestle, you can expend up to 3 of its charges to deal an extra 1d8 force damage for each charge expended. The pestle regains all expended charges daily at dawn.

***Perfect Tools.*** While holding the mortar and pestle, you can use your action to say the name of any nonmagical plant, mineral, or fluid and an amount of the material worth 10 gp or less. The mortar instantly fills with the desired amount of that material. Once you use this action, you can't do so again until you finish a short or long rest.

You can also use the artifact as *alchemist's supplies*, *brewer's supplies*, *cook's utensils*, an *herbalism kit*, and a *poisoner's kit*. You have advantage on any check you make using the artifact as one of these tools.

***Primal Parts.*** As an action while the pestle and the mortar is within 5 feet of you, you can command the pestle to grind. For the next minute, or until you use your action to verbally command it to stop, the pestle moves on its own, grinding the contents of the mortar into a mush or fine powder that's equally useful for cooking or alchemy. At the start of each of your turns, whatever is in the mortar takes 4d10 force damage. If this reduces the target's hit points to 0, the target is reduced to powder, pulp, or paste, as appropriate. Only magic items are unaffected. If you wish, when the pestle stops, you can have the mortar separate its contents-like powdered bone, crushed herbs, pulped organs-into separate piles.

***Traverse the Night.*** If you are holding the pestle while you are inside the mortar, you can use your action to verbally command the mortar to travel to a specific place or creature.

You don't need to know where your destination is, but it must be a specific destination-not just the nearest river or a red dragon's lair. If the stated destination is within 1,000 miles of you, the mortar lifts into the air and vanishes. You and any creatures in the mortar travel through a dreamlike sky, with hazy reflections of the world passing by below. Creatures might see images of you streaking through the sky between your point of origin and the destination. You arrive at the location 1 hour later or, if it is night, 1 minute later.

***Bones Know Their Home.*** When you command the mortar to travel, you can instead throw out the dust or paste of something ground by the mortar and name a location on a different plane of existence or a different world on the Material Plane. If that material came from a creature native to the named plane or world, the mortar travels through an empty night sky to an unoccupied space at that destination, arriving in 1 minute.

***Destroying the Mortar and Pestle.*** The mortar and pestle are destroyed if they are crushed underfoot by the *Dancing Hut of Baba Yaga* or by Baba Yaga herself.","extra_damage_avg 4.5, extra_damage_priced_avg 4.5, weapon_bonus 3, minor_beneficial 2, is_wondrous 1, extra_damage_multiplier 1","https://5e.tools/items.html#baba%20yaga's%20mortar%20and%20pestle_tce"
"Badge of the Savant (Abjuration)","The Griffon's Saddlebag: Book Two","Wondrous Item","Uncommon","No","811 gp","649 gp / 811 gp / 973 gp","Algorithm","random","A badge of the savant is a platinum bookplate that can be magically affixed to a wizard's spellbook. Each badge features a design that represents a different school of magic. While a badge is attached to the cover of your spellbook, the gold and time you must spend to copy a spell of that badge's school of magic into your spellbook is halved. You can collect multiple of these plates and fit them onto the cover of your spellbook, allowing you to gain this benefit for multiple schools of magic at once. You can use an action to attach or remove a badge from a spellbook by expending a spell slot of a level equal to 1 plus the number of badges already on the book (a maximum of a 9th level spell slot).","is_wondrous 1, extra_damage_multiplier 1","https://5e.tools/items.html#badge%20of%20the%20savant%20(abjuration)_griffonssaddlebag2"
"Balloon Pack","Princes of the Apocalypse","Wondrous Item","Uncommon","No","616 gp","493 gp / 616 gp / 740 gp","Single source (DMPG)","random","This backpack contains the spirit of an **air elemental** and a compact leather balloon. While you're wearing the backpack, you can deploy the balloon as an action and gain the effect of the *levitate* spell for 10 minutes, targeting yourself and requiring no concentration. Alternatively, you can use a reaction to deploy the balloon when you're falling and gain the effect of the *feather fall* spell for yourself.

When either spell ends, the balloon slowly deflates as the elemental spirit escapes and returns to the Elemental Plane of Air. As the balloon deflates, you descend gently toward the ground for up to 60 feet. If you are still in the air at the end of this distance, you fall if you have no other means of staying aloft.

After the spirit departs, the backpack's property is unusable unless the backpack is recharged for 1 hour in an elemental air node, which binds another spirit to the backpack.","is_wondrous 1, extra_damage_multiplier 1","https://5e.tools/items.html#balloon%20pack_pota"
"Bane Double Spear","Exploring Eberron (2024)","Melee Weapon","Rare","Yes","14,947 gp","11,958 gp / 14,947 gp / 17,937 gp","Algorithm","random","*The *base item* can be found in Grim Hollow: Player’s Guide (2024), page 128.*

This magic weapon grants a +1 bonus to attack and damage rolls made with it. Whenever you finish a Long Rest, choose one of the following creature types: Aberration, Beast, Celestial, Dragon, Fiend, Giant, or Undead.

The weapon has 4 charges. If you hit a creature of the chosen type with the weapon, you can expend 1 charge and inflict an additional 2d6 damage of the weapon's type with the attack. The weapon regains 1d4 expended charges daily at dawn.

***Double.*** A Double weapon functions as two Light weapons, one in each hand, for the purposes of two-weapon fighting. If a Double weapon has Reach, you can use only one of these properties per turn.

***Momentum.*** Momentum weapons allow you to deliver devastating attacks as part of rapid movement. When you hit with a Momentum weapon after you moved 20 feet or more in a straight line during the same turn, upgrade the damage dice to the weapon's Momentum Dice value.

***Two-Handed.*** A Two-Handed weapon requires two hands when you attack with it.

***Mastery: Set.*** Weapons with the Set property allow you to prepare for an oncoming attack. If a target enters your reach while you wield a weapon with this property, you can use your Reaction to make a melee attack with the weapon against that target.","extra_damage_avg 7, extra_damage_priced_avg 7, weapon_bonus 1, extra_damage_multiplier 1","https://5e.tools/items.html#bane%20double%20spear_exploringeberron24"
"Bartender's Armistice","The Griffon's Saddlebag: Book Two","Wondrous Item","Rare","No","10,086 gp","8,069 gp / 10,086 gp / 12,104 gp","Algorithm","ml-variance","A bartender's armistice is a magical coaster typically kept by wary tavernkeepers for cases of extreme danger. When found, a bartender's armistice comes in a set of 1d3 + 1 coasters. Each coaster is 4 inches across, and its weight is negligible. As an action, you can speak the coaster's command word and throw it at a point on the ground you can see within 30 feet of you. When you do, the coaster becomes fixed in place at the point and emits a magical field in a 30-foot-radius, 15-foot-high cylinder that's centered on it. Each creature within the area must make a 15 Charisma saving throw when the field appears or when it enters the area for the first time on a turn or starts its turn there. A creature can choose to fail this saving throw if it wishes. On a failed save, a creature is charmed by you while it remains within the field. A charmed creature is indifferent about creatures it can see that it's hostile toward. This indifference ends if the target is attacked or harmed by a spell, or if it witnesses any of its friends being harmed. If you or your companions harm a charmed creature or its friends, the charm ends. When the charm or field ends, the creature becomes hostile again, unless the GM rules otherwise. When a creature makes an attack or casts a harmful spell that either affects a target within the field or enters or leaves the field's area, that creature must first make a 15 Wisdom saving throw. On a failed save, the attack or spell fails and is expended, and the action is wasted. Each creature within the field has advantage on any Charisma (Persuasion) check it makes to deescalate a violent situation. In addition, if a creature in the area is unconscious when the field appears, it immediately stabilizes if it has 0 hit points. The coaster has AC 15 and 25 hit points. The field remains for 10 minutes or until the coaster drops to 0 hit points, at which point the coaster is destroyed and the field ends. If the field ends after the full duration, there is a 10 chance that the coaster remains magical and can be used again. Otherwise, the coaster becomes nonmagical.","is_wondrous 1, extra_damage_multiplier 1","https://5e.tools/items.html#bartender's%20armistice_griffonssaddlebag2"
"Bird of a Feather (Common)","The Griffon's Saddlebag: Book One","Wondrous Item","Common","No","475 gp","380 gp / 475 gp / 570 gp","Algorithm","ml-variance","This small, stuffed roc toy is filled with enchanted down. While holding the toy, you can take a Magic action to gain a Fly Speed of 20 feet for 1 minute or until your Concentration ends. The stuffed toy's weak magic can carry up to 200 pounds. If you take any damage while flying in this way, you lose Concentration on the effect and immediately start falling. When the effect ends, the toy becomes nonmagical.","is_wondrous 1, extra_damage_multiplier 1, flight_limited 1","https://5e.tools/items.html#bird%20of%20a%20feather%20(common)_24griffonssaddlebag1"
"Bireme","Call from the Deep","Ship/Vehicle (Water)","Mundane","No","5,000 gp","4,000 gp / 5,000 gp / 6,000 gp","Official","random","20 3","vehicle_hp 200, vehicle_crew 20, vehicle_ac 15, vehicle_cargo_capacity 10, vehicle_speed 2, extra_damage_multiplier 1","https://5e.tools/items.html#bireme_callfromthedeep"
"Black Dragon Mask","Hoard of the Dragon Queen","Wondrous Item","Legendary","Yes","73,055 gp","58,444 gp / 73,055 gp / 87,666 gp","Single source (DMPG)","random","This horned mask of glossy ebony has horns and a skull-like mien. The mask reshapes to fit a wearer attuned to it. While you are wearing the mask and attuned to it, you can access the following properties.

***Damage Absorption.*** You have resistance to acid damage. If you already have damage resistance to acid from another source, you gain immunity to acid damage. If you already have immunity to acid damage from another source, you regain hit points equal to half of any acid damage you are dealt.

***Draconic Majesty.*** While you are wearing no armor, you can add your Charisma bonus to your Armor Class.

***Dragon Breath.*** If you have a breath weapon that requires rest to recharge, it gains a recharge of 6.

***Dragon Sight.*** You gain darkvision with a radius of 60 feet, or an additional 60 feet of darkvision if you already have that sense. Once per day, you can gain blindsight out to a range of 30 feet for 5 minutes.

***Dragon Tongue.*** You can speak and understand Draconic. You also have advantage on any Charisma check you make against Black dragons.

***Legendary Resistance.*** (1/Day) If you fail a saving throw, you can choose to succeed instead.

***Water Breathing.*** You can breathe underwater.","darkvision_feet 60, grants_language 1, is_wondrous 1, extra_damage_multiplier 1, blindsight 1, legendary_resistance 1","https://5e.tools/items.html#black%20dragon%20mask_hotdq"
"Black Opal","Dungeon Master's Guide (2024)","$G","Mundane","No","1,000 gp","800 gp / 1,000 gp / 1,200 gp","Official","floor-tripwire","A dark green with black mottling and golden flecks gemstone.","extra_damage_multiplier 1","https://5e.tools/items.html#black%20opal_xdmg"
"Blackpowder Pistol","Grim Hollow: Player's Guide (2024)","Ranged Weapon","Mundane","No","200 gp","160 gp / 200 gp / 240 gp","Official","floor-tripwire","—","extra_damage_multiplier 1","https://5e.tools/items.html#blackpowder%20pistol_grimhollowpg24"
"Blackrazor","Dungeon Master's Guide (2024)","Melee Weapon","Artifact","Yes","610,000 gp","488,000 gp / 610,000 gp / 732,000 gp","Algorithm","family-min","Hidden in the dungeon of White Plume Mountain, Blackrazor shines like a piece of night sky filled with stars. Its black scabbard is decorated with pieces of cut obsidian.

You gain a +3 bonus to attack rolls and damage rolls made with this magic weapon. If you hit an Undead with this weapon, you take 1d10 Necrotic damage, and the target regains 1d10 Hit Points. If this Necrotic damage reduces you to 0 Hit Points, Blackrazor devours your soul (see ""Devour Soul"" below).

While you hold this weapon, you have Immunity to the Charmed and Frightened conditions, and you have Blindsight with a range of 30 feet.

***Devour Soul.*** Whenever you use Blackrazor to reduce a creature to 0 Hit Points, the sword slays the creature and devours its soul unless it is a Construct or an Undead. A creature whose soul has been devoured by Blackrazor can be restored to life only by a *Wish* spell.

When Blackrazor devours a soul that isn't yours, you gain Temporary Hit Points equal to the slain creature's Hit Point maximum.

***Haste.*** Blackrazor can cast *Haste* on you, after which it can't cast this spell again until the next dawn. Blackrazor decides when to cast the spell, which takes effect at the start of your turn. The spell lasts for 1 minute (no Concentration required) or until Blackrazor decides to end it, which it can do at the end of any of your turns.

***Sentience.*** Blackrazor is a sentient Chaotic Neutral weapon with an Intelligence of 17, a Wisdom of 10, and a Charisma of 19. It has hearing and Darkvision out to 120 feet.

The weapon speaks Common and can communicate with its wielder telepathically. Its voice is deep and echoing. While you are attuned to it, Blackrazor also understands every language you know.

***Personality.*** Blackrazor speaks with an imperious tone, as though accustomed to being obeyed.The sword's purpose is to consume souls. It doesn't care whose souls it eats, including the wielder's. The sword believes that all matter and energy sprang from a void of negative energy and will one day return to it. Blackrazor is meant to hurry that process along.

Despite its nihilism, Blackrazor feels a strange kinship to Wave and Whelm, two other weapons locked away under White Plume Mountain. It wants the three weapons to be reunited and wielded together in combat, even though it violently disagrees with Whelm and finds Wave tedious.

Blackrazor's hunger for souls must be regularly fed. If the sword goes 3 days or more without consuming a soul, a conflict between it and its wielder occurs at the next sunset.

***Destroying Blackrazor.*** Blackrazor can be destroyed by crushing it in the great gears of Mechanus. Primus, the creator of the modrons, also knows a series of musical tones that Blackrazor can't stand to hear, causing the sword to shatter.

***Heavy.*** You have Disadvantage on attack rolls with a Heavy weapon if it's a Melee weapon and your Strength score isn't at least 13 or if it's a Ranged weapon and your Dexterity score isn't at least 13.

***Two-Handed.*** A Two-Handed weapon requires two hands when you attack with it.

***Mastery: Graze.*** If your attack roll with this weapon misses a creature, you can deal damage to that creature equal to the ability modifier you used to make the attack roll. This damage is the same type dealt by the weapon, and the damage can be increased only by increasing the ability modifier.","darkvision_feet 120, weapon_bonus 3, is_sentient 1, extra_damage_multiplier 1, blindsight 1","https://5e.tools/items.html#blackrazor_xdmg"
"Blade of Avernus","Baldur's Gate: Descent Into Avernus","Melee Weapon","Artifact","Yes","865,000 gp","692,000 gp / 865,000 gp / 1,038,000 gp","Algorithm","family-min","You gain a +3 bonus to attack and damage rolls made with this magic weapon. In addition, the weapon ignores resistance to slashing damage.

When you attack a creature that has at least one head with this weapon and roll a 20 on the attack roll, you cut off one of the creature's heads. The creature dies if it can't survive without the lost head. A creature is immune to this effect if it is immune to slashing damage, doesn't have or need a head, has legendary actions, or the DM decides that the creature is too big for its head to be cut off with this weapon. Such a creature instead takes an extra 6d8 slashing damage from the hit.

***Random Properties.*** The sword has the following randomly determined properties, as described in chapter 7 of the Dungeon Master's Guide:

- 2 minor beneficial properties
- 1 major beneficial property
- 1 major detrimental property, which is suppressed while the sword is attuned to an archdevil

***Ruler of Avernus.*** As an action, you can point this sword at one devil you can see within 60 feet of you. That devil must succeed on a DC 22 Charisma saving throw or be charmed by you for 1 hour. While charmed in this way, the devil follows your orders to the best of its ability. If you command the devil to do something it perceives as suicidal, the effect ends and you can no longer use this power of the sword against that devil.

***Infernal Recall.*** As an action, you can use the sword to cast *word of recall*. Creatures transported by this spell appear in an unoccupied space within 30 feet of the current ruler of Avernus, or a sanctuary you designate if you rule Avernus.

***Destroying the Sword.*** The sword can be destroyed by casting it into the River Styx or melting it down in the forge that created it.

***Versatile.*** This weapon can be used with one or two hands. A damage value in parentheses appears with the property—the damage when the weapon is used with two hands to make a melee attack.","extra_damage_avg 27, extra_damage_priced_avg 27, save_dc 22, weapon_bonus 3, minor_beneficial 2, extra_damage_multiplier 1","https://5e.tools/items.html#blade%20of%20avernus_bgdia"
"Blade of Broken Mirrors (Awakened)","Explorer's Guide to Wildemount","Melee Weapon","Artifact","Yes","357,500 gp","286,000 gp / 357,500 gp / 429,000 gp","Algorithm","random","A weapon of Tharizdun, this dagger is a piece of jagged stone whose blade is scribed with a maze-like pattern with no beginning or end.

***Sentience.*** The Blade of Broken Mirrors is a sentient chaotic evil weapon with an Intelligence of 21, a Wisdom of 24, and a Charisma of 24. It has hearing and darkvision out to a range of 120 feet.

The weapon communicates telepathically with its wielder and can speak, read, and understand Abyssal and Common.

***Personality.*** An insane **glabrezu** named Ragazuu lives within the Blade of Broken Mirrors. The weapon yearns to cause chaos. It learns its wielder's principles, then uses those ideals to encourage reckless action. The dagger whispers ideas of revolution.

***Dormant.*** The dagger grants the following benefits in its dormant state:

- You can speak, read, and write Abyssal.
- You gain a +1 bonus to attack and damage rolls made with this magic weapon. Immediately after you make a ranged attack with this weapon, it returns to your hand.
- Whenever you kill a humanoid with an attack using the Blade of Broken Mirrors, the blade remembers the creature's appearance. While holding the dagger, you can use an action to change your form to match any humanoid the blade remembers. Your statistics, other than your size, don't change. Any equipment you are wearing or carrying isn't transformed. You can revert to your true appearance as an action. You revert to your true appearance automatically when you die. When the Blade of Broken Mirrors attunes to a new wielder, the appearances of humanoids it has killed are wiped from its memory.

> ##### Betrayer Artifact Properties
>
>The Arms of the Betrayers advance in power in the same manner as the Vestiges of Divergence. In its dormant state, each of these artifacts has one minor beneficial property and one minor detrimental property. When the artifact attains an awakened state, it gains an additional minor beneficial property and an additional minor detrimental property. When the item reaches its exalted state, it gains a major beneficial property. See ""Artifact Properties"" in chapter 7 of the Dungeon Master's Guide for more information.
>

***Awakened.*** When the dagger reaches an awakened state, it gains the following properties:

- The weapon's bonus to attack and damage rolls increases to +2.
- While holding the weapon, you can use an action to cast one of the following spells from it (save DC 15): *fabricate*, *hallucinatory terrain*, *major image*, or *phantasmal killer*. Once a spell has been cast using the dagger, that spell can't be cast from the dagger again until the next dawn.

***Finesse.*** When making an attack with a finesse weapon, you use your choice of your Strength or Dexterity modifier for the attack and damage rolls. You must use the same modifier for both rolls.

***Light.*** A light weapon is small and easy to handle, making it ideal for use when fighting with two weapons.

***Thrown.*** If a weapon has the thrown property, you can throw the weapon to make a ranged attack. If the weapon is a melee weapon, you use the same ability modifier for that attack roll and damage roll that you would use for a melee attack with the weapon. For example, if you throw a handaxe, you use your Strength, but if you throw a dagger, you can use either your Strength or your Dexterity, since the dagger has the finesse property.

***Vestige of Divergence.*** *This item is a Vestige of Divergence, see *Vestiges of Divergence* for more information.*","darkvision_feet 120, save_dc 15, weapon_bonus 2, grants_language 1, is_sentient 1, extra_damage_multiplier 1","https://5e.tools/items.html#blade%20of%20broken%20mirrors%20(awakened)_egw"
"Blade of Broken Mirrors (Exalted)","Explorer's Guide to Wildemount","Melee Weapon","Artifact","Yes","540,000 gp","432,000 gp / 540,000 gp / 648,000 gp","Algorithm","family-min","A weapon of Tharizdun, this dagger is a piece of jagged stone whose blade is scribed with a maze-like pattern with no beginning or end.

***Sentience.*** The Blade of Broken Mirrors is a sentient chaotic evil weapon with an Intelligence of 21, a Wisdom of 24, and a Charisma of 24. It has hearing and darkvision out to a range of 120 feet.

The weapon communicates telepathically with its wielder and can speak, read, and understand Abyssal and Common.

***Personality.*** An insane **glabrezu** named Ragazuu lives within the Blade of Broken Mirrors. The weapon yearns to cause chaos. It learns its wielder's principles, then uses those ideals to encourage reckless action. The dagger whispers ideas of revolution.

***Dormant.*** The dagger grants the following benefits in its dormant state:

- You can speak, read, and write Abyssal.
- You gain a +1 bonus to attack and damage rolls made with this magic weapon. Immediately after you make a ranged attack with this weapon, it returns to your hand.
- Whenever you kill a humanoid with an attack using the Blade of Broken Mirrors, the blade remembers the creature's appearance. While holding the dagger, you can use an action to change your form to match any humanoid the blade remembers. Your statistics, other than your size, don't change. Any equipment you are wearing or carrying isn't transformed. You can revert to your true appearance as an action. You revert to your true appearance automatically when you die. When the Blade of Broken Mirrors attunes to a new wielder, the appearances of humanoids it has killed are wiped from its memory.

> ##### Betrayer Artifact Properties
>
>The Arms of the Betrayers advance in power in the same manner as the Vestiges of Divergence. In its dormant state, each of these artifacts has one minor beneficial property and one minor detrimental property. When the artifact attains an awakened state, it gains an additional minor beneficial property and an additional minor detrimental property. When the item reaches its exalted state, it gains a major beneficial property. See ""Artifact Properties"" in chapter 7 of the Dungeon Master's Guide for more information.
>

***Awakened.*** When the dagger reaches an awakened state, it gains the following properties:

- The weapon's bonus to attack and damage rolls increases to +2.
- While holding the weapon, you can use an action to cast one of the following spells from it (save DC 15): *fabricate*, *hallucinatory terrain*, *major image*, or *phantasmal killer*. Once a spell has been cast using the dagger, that spell can't be cast from the dagger again until the next dawn.

***Exalted.*** When the dagger reaches an exalted state, it gains the following properties:

- The weapon's bonus to attack and damage rolls increases to +3.
- The saving throw DC for spells cast from the dagger increases to 17.
- While holding the dagger, you can turn invisible as an action. Anything you are wearing or carrying is invisible with you. You remain invisible until you stop holding the dagger, until you attack or cast a spell that forces a creature to make a saving throw, or until you use a bonus action to become visible again.

***Finesse.*** When making an attack with a finesse weapon, you use your choice of your Strength or Dexterity modifier for the attack and damage rolls. You must use the same modifier for both rolls.

***Light.*** A light weapon is small and easy to handle, making it ideal for use when fighting with two weapons.

***Thrown.*** If a weapon has the thrown property, you can throw the weapon to make a ranged attack. If the weapon is a melee weapon, you use the same ability modifier for that attack roll and damage roll that you would use for a melee attack with the weapon. For example, if you throw a handaxe, you use your Strength, but if you throw a dagger, you can use either your Strength or your Dexterity, since the dagger has the finesse property.

***Vestige of Divergence.*** *This item is a Vestige of Divergence, see *Vestiges of Divergence* for more information.*","darkvision_feet 120, save_dc 15, weapon_bonus 3, grants_language 1, is_sentient 1, extra_damage_multiplier 1","https://5e.tools/items.html#blade%20of%20broken%20mirrors%20(exalted)_egw"
"Blight Ichor","Explorer's Guide to Wildemount","Adventuring Gear","Mundane","No","200 gp","160 gp / 200 gp / 240 gp","Official","floor-tripwire","This bitter chartreuse concoction is distilled from a fungus native to the Blightshore badlands. The sickly green liqueur harbors potent psychedelic properties. Provided it is neither a construct nor undead, a creature subjected to a dose of blight ichor gains advantage on Intelligence and Wisdom checks, as well as vulnerability to psychic damage, for 1 hour. For each dose of blight ichor consumed, the creature must succeed on a DC 15 Constitution saving throw or become poisoned for 1d6 hours and suffer the effects of a *confusion* spell for 1 minute. An undead creature subjected to a dose of blight ichor gains advantage on all Dexterity checks and is immune to the frightened condition for 1 hour.","save_dc 15, extra_damage_multiplier 1","https://5e.tools/items.html#blight%20ichor_egw"
"Blod Stone","Storm King's Thunder","Wondrous Item","Rare","Yes","4,998 gp","3,998 gp / 4,998 gp / 5,998 gp","Single source (DMPG)","random","This diamond contains the blood of a creature—blood that appears in the form of the blod (blood) rune. While the item is on your person, you can use your action to divine the location of the creature nearest to you that is related to the blood in the item and that isn't undead. You sense the distance and direction of the creature relative to your location. The creature is either the one whose blood is in the item or a blood relative.

This item is made from a large diamond worth at least 5,000 gp. When the blood of a creature is poured onto it during the creation process, the blood seeps into the heart of the gem. If the gem is destroyed, the blood evaporates and is gone forever. A vengeful being might use a blod stone to hunt down an entire bloodline. Such stones are sometimes given as gifts to siblings or handed down from parent to child.","is_wondrous 1, extra_damage_multiplier 1","https://5e.tools/items.html#blod%20stone_skt"
"Bloodseeker Arrow","The Book of Many Things","Ammunition","Very Rare","No","773 gp","618 gp / 773 gp / 927 gp","Algorithm","random","Ranged attack rolls made with this ammunition have advantage against any creature that doesn't have all its hit points.

Arrows are used with a weapon that has the ammunition property to make a ranged attack. Each time you attack with the weapon, you expend one piece of ammunition. Drawing the ammunition from a quiver, case, or other container is part of the attack (you need a free hand to load a one-handed weapon). At the end of the battle, you can recover half your expended ammunition by taking a minute to search the battlefield.

Arrows are typically stored in a *Quiver* (bought separately).","is_ammunition 1, extra_damage_multiplier 1","https://5e.tools/items.html#bloodseeker%20arrow_bmt"
"Bloodshed Longsword","Bigby Presents: Glory of the Giants","Melee Weapon","Very Rare","Yes","1,000 gp","800 gp / 1,000 gp / 1,200 gp","Algorithm","floor-tripwire","The hilt of this sword bears a carnelian engraved with the blood rune.

You can add your Constitution modifier (minimum of +1) to the damage rolls of attacks made with this weapon.

***Invoking the Rune.*** When you target a creature with an attack using this weapon, you can invoke the sword's rune, causing it to flare with crimson light and infusing your attack with bloodthirsty precision. You then spend and roll one of your unspent Hit Dice and add the number rolled to the attack roll. You can choose to invoke the rune after rolling the d20.

If this attack hits, you can also spend and roll any number of your unspent Hit Dice and add the total rolled to the weapon's damage.

Once the rune has been invoked, it can't be invoked again until the next dawn.

***Versatile.*** A Versatile weapon can be used with one or two hands. A damage value in parentheses appears with the property. The weapon deals that damage when used with two hands to make a melee attack.

***Mastery: Sap.*** If you hit a creature with this weapon, that creature has Disadvantage on its next attack roll before the start of your next turn.","weapon_damage_bonus 1, extra_damage_multiplier 1","https://5e.tools/items.html#bloodshed%20longsword_bgg"
"Bloodshed Rapier","Bigby Presents: Glory of the Giants","Melee Weapon","Very Rare","Yes","1,000 gp","800 gp / 1,000 gp / 1,200 gp","Algorithm","floor-tripwire","The hilt of this sword bears a carnelian engraved with the blood rune.

You can add your Constitution modifier (minimum of +1) to the damage rolls of attacks made with this weapon.

***Invoking the Rune.*** When you target a creature with an attack using this weapon, you can invoke the sword's rune, causing it to flare with crimson light and infusing your attack with bloodthirsty precision. You then spend and roll one of your unspent Hit Dice and add the number rolled to the attack roll. You can choose to invoke the rune after rolling the d20.

If this attack hits, you can also spend and roll any number of your unspent Hit Dice and add the total rolled to the weapon's damage.

Once the rune has been invoked, it can't be invoked again until the next dawn.

***Finesse.*** When making an attack with a Finesse weapon, use your choice of your Strength or Dexterity modifier for the attack and damage rolls. You must use the same modifier for both rolls.

***Mastery: Vex.*** If you hit a creature with this weapon and deal damage to the creature, you have Advantage on your next attack roll against that creature before the end of your next turn.","weapon_damage_bonus 1, extra_damage_multiplier 1","https://5e.tools/items.html#bloodshed%20rapier_bgg"
"Bloodshed Scimitar","Bigby Presents: Glory of the Giants","Melee Weapon","Very Rare","Yes","1,000 gp","800 gp / 1,000 gp / 1,200 gp","Algorithm","floor-tripwire","The hilt of this sword bears a carnelian engraved with the blood rune.

You can add your Constitution modifier (minimum of +1) to the damage rolls of attacks made with this weapon.

***Invoking the Rune.*** When you target a creature with an attack using this weapon, you can invoke the sword's rune, causing it to flare with crimson light and infusing your attack with bloodthirsty precision. You then spend and roll one of your unspent Hit Dice and add the number rolled to the attack roll. You can choose to invoke the rune after rolling the d20.

If this attack hits, you can also spend and roll any number of your unspent Hit Dice and add the total rolled to the weapon's damage.

Once the rune has been invoked, it can't be invoked again until the next dawn.

***Finesse.*** When making an attack with a Finesse weapon, use your choice of your Strength or Dexterity modifier for the attack and damage rolls. You must use the same modifier for both rolls.

***Light.*** When you take the Attack action on your turn and attack with a Light weapon, you can make one extra attack as a Bonus Action later on the same turn. That extra attack must be made with a different Light weapon, and you don't add your ability modifier to the extra attack's damage unless that modifier is negative. For example, you can attack with a *Shortsword* in one hand and a *Dagger* in the other using the Attack action and a Bonus Action, but you don't add your Strength or Dexterity modifier to the damage roll of the Bonus Action unless that modifier is negative.

***Mastery: Nick.*** When you make the extra attack of the Light property, you can make it as part of the Attack action instead of as a Bonus Action. You can make this extra attack only once per turn.","weapon_damage_bonus 1, extra_damage_multiplier 1","https://5e.tools/items.html#bloodshed%20scimitar_bgg"
"Bloodshed Shortsword","Bigby Presents: Glory of the Giants","Melee Weapon","Very Rare","Yes","1,000 gp","800 gp / 1,000 gp / 1,200 gp","Algorithm","floor-tripwire","The hilt of this sword bears a carnelian engraved with the blood rune.

You can add your Constitution modifier (minimum of +1) to the damage rolls of attacks made with this weapon.

***Invoking the Rune.*** When you target a creature with an attack using this weapon, you can invoke the sword's rune, causing it to flare with crimson light and infusing your attack with bloodthirsty precision. You then spend and roll one of your unspent Hit Dice and add the number rolled to the attack roll. You can choose to invoke the rune after rolling the d20.

If this attack hits, you can also spend and roll any number of your unspent Hit Dice and add the total rolled to the weapon's damage.

Once the rune has been invoked, it can't be invoked again until the next dawn.

***Finesse.*** When making an attack with a Finesse weapon, use your choice of your Strength or Dexterity modifier for the attack and damage rolls. You must use the same modifier for both rolls.

***Light.*** When you take the Attack action on your turn and attack with a Light weapon, you can make one extra attack as a Bonus Action later on the same turn. That extra attack must be made with a different Light weapon, and you don't add your ability modifier to the extra attack's damage unless that modifier is negative. For example, you can attack with a *Shortsword* in one hand and a *Dagger* in the other using the Attack action and a Bonus Action, but you don't add your Strength or Dexterity modifier to the damage roll of the Bonus Action unless that modifier is negative.

***Mastery: Vex.*** If you hit a creature with this weapon and deal damage to the creature, you have Advantage on your next attack roll against that creature before the end of your next turn.","weapon_damage_bonus 1, extra_damage_multiplier 1","https://5e.tools/items.html#bloodshed%20shortsword_bgg"
"Bloodstone","Dungeon Master's Guide (2024)","$G","Mundane","No","50 gp","40 gp / 50 gp / 60 gp","Official","floor-tripwire","A dark gray with red flecks gemstone.","extra_damage_multiplier 1","https://5e.tools/items.html#bloodstone_xdmg"
"Blue Sapphire","Dungeon Master's Guide (2024)","$G","Mundane","No","1,000 gp","800 gp / 1,000 gp / 1,200 gp","Official","floor-tripwire","A medium blue gemstone.","extra_damage_multiplier 1","https://5e.tools/items.html#blue%20sapphire_xdmg"
"Bolt, Armor-Piercing","Grim Hollow: Player's Guide (2024)","Ammunition","Mundane","No","20 gp","16 gp / 20 gp / 24 gp","Official","random","This ammunition works like an AP Melee weapon, but you fire the ammunition as a projectile from a Ranged weapon.","is_ammunition 1, extra_damage_multiplier 1","https://5e.tools/items.html#bolt,%20armor-piercing_grimhollowpg24"
"Book of Secrets","Where Evil Lives: The MCDM Book of Boss Battles","Adventuring Gear","Mundane","No","101 gp","80 gp / 101 gp / 121 gp","Algorithm","ml-variance","This book contains Xorannox's collection of dirty secrets about other people: intrigues between nobles, unfaithful leaders, infernal contracts between devils and clergy of good-aligned temples, and similar misdeeds. If you study the book for 1 uninterrupted hour, you find a piece of secret information about an important public figure of your choice. You only find information if the GM determines that person has a hidden secret. If you reveal you know the secret to the figure, you gain a +5 bonus on Charisma checks to influence them for 24 hours. After the book reveals ten secrets in this way, it holds no more secrets of use.","extra_damage_multiplier 1","https://5e.tools/items.html#book%20of%20secrets_whereevillives"
"Burglar's Pack","Player's Handbook (2024)","Adventuring Gear","Mundane","No","16 gp","12 gp / 16 gp / 19 gp","Official","random","A Burglar's Pack contains the following items: *Backpack*, *Ball Bearings*, *Bell*, 10 *Candles*, *Crowbar*, *Hooded Lantern*, 7 flasks of *Oil*, 5 days of *Rations*, *Rope*, *Tinderbox*, and *Waterskin*.","extra_damage_multiplier 1","https://5e.tools/items.html#burglar's%20pack_xphb"
"Byeshk Flail","Exploring Eberron (2024)","Melee Weapon","Common","No","410 gp","328 gp / 410 gp / 492 gp","Algorithm","random","Whenever you hit an Aberration with this weapon, the Aberration takes an extra 1d6 damage of the weapon's type, and it can't regain Hit Points until the start of your next turn.

***Mastery: Sap.*** If you hit a creature with this weapon, that creature has Disadvantage on its next attack roll before the start of your next turn.","extra_damage_avg 3.5, extra_damage_priced_avg 3.5, extra_damage_multiplier 1","https://5e.tools/items.html#byeshk%20flail_exploringeberron24"
"Camel","Player's Handbook (2024)","Mount or Vehicle (Land)","Mundane","No","50 gp","40 gp / 50 gp / 60 gp","Official","floor-tripwire","—","extra_damage_multiplier 1","https://5e.tools/items.html#camel_xphb"
"Candle","Player's Handbook (2024)","Adventuring Gear","Mundane","No","1 cp","1 cp / 1 cp / 1 cp","Official","random","For 1 hour, a lit Candle sheds Bright Light in a 5-foot radius and Dim Light for an additional 5 feet.","extra_damage_multiplier 1","https://5e.tools/items.html#candle_xphb"
"Cannith's Marvelous Miniatures","Exploring Eberron (2024)","Wondrous Item","Uncommon","No","2,648 gp","2,119 gp / 2,648 gp / 3,178 gp","Algorithm","reskin","*Requires the Mark of Making*

This object looks like a feather.

You can take a Magic action to toss the token 5 feet into the air. The token disappears and an enormous, multicolored bird takes its place. The bird has the statistics of a **Roc**, but it can't attack. It obeys your simple commands and can carry up to 500 pounds while flying at its maximum speed (16 miles per hour for a maximum of 144 miles per day, with a 1-hour rest for every 3 hours of flying) or 1,000 pounds at half that speed. The bird disappears after flying its maximum distance for a day or if it drops to 0 Hit Points. You can dismiss the bird as a Magic action.
*Duplicated from *Quaal's Feather Token, Bird**","is_wondrous 1, extra_damage_multiplier 1","https://5e.tools/items.html#cannith's%20marvelous%20miniatures_exploringeberron24"
"Canoe","Tomb of Annihilation","Ship/Vehicle (Water)","Mundane","No","50 gp","40 gp / 50 gp / 60 gp","Official","floor-tripwire","A canoe can be purchased in Port Nyanzaru for 50 gp. It holds up to six Medium creatures and has a maximum speed of 2 mph. It is otherwise identical to a *rowboat*.

***Crew.*** A ship needs a crew of skilled hirelings to function. As per the Player's Handbook, one skilled hireling costs at least 2 gp per day. The minimum number of skilled hirelings needed to crew a ship depends on the type of vessel.

You can track the loyalty of individual crew members or the crew as a whole using the optional loyalty rules in chapter 4 of the Dungeon Master's Guide. If at least half the crew becomes disloyal during a voyage, the crew turns hostile and stages a mutiny. If the ship is berthed, disloyal crew members leave the ship and never return.

***Passengers.*** This indicates the number of Small and Medium passengers the ship can accommodate.

Accommodations consist of shared hammocks in tight quarters. A ship outfitted with private accommodations can carry one-fifth as many passengers.

A passenger is usually expected to pay 5 sp per day for a hammock, but prices can vary from ship to ship. A small private cabin usually costs 2 gp per day.

***Cargo.*** The maximum tonnage the ship can carry.

***Damage Threshold.*** If a ship has a Damage Threshold, it has immunity to all damage unless it takes an amount of damage equal to or greater than its damage threshold, in which case it takes damage as normal. Any damage that fails to meet or exceed the damage threshold is considered superficial and doesn't reduce the ship's hit points.

***Ship Repair.*** Repairs to a damaged ship can be made while the vessel is berthed. Repairing 1 hit point of damage requires 1 day and costs 20 gp for materials and labor.","vehicle_hp 50, vehicle_ac 11, vehicle_speed 2, vehicle_crew 1, extra_damage_multiplier 1","https://5e.tools/items.html#canoe_toa"
"Cap of Water Breathing","Dungeon Master's Guide (2024)","Wondrous Item","Uncommon","No","583 gp","466 gp / 583 gp / 700 gp","Amalgamated (MSRP,DMPG)","random","While wearing this cap underwater, you can take a Magic action to create a bubble of air around your head. This bubble allows you to breathe normally underwater. This bubble stays with you until the cap is removed or you are no longer underwater.","is_wondrous 1, extra_damage_multiplier 1","https://5e.tools/items.html#cap%20of%20water%20breathing_xdmg"
"Carnelian","Dungeon Master's Guide (2024)","$G","Mundane","No","50 gp","40 gp / 50 gp / 60 gp","Official","floor-tripwire","A orange to red brown gemstone.","extra_damage_multiplier 1","https://5e.tools/items.html#carnelian_xdmg"
"Carrion Crawler Mucus","Dungeon Master's Guide (2024)","Adventuring Gear","Mundane","No","200 gp","160 gp / 200 gp / 240 gp","Official","floor-tripwire","A creature subjected to Carrion Crawler Mucus must succeed on a DC 13 Constitution saving throw or have the Poisoned condition for 1 minute. The creature also has the Paralyzed condition while Poisoned in this way. The creature repeats the save at the end of each of its turns, ending the effect on itself on a success.","save_dc 13, is_poison 1, extra_damage_multiplier 1","https://5e.tools/items.html#carrion%20crawler%20mucus_xdmg"
"Chain Shirt","Player's Handbook (2024)","Medium Armor","Mundane","No","50 gp","40 gp / 50 gp / 60 gp","Official","floor-tripwire","—","armor_ac 13, extra_damage_multiplier 1","https://5e.tools/items.html#chain%20shirt_xphb"
"Chain Shirt Barding","Player's Handbook","Tack & Harness","Mundane","No","200 gp","160 gp / 200 gp / 240 gp","Official","floor-tripwire","Barding is armor designed to protect an animal's head, neck, chest, and body. Any type of armor shown on the Armor table in this chapter can be purchased as barding. The cost is four times the equivalent armor made for humanoids, and it weighs twice as much.","armor_ac 13, extra_damage_multiplier 1","https://5e.tools/items.html#chain%20shirt%20barding_phb"
"Chalcedony","Dungeon Master's Guide (2024)","$G","Mundane","No","50 gp","40 gp / 50 gp / 60 gp","Official","floor-tripwire","A white gemstone.","extra_damage_multiplier 1","https://5e.tools/items.html#chalcedony_xdmg"
"Champion's Musket","Monsters of Drakkenheim","Ranged Weapon","Uncommon","No","1,000 gp","800 gp / 1,000 gp / 1,200 gp","Algorithm","floor-tripwire","*The *base item* can be found in The Gunslinger Class: Valda’s Spire of Secrets.*

Attack rolls made using this magic weapon can score a Critical Hit on a roll of 19 or 20 on the d20.

***Crafting.*** Creating a Champion's Weapon requires an Uncommon Workshop and the following Uncommon Components:

- **[Animus]** Any
- **[Bones]** Bones
- **[Fluid]** Sap
- **[Hide]** Plates

***Range.*** A Range weapon has a range in parentheses after the Ammunition or Thrown property. The range lists two numbers. The first is the weapon's normal range in feet, and the second is the weapon's long range. When attacking a target beyond normal range, you have Disadvantage on the attack roll. You can't attack a target beyond the long range.

***Ammunition.*** You can use a weapon that has the Ammunition property to make a ranged attack only if you have ammunition to fire from it. The type of ammunition required is specified with the weapon's range. Each attack expends one piece of ammunition. Drawing the ammunition is part of the attack (you need a free hand to load a one-handed weapon). After a fight, you can spend 1 minute to recover half the ammunition (round down) you used in the fight; the rest is lost.

***Loading.*** You can fire only one piece of ammunition from a Loading weapon when you use an action, a Bonus Action, or a Reaction to fire it, regardless of the number of attacks you can normally make.

***Two-Handed.*** A Two-Handed weapon requires two hands when you attack with it.

***Mastery: Slow.*** If you hit a creature with this weapon and deal damage to it, you can reduce its Speed by 10 feet until the start of your next turn. If the creature is hit more than once by weapons that have this property, the Speed reduction doesn't exceed 10 feet.","is_firearm 1, extra_damage_multiplier 1","https://5e.tools/items.html#champion's%20musket_monstersofdrakkenheim"
"Chrysoprase","Dungeon Master's Guide (2024)","$G","Mundane","No","50 gp","40 gp / 50 gp / 60 gp","Official","floor-tripwire","A green gemstone.","extra_damage_multiplier 1","https://5e.tools/items.html#chrysoprase_xdmg"
"Circlet of Valor","Monsters of Drakkenheim","Wondrous Item","Rare","Yes","3,175 gp","2,540 gp / 3,175 gp / 3,810 gp","Algorithm","random","This steel circlet is forged from a construct and set with a gemstone animus containing a fiend. After being cleansed in the fires of a dragon's breath, this holy circlet glimmers with radiant energy.

When you cast a spell of level 1 or higher that restores Hit Points to a creature, that creature gains Valor (1d4) until the end of its next turn.

***Crafting.*** Creating a Circlet of Valor requires a Rare Workshop and the following Rare Components:

- **[Animus]** Animus from a Fiend
- **[Dust]** Any Dust
- **[Hide]** Plates from a Construct
- **[Organ]** Glands from a Dragon","is_wondrous 1, extra_damage_multiplier 1","https://5e.tools/items.html#circlet%20of%20valor_monstersofdrakkenheim"
"Circlet of Wisdom","Tal'Dorei Campaign Setting Reborn","Wondrous Item","Unknown Magic","No","289 gp","231 gp / 289 gp / 346 gp","Algorithm","random","Worn by {@creature Keyleth, Voice of the Tempest, increases her Wisdom score by +2.}","is_wondrous 1, extra_damage_multiplier 1","https://5e.tools/items.html#circlet%20of%20wisdom_taldoreicampaignsettingreborn"
"Citrine","Dungeon Master's Guide (2024)","$G","Mundane","No","50 gp","40 gp / 50 gp / 60 gp","Official","floor-tripwire","A pale yellow brown gemstone.","extra_damage_multiplier 1","https://5e.tools/items.html#citrine_xdmg"
"Cleaning Cube","The Griffon's Saddlebag: Book Two","Wondrous Item","Common","No","526 gp","421 gp / 526 gp / 631 gp","Algorithm","ml-variance","This Tiny, sentient piece of an enchanted gelatinous cube is harmlessly soapy, instead of acidic, and enjoys cleaning the surfaces it travels across. When found, the cleaning cube is a dehydrated, 2-inch cube. While dehydrated, the cube is inanimate and its weight is negligible. You can place the dehydrated cube in 1 or more gallons of water as an action, causing it to animate and grow in size to become a 1-foot cube that weighs 6 pounds. The rehydrated cube moves slowly while animated in this way, methodically cleaning objects and surfaces it comes into contact with. The cube remains hydrated for up to 8 hours, but can be squeezed as an action (as if it were a sponge) to dehydrate it again early. The cleaning cube is considered a magical object and is not a creature. It has a speed of 1 foot and can climb difficult surfaces, including upside down on ceilings, without needing to make an ability check. It has AC 10, 10 hit points, and resistance to all damage. The cube dehydrates when it drops to 0 hit points, but regains all its hit points when hydrated again. The cleaning cube is a sentient unaligned item with an Intelligence of 1, a Wisdom of 6, and a Charisma of 1. It has hearing and blindsight out to a range of 60 feet. It can't speak or read, but obeys your commands as best as it can understand them. The cleaning cube is happiest finding and dissolving dirt and other grime, and enjoys the feeling of moving across clean, polished surfaces. It doesn't concern itself with combat, preferring to continue its cleaning instead of involving itself in confrontation. If the cube finds a stray coin, gemstone, or other similar small item out of place while it cleans, it will absorb and clean the item until it's removed by a creature as an action or until it becomes dehydrated once again.","is_sentient 1, is_wondrous 1, extra_damage_multiplier 1, blindsight 1","https://5e.tools/items.html#cleaning%20cube_griffonssaddlebag2"
"Cloak of Many Fashions","Dungeon Master's Guide (2024)","Wondrous Item","Common","No","105 gp","84 gp / 105 gp / 126 gp","Amalgamated (MSRP,DMPG)","random","While wearing this cloak, you can take a Bonus Action to change the style, color, and apparent quality of the garment. The cloak's weight doesn't change. Regardless of its appearance, the cloak can't be anything but a cloak. Although it can duplicate the appearance of other magic cloaks, it doesn't gain their magical properties.","is_wondrous 1, extra_damage_multiplier 1","https://5e.tools/items.html#cloak%20of%20many%20fashions_xdmg"
"Cloak of Passage","Exploring Eberron (2024)","Wondrous Item","Uncommon","No","4,441 gp","3,553 gp / 4,441 gp / 5,329 gp","Algorithm","reskin","*Requires the Mark of Passage*

This cape smells faintly of brimstone. While wearing it, you can use it to cast *Dimension Door* as a Magic action. This property can't be used again until the next dawn.

When you teleport with that spell, you leave behind a cloud of smoke. The space you left is Lightly Obscured by that smoke until the end of your next turn.
*Duplicated from *Cape of the Mountebank**","is_wondrous 1, extra_damage_multiplier 1, teleportation 1","https://5e.tools/items.html#cloak%20of%20passage_exploringeberron24"
"Cloak of Shadows","Exploring Eberron (2024)","Wondrous Item","Common","Yes","4,072 gp","3,257 gp / 4,072 gp / 4,886 gp","Algorithm","reskin","While you wear this cloak, Wisdom (Perception) checks made to perceive you have Disadvantage, and you have Advantage on Dexterity (Stealth) checks.
*Duplicated from *Cloak of Elvenkind**","is_wondrous 1, extra_damage_multiplier 1, stealth_advantage 1","https://5e.tools/items.html#cloak%20of%20shadows_exploringeberron24"
"Coin of Decisionry","Acquisitions Incorporated","Wondrous Item","Varies","No","750 gp","600 gp / 750 gp / 900 gp","Algorithm","random","Starting at rank 2, your coin of decisionry becomes a common magic item. When you flip the coin, it always lands with the Acquisitions Incorporated sigil face down, and a message appears on the ""tails"" face. Roll a d4 on the following table to determine the message.

|  d4 | Decision      |
|: :| |
|  1  | Lucrative     |
|  2  | Brand Appeal  |
|  3  | Indeterminate |
|  4  | Ruinous       |

The coin has absolutely no divination abilities, and its results when you use it are random. But nobody else knows that. When a creature within 10 feet of you flips the coin (after having had its powerful prognostication powers dutifully explained), you can exert your will to control its operation as a bonus action, choosing the result that appears after it lands as a means of gently coercing the user toward a specific course of action. The creature flipping the coin can detect your manipulation with a successful DC 13 Wisdom (Insight) check.

***Better Odds.*** When you reach rank 3, your coin of decisionry gains a measure of actual divination power and becomes an uncommon magic item. In addition to its normal function, you can use an action to flip the coin of decisionry twice while pondering a specific plan or objective, noting both random results. If you succeed on a DC 15 Intelligence (Arcana) check, you learn which of the two results is more applicable to the course of action. This property of the coin can't be used again until the next dawn.","save_dc 15, is_wondrous 1, extra_damage_multiplier 1","https://5e.tools/items.html#coin%20of%20decisionry_ai"
"Command Amulet","Monster Manual (2024)","Other","Unknown Magic","No","289 gp","231 gp / 289 gp / 346 gp","Algorithm","random","Each **Shield Guardian** is magically bound to an amulet. While the guardian and its amulet are on the same plane of existence, the amulet's wearer can telepathically call the guardian to travel to it, and the guardian knows the distance and direction to the amulet. If the guardian is within 60 feet of the amulet's wearer, half of any damage the wearer takes (round up) is transferred to the guardian.

A shield guardian's command amulet might be passed down through a magic-using society or family for generations.","extra_damage_multiplier 1","https://5e.tools/items.html#command%20amulet_xmm"
"Common Glamerweave","Eberron: Rising from the Last War","Wondrous Item","Common","No","97 gp","77 gp / 97 gp / 116 gp","Single source (DMPG)","random","Glamerweave is clothing imbued with harmless illusory magic. While wearing the common version of these clothes, you can use a bonus action to create a moving illusory pattern within the cloth.","is_wondrous 1, extra_damage_multiplier 1","https://5e.tools/items.html#common%20glamerweave_erlw"
"Concealed Blade","Grim Hollow: Player's Guide (2024)","AdvEq","Mundane","No","50 gp","40 gp / 50 gp / 60 gp","Official","floor-tripwire","A Concealed Blade is a Dagger built into a mechanism hidden within a bracer or gauntlet. When you roll Initiative, you can make a Dexterity (Deception) check opposed by others' Wisdom (Perception) checks. You have Advantage on the first attack made in the first round of combat against any enemy who failed their check.","extra_damage_multiplier 1","https://5e.tools/items.html#concealed%20blade_grimhollowpg24"
"Cottage Chest","The Griffon's Saddlebag: Book Two","Wondrous Item","Rare","No","45,000 gp","36,000 gp / 45,000 gp / 54,000 gp","Algorithm","battery-parity","This 1-foot-long chest looks like a replica of a woodland cottage and is magically locked. You can use an action to place this chest on the ground and speak its command word. The chest immediately unlocks and grows into a cottage that remains until you use an action to speak the command word that dismisses it, which works only if the cottage is empty. When dismissed, the cottage returns to its normal chest form. If there isn't enough space for the cottage or there are creatures in its area when you speak the command word, the chest remains locked and the action is wasted. The cottage is a wooden, two-story building that's 40 feet wide and 65 feet long. Inside is a kitchen, a dining room, and a large parlor with an ever-burning fire in its hearth. A curling stairway leads to the second floor, which has 4 bedrooms equipped with furniture you'd find in a modest to respectable inn. The first floor has six windows, and each bedroom on the second floor has one. When activated, the cottage has a small door on the side facing you. The door opens only at your command, which you can speak as a bonus action. It is immune to the knock spell and similar magic, such as that of a chime of opening. The cottage's kitchen is filled with magical utensils that automatically stir, measure, and heat all manner of cuisine. Any check made using cook's utensils within the cottage has advantage on the roll. When left to its own devices, the cottage magically produces an array of baked goods for up to 8 creatures when the cottage appears for the first time each day and again each day at dawn until it is dismissed. Eating the food within the cottage provides enough nourishment to sustain a creature for one day. If any baked goods are left uneaten, they vanish at dawn as the new goods appear. Any baked good, furniture, or similar object vanishes when taken outside the cottage and immediately reappears inside. Further, fey and fiends can't enter the cottage unless you choose to let them, and creatures can't move or travel into it using teleportation or by extradimensional or interplanar means. The cottage is made of wood and plaster, and its magic prevents it from being tipped over or moved. The roof, the door, and the walls (including the windows) each have 60 hit points, immunity to damage from nonmagical weapons excluding siege weapons, and resistance to all other damage. Only a wish spell can repair the cottage (this use of the spell counts as replicating a spell of 8th level or lower). Each casting of wish causes the roof, the door, or one wall to regain all its hit points.","spell_battery_max_level 8, is_wondrous 1, extra_damage_multiplier 1","https://5e.tools/items.html#cottage%20chest_griffonssaddlebag2"
"Couatl Herald's Mantle","The Griffon's Saddlebag: Book One","Wondrous Item","Uncommon","Yes","3,540 gp","2,832 gp / 3,540 gp / 4,248 gp","Algorithm","ml-variance","This magic cloak is given to those deemed kindhearted and responsible by a Celestial. While wearing the mantle, you have Advantage on saving throws to avoid or end the Poisoned condition and the effects of magical contagions. In addition, you are immune to any effect that would sense your emotions. While you're attuned to 3 items with this property, you gain a Fly Speed of 30 feet. If you already have a Fly Speed, it increases by 30 feet instead.","is_wondrous 1, extra_damage_multiplier 1, flight_full 1, save_advantage_category 1","https://5e.tools/items.html#couatl%20herald's%20mantle_24griffonssaddlebag1"
"Crog's Guide to Disarming Magic Traps","Where Evil Lives: The MCDM Book of Boss Battles","Adventuring Gear","Unknown","No","1.0 gp","80 cp / 1.0 gp / 1.2 gp","Algorithm","random","This book describes various mundane techniques and theories related to foiling magic traps. If you spend 48 hours studying this book, you learn how to overcome certain types of magic traps with your thieves' tools. If a trap's magic can be dispelled or suppressed by a dispel magic spell, you can make a Dexterity check using thieves' tools to achieve the same result. The DC of the Dexterity check is equal to 5 + the DC required to dispel or suppress the trap with dispel magic (minimum DC 18). On a failed check, the trap triggers.","save_dc 18, extra_damage_multiplier 1","https://5e.tools/items.html#crog's%20guide%20to%20disarming%20magic%20traps_whereevillives"
"Crown of Horns","Forgotten Realms: Adventures in Faerûn","Wondrous Item","Artifact","Yes","380,000 gp","304,000 gp / 380,000 gp / 456,000 gp","Algorithm","random","The Crown of Horns contains the essence and intelligence of Myrkul, one of the Dead Three. This ghastly crown is a pale silver circlet with four curved bones set around its rim. On the crown's brow is set a black diamond whose depths swirl with weird, malignant energy.

Myrkul created the Crown of Horns at the height of his power. When Myrkul was slain by Mystra, he imbued the crown with his dying essence. Myrkul has since returned to become one of the Dead Three, and the Crown of Horns continues to further his gruesome will by seeking out mortal agents and gradually transforming them into powerful Undead scions. Should a wearer prove unworthy of this honor, the crown teleports away to find a new mortal to corrupt for its master.

***Cursed.*** The crown is cursed. Attuning to the crown extends the curse to you. Only a *Wish* spell or the will of Myrkul can remove this curse. As long as you remain cursed, the following properties apply to you:

- **Bound.** You are unwilling to part with the crown, wearing it at all times, and you can't voluntarily end your Attunement to the crown.
- **Cruel.** Your alignment becomes Neutral Evil.
- **Doomed.** You slowly transform into a monstrous servant of Myrkul over the course of 365 days. During that time, the transformation is purely cosmetic; these cosmetic changes slowly fade if you end Attunement to the crown before completing the transformation. When the transformation is complete, you become a **Lich** under the DM's control. Each time you use this Artifact's Cone of Undeath or Myrkul's Hand benefit, there is a 10 percent cumulative chance that you instantly complete this transformation.

***Cone of Undeath.*** You can take a Magic action to unleash a wave of unholy light in a 60-foot Cone. Each creature in the Cone makes a DC 18 Constitution saving throw, taking (4d8) Necrotic damage on a failed save or half as much damage on a successful one. A Humanoid killed by Cone of Undeath rises at the start of your next turn as a **Specter** that follows your verbal orders.

***Damage Immunity.*** You have Immunity to Necrotic damage.

***Fear Aura.*** While wearing the crown, you emit an aura of terrifying energy in a 60-foot Emanation. A creature that enters this area for the first time on a turn or starts its turn there must succeed on a DC 16 Wisdom saving throw or have the Frightened condition. A Frightened target must use its movement on its turns to get as far away as possible from you, moving by the safest route.

If you damage a Frightened target or if a Frightened target ends its turn more than 120 feet away from you, the target can repeat the Wisdom save, ending the condition on itself on a success. A creature that succeeds on the save against this effect is immune to it for 1 minute, after which it can be affected again.

The aura is inactive while you have the Incapacitated condition. You can activate or deactivate the aura as a Bonus Action.

***Myrkul's Hand.*** While wearing the crown, you can cast the *Power Word Kill* spell (save DC 18) from it. A Humanoid killed by this spell rises at the start of your next turn as a **Wraith** that follows your verbal orders. Once you use the crown to cast this spell, you can't cast it again from the crown until the next dawn.

***Teleportation.*** While wearing the crown, you can cast the *Teleport* spell. The crown can also cast this spell of its own free will. Once the spell has been cast using the crown, it can't be cast again until 7 days have passed.

***Random Properties.*** The Artifact has the following random properties (see chapter 7 of the Dungeon Master's Guide):

- 1 minor beneficial property
- 1 minor detrimental property
- 1 major detrimental property

***Sentience.*** The Crown of Horns is a sentient Neutral Evil Artifact with an Intelligence of 10, a Wisdom of 16, and a Charisma of 19. It has hearing and Darkvision out to 120 feet.

The crown communicates telepathically with its wearer and knows Common.

***Personality.*** The crown contains the essence of Myrkul and exists to spread that god's will, which is to slay the living, raise the dead, and sow fear across the Material Plane. The crown urges its wearer to spread dread and destruction wherever possible.

***Destroying the Crown.*** The crown is destroyed if it is worn by Myrkul's successor, Kelemvor, while he sits on the throne of Myrkul's former realm, the Bone Castle.","darkvision_feet 120, save_dc 18, is_sentient 1, is_cursed 1, is_wondrous 1, extra_damage_multiplier 1","https://5e.tools/items.html#crown%20of%20horns_fraif"
"Crusader's Shortsword","Curse of Strahd","Melee Weapon","Uncommon","Yes","702 gp","562 gp / 702 gp / 843 gp","Algorithm","reskin","The Crusader's Shortsword is a sentient lawful good *+1 shortsword* (Intelligence 11, Wisdom 13, Charisma 13). It has hearing and normal vision out to a range of 120 feet. It communicates by transmitting emotion to the creature carrying or wielding it.

The sword's purpose is to fight evil. The sword has the following additional properties:

- The sword continually sheds bright light in a 15-foot radius and dim light for an additional 15 feet. Only by destroying the sword can this light be extinguished.
- A lawful good creature can attune itself to the sword in 1 minute.
- While attuned to the weapon, the sword's wielder can use the sword to cast the *crusader's mantle* spell. Once used, this property of the sword can't be used again until the next dawn.

***Finesse.*** When making an attack with a finesse weapon, you use your choice of your Strength or Dexterity modifier for the attack and damage rolls. You must use the same modifier for both rolls.

***Light.*** A light weapon is small and easy to handle, making it ideal for use when fighting with two weapons.","weapon_bonus 1, is_sentient 1, extra_damage_multiplier 1","https://5e.tools/items.html#crusader's%20shortsword_cos"
"Crystal","Monsters of Drakkenheim","Delerium","Mundane","No","1,000 gp","800 gp / 1,000 gp / 1,200 gp","Official","floor-tripwire","Delerium is a magical mineral left behind by the meteor that landed in Drakkenheim. It appears in geode clusters of translucent, sharp-edged crystals which reflect octarine light. The eldritch stones softly hum in dissonant tones, and glow brightly at night or when exposed to magic. Deposits are found throughout Drakkenheim, often fused into stone streets and buildings like crystalline moss.

A typical delerium fragment is about the size of a finger. Crystals may be fist-sized or slightly larger, and geodes may be as big as a pumpkin. Massive clusters might grow taller than a human.

##### Delerium Crystals
| Crystal Size      | Market Value |    Weight   | AC | HP | Extraction Time |
| -|: :|: --:| :| :|: :|
| *Chip*            |    10 gold   |   1/4 lbs   | 15 |  5 |     1 action    |
| *Fragment*        |   100 gold   |   1/2 lbs   | 17 | 10 |     1 minute    |
| *Shard*           |   500 gold   |    1 lbs    | 19 | 15 |    5 minutes    |
| *Crystal*         |  1,000 gold  |    2 lbs    | 21 | 20 |    30 minutes   |
| *Geode*           |  5,000 gold  |   20 lbs +  | 23 | 25 |      1 hour     |
| *Massive Cluster* |   Priceless  | 8,000 lbs + | 25 | 50 |      7 days     |

## Delerium Properties

All delerium samples have the following traits regardless of size:

- Immune to Necrotic, Poison, and Psychic damage; as well as Bludgeoning, Piercing, and Slashing damage from non-magical weapons.
- Resistant to Acid, Cold, Fire, and Lightning damage; as well as Slashing and Piercing damage from magical weapons.
- Vulnerable to Bludgeoning damage from magical weapons.
- Unless contained within an *Antimagic Field*, delerium shatters and crumbles into worthless ash when reduced to 0 Hit Points. However, delerium geodes release a random Arcane Anomalies when destroyed.","extra_damage_multiplier 1","https://5e.tools/items.html#crystal_monstersofdrakkenheim"
"Crystal Skull","Call from the Deep","Other","Unknown Magic","No","289 gp","231 gp / 289 gp / 346 gp","Algorithm","random","The skull can be used to cast the speak with dead spell once per day.","extra_damage_multiplier 1","https://5e.tools/items.html#crystal%20skull_callfromthedeep"
"Cursed Ring of Shooting Stars","Call from the Deep","Ring","Very Rare","Yes","15,940 gp","12,752 gp / 15,940 gp / 19,128 gp","Amalgamated (DSA,MSRP,DMPG)","random","While wearing this ring in dim light or darkness, you can cast dancing lights and light from the ring at will. Casting either spell from the ring requires an action. The ring has 6 charges for the following other properties. The ring regains 1d6 expended charges daily at dawn. You can expend 1 charge as an action to cast faerie fire from the ring. You can expend 2 charges as an action to create one to four 3-foot-diameter spheres of lightning. The more spheres you create, the less powerful each sphere is individually. Each sphere appears in an unoccupied space you can see within 120 feet of you. The spheres last as long as you concentrate (as if concentrating on a spell), up to 1 minute. Each sphere sheds dim light in a 30-foot radius. As a bonus action, you can move each sphere up to 30 feet, but no farther than 120 feet away from you. When a creature other than you comes within 5 feet of a sphere, the sphere discharges lightning at that creature and disappears. That creature must make a DC 15 Dexterity saving throw. On a failed save, the creature takes lightning damage based on the number of spheres you created. 4 2d4 3 2d6 2 5d4 1 4d12 You can expend 1 to 3 charges as an action. For every charge you expend, you launch a glowing mote of light from the ring at a point you can see within 60 feet of you. Each creature within a 15-foot cube originating from that point is showered in sparks and must make a DC 15 Dexterity saving throw, taking 5d4 fire damage on a failed save, or half as much damage on a successful one. This ring is cursed, a fact that is revealed only when an {@spell identify spell is cast on the ring or you attune to it. Attuning to ring curses you until you are targeted by the remove curse spell or similar magic; removing the ring fails to end the curse. While cursed you have vulnerability to psychic damage.|Any creature attuned to this ring gains vulnerability to psychic damage.}","save_dc 15, is_cursed 1, extra_damage_multiplier 1","https://5e.tools/items.html#cursed%20ring%20of%20shooting%20stars_callfromthedeep"
"Dagger of Guitar Solos","Waterdeep: Dungeon of the Mad Mage","Melee Weapon","Unknown Magic","No","750 gp","600 gp / 750 gp / 900 gp","Algorithm","random","This drow-made dagger is decorated with silver web filigree. It magically plays a fragment of a guitar solo when struck or used to strike a foe.

***Finesse.*** When making an attack with a finesse weapon, you use your choice of your Strength or Dexterity modifier for the attack and damage rolls. You must use the same modifier for both rolls.

***Light.*** A light weapon is small and easy to handle, making it ideal for use when fighting with two weapons.

***Thrown.*** If a weapon has the thrown property, you can throw the weapon to make a ranged attack. If the weapon is a melee weapon, you use the same ability modifier for that attack roll and damage roll that you would use for a melee attack with the weapon. For example, if you throw a handaxe, you use your Strength, but if you throw a dagger, you can use either your Strength or your Dexterity, since the dagger has the finesse property.","extra_damage_multiplier 1","https://5e.tools/items.html#dagger%20of%20guitar%20solos_wdmm"
"Dazzling Field Spear","Eberron: Forge of the Artificer","Melee Weapon","Rare","Yes","5,627 gp","4,501 gp / 5,627 gp / 6,752 gp","Algorithm","random","*The *base item* can be found in Obojima: Tales from the Tall Grass, page 159.*

This magic weapon grants a +1 bonus to attack and damage rolls made with it. While holding it, you can take a Bonus Action to cause it to shed Bright Light in a 30-foot radius and Dim Light for an additional 30 feet. You can extinguish the light as a Bonus Action.

The weapon has 4 charges. You can take a Reaction immediately after being hit by an attack roll to expend 1 of the weapon's charges and force the attacker to make a DC 15 Constitution saving throw. On a failed save, the attacker has the Blinded condition until the end of its next turn. The weapon regains 1d4 expended charges daily at dawn.

Also known as the merchant's blade, the field spear was proven a useful and sturdy tool by the hundreds of merchants and travelers that use it in their expeditions across the island. Its shorter haft is roughly half the size of a standard spear and its tip is more similar to a wide blade or dagger than the traditional spear tip.

***Finesse.*** When making an attack with a finesse weapon, you use your choice of your Strength or Dexterity modifier for the attack and damage rolls. You must use the same modifier for both rolls.

***Thrown.*** If a weapon has the thrown property, you can throw the weapon to make a ranged attack. If the weapon is a melee weapon, you use the same ability modifier for that attack roll and damage roll that you would use for a melee attack with the weapon. For example, if you throw a handaxe, you use your Strength, but if you throw a dagger, you can use either your Strength or your Dexterity, since the dagger has the finesse property.

***Versatile.*** This weapon can be used with one or two hands. A damage value in parentheses appears with the property—the damage when the weapon is used with two hands to make a melee attack.","save_dc 15, weapon_bonus 1, extra_damage_multiplier 1","https://5e.tools/items.html#dazzling%20field%20spear_efa"
"Dazzling War Pick","Eberron: Forge of the Artificer","Melee Weapon","Rare","Yes","5,845 gp","4,676 gp / 5,845 gp / 7,014 gp","Algorithm","random","This magic weapon grants a +1 bonus to attack and damage rolls made with it. While holding it, you can take a Bonus Action to cause it to shed Bright Light in a 30-foot radius and Dim Light for an additional 30 feet. You can extinguish the light as a Bonus Action.

The weapon has 4 charges. You can take a Reaction immediately after being hit by an attack roll to expend 1 of the weapon's charges and force the attacker to make a DC 15 Constitution saving throw. On a failed save, the attacker has the Blinded condition until the end of its next turn. The weapon regains 1d4 expended charges daily at dawn.

***Versatile.*** A Versatile weapon can be used with one or two hands. A damage value in parentheses appears with the property. The weapon deals that damage when used with two hands to make a melee attack.

***Mastery: Sap.*** If you hit a creature with this weapon, that creature has Disadvantage on its next attack roll before the start of your next turn.","save_dc 15, weapon_bonus 1, extra_damage_multiplier 1","https://5e.tools/items.html#dazzling%20war%20pick_efa"
"Deathdance","Forgotten Realms: Adventures in Faerûn","Adventuring Gear","Mundane","No","200 gp","160 gp / 200 gp / 240 gp","Official","floor-tripwire","A creature subjected to Deathdance must succeed on a DC 13 Constitution saving throw or have the Poisoned condition for 1 minute. Humanoids automatically succeed on this save. The creature also has the Incapacitated condition while Poisoned in this way, as it thrashes uncontrollably.","save_dc 13, is_poison 1, extra_damage_multiplier 1","https://5e.tools/items.html#deathdance_fraif"
"Deck of Many Things","Dungeon Master's Guide (2024)","Wondrous Item","Legendary","No","100,166 gp","80,133 gp / 100,166 gp / 120,200 gp","Single source (DMPG)","random","Usually found in a box or pouch, this deck contains a number of cards made of ivory or vellum. Most (75 percent) of these decks have thirteen cards, but some have twenty-two. Use the appropriate column of the Deck of Many Things table when randomly determining cards drawn from the deck.

Before you draw a card, you must declare how many cards you intend to draw and then draw them randomly. Any cards drawn in excess of this number have no effect. Otherwise, as soon as you draw a card from the deck, its magic takes effect. You must draw each card no more than 1 hour after the previous draw. If you fail to draw the chosen number, the remaining number of cards fly from the deck on their own and take effect all at once.

Once a card is drawn, it disappears. Unless the card is the Fool or Jester, the card reappears in the deck, making it possible to draw the same card twice. (Once the Fool or Jester has left the deck, reroll on the table if that card comes up again.)

##### Deck of Many Things
| 1d100 (13-Card Deck) | 1d100 (22-Card Deck) | Card    |
|: --:|: --:| |
|           —          |         01-05        | Balance |
|           —          |         06-10        | Comet   |
|           —          |         11-14        | Donjon  |
|         01-08        |         15-18        | Euryale |
|           —          |         19-23        | Fates   |
|         09-16        |         24-27        | Flames  |
|           —          |         28-31        | Fool    |
|           —          |         32-36        | Gem     |
|         17-24        |         37-41        | Jester  |
|         25-32        |         42-46        | Key     |
|         33-40        |         47-51        | Knight  |
|         41-48        |         52-56        | Moon    |
|           —          |         57-60        | Puzzle  |
|         49-56        |         61-64        | Rogue   |
|         57-64        |         65-68        | Ruin    |
|           —          |         69-73        | Sage    |
|         65-72        |         74-77        | Skull   |
|         73-80        |         78-82        | Star    |
|         81-88        |         83-87        | Sun     |
|           —          |         88-91        | Talons  |
|         89-96        |         92-96        | Throne  |
|         97-00        |         97-00        | Void    |

Each card's effect is described below.

***Balance.*** You can increase one of your ability scores by 2, to a maximum of 22, provided you also decrease another one of your ability scores by 2. You can't decrease an ability that has a score of 5 or lower. Alternatively, you can choose not to adjust your ability scores, in which case this card has no effect.

***Comet.*** The next time you enter combat against one or more Hostile creatures, you can select one of them as your foe when you roll Initiative. If you reduce your foe to 0 Hit Points during that combat, you have Advantage on Death Saving Throws for 1 year. If someone else reduces your chosen foe to 0 Hit Points or you don't choose a foe, this card has no effect.

***Donjon.*** You disappear and become entombed in a state of suspended animation in an extradimensional sphere. Everything you're wearing and carrying disappears with you except for Artifacts, which stay behind in the space you occupied when you disappeared. You remain imprisoned until you are found and removed from the sphere. You can't be located by any Divination magic, but a *Wish* spell can reveal the location of your prison. You draw no more cards.

***Euryale.*** The card's medusa-like visage curses you. You take a -2 penalty to saving throws while cursed in this way. Only a god or the magic of the Fates card can end this curse.

***Fates.*** Reality's fabric unravels and spins anew, allowing you to avoid or erase one event as if it never happened. You can use the card's magic as soon as you draw the card or at any other time before you die.

***Flames.*** A powerful devil becomes your enemy. The devil seeks your ruin and torments you, savoring your suffering before attempting to slay you. This enmity lasts until either you or the devil dies.

> ##### A Question of Enmity
>
>Two of the cards in the Deck of Many Things can earn a character the enmity of another being. With the Flames card, the enmity is overt. The character should experience the devil's malevolent efforts on multiple occasions. Seeking out the fiend shouldn't be a simple task, and the adventurer should clash with the devil's allies and followers a few times before being able to confront the devil.
>
>In the case of the Rogue card, the enmity is secret and should come from someone thought to be a friend or an ally. As Dungeon Master, you should wait for a dramatically appropriate moment to reveal this enmity, leaving the adventurer guessing who is likely to become a betrayer.
>

***Fool.*** You have Disadvantage on D20 Tests for the next 72 hours. Draw another card; this draw doesn't count as one of your declared draws.

***Gem.*** Twenty-five pieces of jewelry worth 2,000 GP each or fifty gems worth 1,000 GP each appear at your feet.

***Jester.*** You have Advantage on D20 Tests for the next 72 hours, or you can draw two additional cards beyond your declared draws.

***Key.*** A Rare or rarer magic weapon with which you are proficient appears on your person. The DM chooses the weapon.

***Knight.*** You gain the service of a **Knight**, who magically appears in an unoccupied space you choose within 30 feet of yourself. The knight has the same alignment as you and serves you loyally until death, believing the two of you have been drawn together by fate. Work with your DM to create a name and backstory for this NPC. The DM can use a different stat block to represent the knight, as desired.

***Moon.*** You gain the ability to cast *Wish* 1d3 times.

***Puzzle.*** Permanently reduce your Intelligence or Wisdom by 1d4 + 1 (to a minimum score of 1). You can draw one additional card beyond your declared draws.

***Rogue.*** An NPC of the DM's choice becomes Hostile toward you. You don't know the identity of this NPC until they or someone else reveals it. Nothing less than a *Wish* spell or divine intervention can end the NPC's hostility toward you.

***Ruin.*** All forms of wealth that you carry or own, other than magic items, are lost to you. Portable property vanishes. Businesses, buildings, and land you own are lost in a way that alters reality the least. If you have a Bastion (see the *Dungeon Master's Guide*), it is destroyed by some calamity beyond your control. Any documentation that proves you should own something lost to this card also disappears.

***Sage.*** At any time you choose within one year of drawing this card, you can ask a question in meditation and mentally receive a truthful answer to that question.

***Skull.*** An **Avatar of Death** appears in an unoccupied space as close to you as possible. The avatar targets only you with its attacks, appearing as a ghostly skeleton clad in a tattered black robe and carrying a spectral scythe. The avatar disappears when it drops to 0 Hit Points or you die. If an ally of yours deals damage to the avatar, that ally summons another Avatar of Death. The new avatar appears in an unoccupied space as close to that ally as possible and targets only that ally with its attacks. You and your allies can each summon only one avatar as a consequence of this draw. A creature slain by an avatar can't be restored to life.

***Star.*** Increase one of your ability scores by 2, to a maximum of 24.

***Sun.*** A magic item (chosen by the DM) appears on your person. In addition, you gain 10 Temporary Hit Points daily at dawn until you die.

***Talons.*** Every magic item you wear or carry disintegrates. Artifacts in your possession vanish instead.

***Throne.*** You gain proficiency and Expertise in your choice of History, Insight, Intimidation, or Persuasion. In addition, you gain rightful ownership of a small keep somewhere in the world. However, the keep is currently home to one or more monsters, which must be cleared out before you can claim the keep as yours.

***Void.*** Your soul is drawn from your body and contained in an object in a place of the DM's choice. One or more powerful beings guard the place. While your soul is trapped in this way, your body is inert, ceases aging, and requires no food, air, or water. A *Wish* spell can't return your soul to your body, but the spell reveals the location of the object that holds your soul. You draw no more cards.","temp_hp_avg 10, grants_proficiency 1, is_wondrous 1, extra_damage_multiplier 1, wish_effect 1, death_save_advantage 1","https://5e.tools/items.html#deck%20of%20many%20things_xdmg"
"Defender War Pick","Dungeon Master's Guide (2024)","Melee Weapon","Legendary","Yes","30,837 gp","24,669 gp / 30,837 gp / 37,004 gp","Amalgamated (DSA,MSRP,DMPG)","random","You gain a +3 bonus to attack rolls and damage rolls made with this magic weapon.

The first time you attack with the weapon on each of your turns, you can transfer some or all of the weapon's bonus to your Armor Class. For example, you could reduce the bonus to your attack rolls and damage rolls to +1 and gain a +2 bonus to Armor Class. The adjusted bonuses remain in effect until the start of your next turn, although you must hold the weapon to gain a bonus to AC from it.

***Versatile.*** A Versatile weapon can be used with one or two hands. A damage value in parentheses appears with the property. The weapon deals that damage when used with two hands to make a melee attack.

***Mastery: Sap.*** If you hit a creature with this weapon, that creature has Disadvantage on its next attack roll before the start of your next turn.","weapon_bonus 3, ac_bonus 1, extra_damage_multiplier 1","https://5e.tools/items.html#defender%20war%20pick_xdmg"
"Dekella, Bident of Thassa","Mythic Odysseys of Theros","Melee Weapon","Artifact","Yes","630,000 gp","504,000 gp / 630,000 gp / 756,000 gp","Algorithm","family-min","Thassa wields Dekella, a two-pronged weapon gifted to her by Purphoros. When the god of the sea bestows her weapon on a mortal, it's often so they might work her will far from the ocean, right some wrong affecting those she'd prefer not to harm, or give a mortal a glimpse of her terrible responsibilities.

***Bident of the Deep.*** Thassa's signature weapon thrums with the icy currents of the deep ocean. This weapon functions as a trident that grants a +3 bonus to attack and damage rolls made with it. When you hit with an attack using the bident, the target takes an extra 2d10 cold damage.

***Blessing of the Deep.*** If you are a worshiper of Thassa, you gain all the following benefits for which you have the required piety:

- **Piety 10+.** You can breathe underwater, and you gain a swimming speed of 60 feet.
- **Piety 25+.** The bident has 1 randomly determined minor beneficial property.
- **Piety 50+.** The bident has 1 randomly determined major beneficial property.

If you aren't a worshiper of Thassa, the bident has 1 minor detrimental property and 1 major detrimental property, both randomly determined.

See ""Artifacts"" in chapter 7 of the Dungeon Master's Guide for details on randomly determined properties.

***Command the Deep.*** The bident holds the power to command the waves and its creatures. As an action, you can change the condition of the sea within 1 mile of you, creating strong winds and heavy rain that cause violent waves (see ""Weather at Sea"" in chapter 5 of the Dungeon Master's Guide) or calming a storm. In either case, the unnatural weather lasts for 1 hour before returning to normal. Once used, this property of the bident can't be used again until the next dusk.

Additionally, you can cast the *dominate monster* spell (save DC 18) from the bident, but only on beasts and monstrosities that have an innate swimming speed. Once used, this property of the bident can't be used again until the next dusk.

***Aquatic Metamorphosis.*** You can cast the *true polymorph* spell (save DC 18) from the bident, but you must cast it on a creature to turn it into a kind of creature that has an innate swimming speed. Once used, this property of the bident can't be used again until the next dusk.

***Destroying the Bident.*** To destroy the bident, it must be heated by the breath of an **ancient red dragon** and then, while still hot, immersed in the Tartyx River.

***Thrown.*** If a weapon has the thrown property, you can throw the weapon to make a ranged attack. If the weapon is a melee weapon, you use the same ability modifier for that attack roll and damage roll that you would use for a melee attack with the weapon. For example, if you throw a handaxe, you use your Strength, but if you throw a dagger, you can use either your Strength or your Dexterity, since the dagger has the finesse property.

***Versatile.*** This weapon can be used with one or two hands. A damage value in parentheses appears with the property—the damage when the weapon is used with two hands to make a melee attack.","save_dc 18, extra_damage_avg 11, extra_damage_priced_avg 11, weapon_bonus 3, extra_damage_multiplier 1, minor_beneficial 1","https://5e.tools/items.html#dekella,%20bident%20of%20thassa_mot"
"Demonglass Brass Knuckles","Frontiers of Eberron: Quickstone","Melee Weapon","Rare","Yes","1,681 gp","1,344 gp / 1,681 gp / 2,017 gp","Algorithm","random","—","weapon_bonus 1, extra_damage_multiplier 1","https://5e.tools/items.html#demonglass%20brass%20knuckles_foequickstone"
"Demonomicon of Iggwilv","Dungeon Master's Guide (2024)","Wondrous Item","Artifact","Yes","660,000 gp","528,000 gp / 660,000 gp / 792,000 gp","Algorithm","random","This treatise, composed by *Iggwilv* the archmage, documents the Abyss's layers and inhabitants and is widely regarded as the most thorough and blasphemous tome of demonology in the multiverse. The tome recounts both the oldest and most current profanities of the Abyss and demons. Demons have attempted to censor the text, and while sections have been ripped from the book's spine, the general chapters remain, ever revealing demonic secrets. Caged behind lines of script roils a secret piece of the Abyss itself, which keeps the book up-to-date, no matter how many pages are removed, and it longs to be more than mere reference material.

***Abyssal Lore.*** You can reference the Demonomicon whenever you make an Intelligence check to discern information about demons or a Wisdom (Survival) check related to the Abyss. When you do so, you gain Advantage on the check.

***Containment.*** The first ten pages of the Demonomicon are blank. As a Magic action while holding the book, you can target a Fiend that you can see that is trapped within the area of a *Magic Circle* spell. The Fiend must succeed on a DC 20 Charisma saving throw with Disadvantage or become trapped within one of the Demonomicon's blank pages, which fills with writing detailing the trapped creature's widely known name and depravities. Once used, this action can't be used again until the next dawn.

When you finish a Long Rest, if you and the Demonomicon are on the same plane of existence, one trapped creature within the book can attempt to possess you. You make a DC 20 Charisma saving throw. On a failed save, you are possessed by the creature, which controls you like a puppet. As a Magic action, the possessing creature can release you and appear in the closest unoccupied space to you. On a successful save, the Fiend can't try to possess you again for 7 days (but another Fiend trapped in the book can certainly try).

When the tome is discovered, it has 1d4 Fiends occupying its pages—typically an assortment of demons.

***Ensnarement.*** While carrying the book, whenever you cast *Magic Circle* naming only Fiends or cast *Planar Binding* targeting a Fiend, the spell is cast at level 9, regardless of what level spell slot you used, if any. Additionally, the Fiend has Disadvantage on its saving throw against the spell.

***Fiendish Scourging.*** While carrying the book, when you make a damage roll for a spell you cast against a Fiend, you use the maximum possible result instead of rolling.

***Random Properties.*** The Artifact has the following random properties:

- 2 minor beneficial properties
- 1 minor detrimental property
- 1 major detrimental property

***Spells.*** The book has 8 charges and regains 1d8 expended charges daily at dawn. While holding the book, you can take a Magic action to cast one of the spells (save DC 20) on the following table. The table indicates how many charges you must expend to cast the spell.

| Spell                             | Charge Cost |
| --|: --:|
| *Magic Circle*                    |      1      |
| *Magic Jar*                       |      3      |
| *Planar Ally*                     |      3      |
| *Planar Binding*                  |      2      |
| *Plane Shift* (to the Abyss only) |      3      |
| *Summon Fiend*                    |      3      |
| *Tasha's Hideous Laughter*        |      0      |

***Destroying the Demonomicon.*** To destroy the book, six different demon lords must each tear out a sixth of the book's pages. If this occurs, the pages reappear after 24 hours. Before all those hours pass, anyone who opens the book's remaining binding is transported to a nascent layer of the Abyss that lies hidden within the book. At the heart of this deadly, semi-sentient domain lies a long-lost Artifact, Fraz-Urb'luu's Staff. If the staff is dragged from the pocket plane, the tome is reduced to a mundane and out-of-date copy of the Tome of Zyx, the work that served as the foundation of the Demonomicon of Iggwilv. The Tome of Zyx can be destroyed like any ordinary book. Once the staff emerges, the demon lord Fraz-Urb'luu knows instantly.","save_dc 20, minor_beneficial 2, is_wondrous 1, extra_damage_multiplier 1, minor_detrimental 1, major_detrimental 1","https://5e.tools/items.html#demonomicon%20of%20iggwilv_xdmg"
"Devastation Orb of Earth","Princes of the Apocalypse","Wondrous Item","Very Rare","No","9,717 gp","7,774 gp / 9,717 gp / 11,661 gp","Single source (DMPG)","random","A devastation orb is an elemental bomb that can be created at the site of an elemental node by performing a ritual with an elemental weapon. The type of orb created depends on the node used. For example, an air node creates a *devastation orb of air*. The ritual takes 1 hour to complete and requires 2,000 gp worth of special components, which are consumed.

A devastation orb measures 12 inches in diameter, weighs 10 pounds, and has a solid outer shell. The orb detonates 1d100 hours after its creation, releasing the elemental energy it contains. The orb gives no outward sign of how much time remains before it will detonate. Spells such as *identify* and *divination* can be used to ascertain when the orb will explode. An orb has AC 10, 15 hit points, and immunity to poison and psychic damage. Reducing it to 0 hit points causes it to explode instantly.

A special container can be crafted to contain a devastation orb and prevent it from detonating. The container must be inscribed with symbols of the orb's opposing element. For example, a case inscribed with earth symbols can be used to contain a *devastation orb of air* and keep it from detonating. While in the container, the orb thrums. If it is removed from the container after the time when it was supposed to detonate, it explodes 1d6 rounds later, unless it is returned to the container.

Regardless of the type of orb, its effect is contained within a sphere with a 1 mile radius. The orb is the sphere's point of origin. The orb is destroyed after one use.

***Earth Orb.*** When this orb detonates, it subjects the area to the effects of the *earthquake* spell for 1 minute (spell save DC 18). For the purpose of the spell's effects, the spell is cast on the turn that the orb explodes.","save_dc 18, is_wondrous 1, extra_damage_multiplier 1","https://5e.tools/items.html#devastation%20orb%20of%20earth_pota"
"Documancy Satchel","Acquisitions Incorporated","Wondrous Item","Varies","No","750 gp","600 gp / 750 gp / 900 gp","Algorithm","random","At rank 2, your documancy satchel becomes a common magic item, allowing you to magically send and receive documents to and from Head Office through a special pouch. Your documancy satchel magically produces prewritten and signature-ready contracts at your request, covering most common contractual needs. It also occasionally produces sticky notes printed with useful information and inspirational quotes from Head Office.

***Satchel of Holding.*** At rank 3, your documancy satchel gains additional features and becomes an uncommon magic item. One of the satchel's pouches now functions as a *bag of holding*.

Additionally, you can use an action to draw forth from the documancy satchel a *spell scroll* of *comprehend languages*. The scroll vanishes when used, or ten minutes after it appears. This property of the bag can't be used again until the next dawn.

***Scroll Humidor.*** At rank 4, your documancy satchel gains additional power and becomes a rare magic item. Within the satchel, a dedicated extradimensional space can hold up to thirty documents or *spell scrolls*. Placing a single document into the scroll humidor is an action. Drawing forth a desired scroll is a bonus action.","is_wondrous 1, extra_damage_multiplier 1","https://5e.tools/items.html#documancy%20satchel_ai"
"Draft Horse","Player's Handbook (2024)","Mount or Vehicle (Land)","Mundane","No","50 gp","40 gp / 50 gp / 60 gp","Official","floor-tripwire","—","extra_damage_multiplier 1","https://5e.tools/items.html#draft%20horse_xphb"
"Dragon Compass","Where Evil Lives: The MCDM Book of Boss Battles","Adventuring Gear","Unknown Magic","No","289 gp","231 gp / 289 gp / 346 gp","Algorithm","random","This brass compass has been calibrated not to point north, but to point toward the magical energy produced by true dragons. When you hold the compass, its needle points in the direction of the nearest Dragon who is at least a century old and on the same plane as you. If you are a Dragon who is at least a century old, the compass doesn't point toward you while you hold it.","extra_damage_multiplier 1","https://5e.tools/items.html#dragon%20compass_whereevillives"
"Dragonstaff of Ahghairon","Waterdeep: Dragon Heist","Wondrous Item","Legendary","Yes","51,234 gp","40,987 gp / 51,234 gp / 61,481 gp","Single source (DMPG)","random","While holding the dragonstaff of Ahghairon, you have advantage on saving throws against the spells and breath weapons of dragons, as well as the breath weapons of other creatures of the dragon type (such as dragon turtles).

A creature of the dragon type that you touch with the staff can move through the city of Waterdeep, ignoring Ahghairon's dragonward (see ""Ahghairon's Dragonward,"" in the Introduction). This effect lasts until the creature is touched again by the staff or until a time you proclaim when you confer the benefit.

The staff has 10 charges. While holding it, you can expend 1 charge as an action to cast the *command* spell. If you target a dragon with this casting, the dragon has disadvantage on its saving throw. The staff regains 1d10 charges daily at dawn.

***Versatile.*** This weapon can be used with one or two hands. A damage value in parentheses appears with the property—the damage when the weapon is used with two hands to make a melee attack.","extra_damage_multiplier 1","https://5e.tools/items.html#dragonstaff%20of%20ahghairon_wdh"
"Drow +1 Repeater Needler","Monster Manual","Ranged Weapon","Rare","No","200 gp","160 gp / 200 gp / 240 gp","Amalgamated (DSA,MSRP,DMPG)","floor-tripwire","*The *base item* can be found in Grim Hollow: Player’s Guide (2024), page 129.*

You have a +1 bonus to attack and damage rolls made with this weapon. This weapon loses its enchantment bonus permanently if it is exposed to sunlight for 1 hour or longer.

***Range.*** A Range weapon has a range in parentheses after the Ammunition or Thrown property. The range lists two numbers. The first is the weapon's normal range in feet, and the second is the weapon's long range. When attacking a target beyond normal range, you have Disadvantage on the attack roll. You can't attack a target beyond the long range.

***Ammunition.*** You can use a weapon that has the Ammunition property to make a ranged attack only if you have ammunition to fire from it. The type of ammunition required is specified with the weapon's range. Each attack expends one piece of ammunition. Drawing the ammunition is part of the attack (you need a free hand to load a one-handed weapon). After a fight, you can spend 1 minute to recover half the ammunition (round down) you used in the fight; the rest is lost.

***Light.*** When you take the Attack action on your turn and attack with a Light weapon, you can make one extra attack as a Bonus Action later on the same turn. That extra attack must be made with a different Light weapon, and you don't add your ability modifier to the extra attack's damage unless that modifier is negative. For example, you can attack with a *Shortsword* in one hand and a *Dagger* in the other using the Attack action and a Bonus Action, but you don't add your Strength or Dexterity modifier to the damage roll of the Bonus Action unless that modifier is negative.

***Magazine.*** A weapon with the Magazine property also has a number and an ammunition type. The weapon holds that amount and type of ammunition, which you can expend before needing to reload the weapon. As a Bonus Action, you may remove a *Magazine* and then reload it with a new *Magazine*. A *Magazine* weapon comes with two empty magazines included in the weapon's cost and weight. An additional empty magazine for a Magazine weapon costs 25 GP. Loading an empty Magazine with ammunition takes 1 minute.

***Repeater.*** Repeater weapons can fire ammo in quick succession, using multiple barrels or quick-reloading mechanisms. When you take the Attack action with a Repeater weapon, you can shoot multiple times if you have features that let you attack more than once as part of that action, such as Extra Attack. After taking the Attack action you can use a Bonus Action to attack once with the same weapon. You don't add your ability modifier to the Bonus Action's attack, unless that modifier is negative.

***Mastery: Vex.*** If you hit a creature with this weapon and deal damage to the creature, you have Advantage on your next attack roll against that creature before the end of your next turn.","weapon_bonus 1, extra_damage_multiplier 1","https://5e.tools/items.html#drow%20+1%20repeater%20needler_mm"
"Drow +2 Brass Knuckles","Monster Manual","Melee Weapon","Very Rare","No","3,356 gp","2,685 gp / 3,356 gp / 4,027 gp","Amalgamated (DSA,MSRP,DMPG)","random","*The *base item* can be found in The Pugilist Class (2024).*

You have a +2 bonus to attack and damage rolls made with this weapon. This weapon loses its enchantment bonus permanently if it is exposed to sunlight for 1 hour or longer.

***Light.*** When you take the Attack action on your turn and attack with a Light weapon, you can make one extra attack as a Bonus Action later on the same turn. That extra attack must be made with a different Light weapon, and you don't add your ability modifier to the extra attack's damage unless that modifier is negative. For example, you can attack with a *Shortsword* in one hand and a *Dagger* in the other using the Attack action and a Bonus Action, but you don't add your Strength or Dexterity modifier to the damage roll of the Bonus Action unless that modifier is negative.

***Mastery: Push.*** If you hit a creature with this weapon, you can push the creature up to 10 feet straight away from yourself if it is Large or smaller.","weapon_bonus 2, extra_damage_multiplier 1","https://5e.tools/items.html#drow%20+2%20brass%20knuckles_mm"
"Drow +2 Repeater Needler","Monster Manual","Ranged Weapon","Very Rare","No","1,000 gp","800 gp / 1,000 gp / 1,200 gp","Amalgamated (DSA,MSRP,DMPG)","floor-tripwire","*The *base item* can be found in Grim Hollow: Player’s Guide (2024), page 129.*

You have a +2 bonus to attack and damage rolls made with this weapon. This weapon loses its enchantment bonus permanently if it is exposed to sunlight for 1 hour or longer.

***Range.*** A Range weapon has a range in parentheses after the Ammunition or Thrown property. The range lists two numbers. The first is the weapon's normal range in feet, and the second is the weapon's long range. When attacking a target beyond normal range, you have Disadvantage on the attack roll. You can't attack a target beyond the long range.

***Ammunition.*** You can use a weapon that has the Ammunition property to make a ranged attack only if you have ammunition to fire from it. The type of ammunition required is specified with the weapon's range. Each attack expends one piece of ammunition. Drawing the ammunition is part of the attack (you need a free hand to load a one-handed weapon). After a fight, you can spend 1 minute to recover half the ammunition (round down) you used in the fight; the rest is lost.

***Light.*** When you take the Attack action on your turn and attack with a Light weapon, you can make one extra attack as a Bonus Action later on the same turn. That extra attack must be made with a different Light weapon, and you don't add your ability modifier to the extra attack's damage unless that modifier is negative. For example, you can attack with a *Shortsword* in one hand and a *Dagger* in the other using the Attack action and a Bonus Action, but you don't add your Strength or Dexterity modifier to the damage roll of the Bonus Action unless that modifier is negative.

***Magazine.*** A weapon with the Magazine property also has a number and an ammunition type. The weapon holds that amount and type of ammunition, which you can expend before needing to reload the weapon. As a Bonus Action, you may remove a *Magazine* and then reload it with a new *Magazine*. A *Magazine* weapon comes with two empty magazines included in the weapon's cost and weight. An additional empty magazine for a Magazine weapon costs 25 GP. Loading an empty Magazine with ammunition takes 1 minute.

***Repeater.*** Repeater weapons can fire ammo in quick succession, using multiple barrels or quick-reloading mechanisms. When you take the Attack action with a Repeater weapon, you can shoot multiple times if you have features that let you attack more than once as part of that action, such as Extra Attack. After taking the Attack action you can use a Bonus Action to attack once with the same weapon. You don't add your ability modifier to the Bonus Action's attack, unless that modifier is negative.

***Mastery: Vex.*** If you hit a creature with this weapon and deal damage to the creature, you have Advantage on your next attack roll against that creature before the end of your next turn.","weapon_bonus 2, extra_damage_multiplier 1","https://5e.tools/items.html#drow%20+2%20repeater%20needler_mm"
"Drow +3 Fighting Chain, Hook","Monster Manual","Melee Weapon","Legendary","No","14,551 gp","11,641 gp / 14,551 gp / 17,462 gp","Amalgamated (DSA,MSRP,DMPG)","random","*The *base item* can be found in Grim Hollow: Player’s Guide (2024), page 128.*

You have a +3 bonus to attack and damage rolls made with this weapon. This weapon loses its enchantment bonus permanently if it is exposed to sunlight for 1 hour or longer.

***Damage.*** A Damage property weapon can deal different types of damage. When you hit with an attack from this weapon, choose one of the damage types allowed.

***Double.*** A Double weapon functions as two Light weapons, one in each hand, for the purposes of two-weapon fighting. If a Double weapon has Reach, you can use only one of these properties per turn.

***Finesse.*** When making an attack with a Finesse weapon, use your choice of your Strength or Dexterity modifier for the attack and damage rolls. You must use the same modifier for both rolls.

***Reach.*** A Reach weapon adds 5 feet to your reach when you attack with it, as well as when determining your reach for Opportunity Attacks with it.

***Two-Handed.*** A Two-Handed weapon requires two hands when you attack with it.

***Mastery: Entangling.*** When you take the Attack action on your turn and hit with an Entangling weapon, you can use a Bonus Action later on the same turn to entangle the target. The target must succeed on a Dexterity saving throw (DC 10 plus your Proficiency Bonus) or have the Grappled condition until it escapes or until you release the weapon. The target succeeds automatically if it is Huge or larger.

To escape, the target must use an action to make a Strength (Athletics) or Dexterity (Acrobatics) check against the same DC. On a success, the target no longer has the Grappled condition. While a creature is Grappled by this weapon, you can't use it to attack a different creature.","save_dc 10, weapon_bonus 3, extra_damage_multiplier 1","https://5e.tools/items.html#drow%20+3%20fighting%20chain,%20hook_mm"
"Drow +3 Glaive","Monster Manual","Melee Weapon","Legendary","No","14,551 gp","11,641 gp / 14,551 gp / 17,462 gp","Amalgamated (DSA,MSRP,DMPG)","random","You have a +3 bonus to attack and damage rolls made with this weapon. This weapon loses its enchantment bonus permanently if it is exposed to sunlight for 1 hour or longer.

***Heavy.*** You have Disadvantage on attack rolls with a Heavy weapon if it's a Melee weapon and your Strength score isn't at least 13 or if it's a Ranged weapon and your Dexterity score isn't at least 13.

***Reach.*** A Reach weapon adds 5 feet to your reach when you attack with it, as well as when determining your reach for Opportunity Attacks with it.

***Two-Handed.*** A Two-Handed weapon requires two hands when you attack with it.

***Mastery: Graze.*** If your attack roll with this weapon misses a creature, you can deal damage to that creature equal to the ability modifier you used to make the attack roll. This damage is the same type dealt by the weapon, and the damage can be increased only by increasing the ability modifier.","weapon_bonus 3, extra_damage_multiplier 1","https://5e.tools/items.html#drow%20+3%20glaive_mm"
"Drow +3 Heavy Crossbow","Monster Manual","Ranged Weapon","Legendary","No","14,202 gp","11,361 gp / 14,202 gp / 17,042 gp","Amalgamated (DSA,MSRP,DMPG)","random","You have a +3 bonus to attack and damage rolls made with this weapon. This weapon loses its enchantment bonus permanently if it is exposed to sunlight for 1 hour or longer.

***Range.*** A Range weapon has a range in parentheses after the Ammunition or Thrown property. The range lists two numbers. The first is the weapon's normal range in feet, and the second is the weapon's long range. When attacking a target beyond normal range, you have Disadvantage on the attack roll. You can't attack a target beyond the long range.

***Ammunition.*** You can use a weapon that has the Ammunition property to make a ranged attack only if you have ammunition to fire from it. The type of ammunition required is specified with the weapon's range. Each attack expends one piece of ammunition. Drawing the ammunition is part of the attack (you need a free hand to load a one-handed weapon). After a fight, you can spend 1 minute to recover half the ammunition (round down) you used in the fight; the rest is lost.

***Heavy.*** You have Disadvantage on attack rolls with a Heavy weapon if it's a Melee weapon and your Strength score isn't at least 13 or if it's a Ranged weapon and your Dexterity score isn't at least 13.

***Loading.*** You can fire only one piece of ammunition from a Loading weapon when you use an action, a Bonus Action, or a Reaction to fire it, regardless of the number of attacks you can normally make.

***Two-Handed.*** A Two-Handed weapon requires two hands when you attack with it.

***Mastery: Push.*** If you hit a creature with this weapon, you can push the creature up to 10 feet straight away from yourself if it is Large or smaller.","weapon_bonus 3, extra_damage_multiplier 1","https://5e.tools/items.html#drow%20+3%20heavy%20crossbow_mm"
"Drow +3 Musket","Monster Manual","Ranged Weapon","Legendary","No","14,202 gp","11,361 gp / 14,202 gp / 17,042 gp","Amalgamated (DSA,MSRP,DMPG)","random","You have a +3 bonus to attack and damage rolls made with this weapon. This weapon loses its enchantment bonus permanently if it is exposed to sunlight for 1 hour or longer.

***Range.*** A Range weapon has a range in parentheses after the Ammunition or Thrown property. The range lists two numbers. The first is the weapon's normal range in feet, and the second is the weapon's long range. When attacking a target beyond normal range, you have Disadvantage on the attack roll. You can't attack a target beyond the long range.

***Ammunition.*** You can use a weapon that has the Ammunition property to make a ranged attack only if you have ammunition to fire from it. The type of ammunition required is specified with the weapon's range. Each attack expends one piece of ammunition. Drawing the ammunition is part of the attack (you need a free hand to load a one-handed weapon). After a fight, you can spend 1 minute to recover half the ammunition (round down) you used in the fight; the rest is lost.

***Loading.*** You can fire only one piece of ammunition from a Loading weapon when you use an action, a Bonus Action, or a Reaction to fire it, regardless of the number of attacks you can normally make.

***Two-Handed.*** A Two-Handed weapon requires two hands when you attack with it.

***Mastery: Slow.*** If you hit a creature with this weapon and deal damage to it, you can reduce its Speed by 10 feet until the start of your next turn. If the creature is hit more than once by weapons that have this property, the Speed reduction doesn't exceed 10 feet.","weapon_bonus 3, is_firearm 1, extra_damage_multiplier 1","https://5e.tools/items.html#drow%20+3%20musket_mm"
"Drow +3 Repeater Needler","Monster Manual","Ranged Weapon","Legendary","No","8,000 gp","6,400 gp / 8,000 gp / 9,600 gp","Amalgamated (DSA,MSRP,DMPG)","floor-tripwire","*The *base item* can be found in Grim Hollow: Player’s Guide (2024), page 129.*

You have a +3 bonus to attack and damage rolls made with this weapon. This weapon loses its enchantment bonus permanently if it is exposed to sunlight for 1 hour or longer.

***Range.*** A Range weapon has a range in parentheses after the Ammunition or Thrown property. The range lists two numbers. The first is the weapon's normal range in feet, and the second is the weapon's long range. When attacking a target beyond normal range, you have Disadvantage on the attack roll. You can't attack a target beyond the long range.

***Ammunition.*** You can use a weapon that has the Ammunition property to make a ranged attack only if you have ammunition to fire from it. The type of ammunition required is specified with the weapon's range. Each attack expends one piece of ammunition. Drawing the ammunition is part of the attack (you need a free hand to load a one-handed weapon). After a fight, you can spend 1 minute to recover half the ammunition (round down) you used in the fight; the rest is lost.

***Light.*** When you take the Attack action on your turn and attack with a Light weapon, you can make one extra attack as a Bonus Action later on the same turn. That extra attack must be made with a different Light weapon, and you don't add your ability modifier to the extra attack's damage unless that modifier is negative. For example, you can attack with a *Shortsword* in one hand and a *Dagger* in the other using the Attack action and a Bonus Action, but you don't add your Strength or Dexterity modifier to the damage roll of the Bonus Action unless that modifier is negative.

***Magazine.*** A weapon with the Magazine property also has a number and an ammunition type. The weapon holds that amount and type of ammunition, which you can expend before needing to reload the weapon. As a Bonus Action, you may remove a *Magazine* and then reload it with a new *Magazine*. A *Magazine* weapon comes with two empty magazines included in the weapon's cost and weight. An additional empty magazine for a Magazine weapon costs 25 GP. Loading an empty Magazine with ammunition takes 1 minute.

***Repeater.*** Repeater weapons can fire ammo in quick succession, using multiple barrels or quick-reloading mechanisms. When you take the Attack action with a Repeater weapon, you can shoot multiple times if you have features that let you attack more than once as part of that action, such as Extra Attack. After taking the Attack action you can use a Bonus Action to attack once with the same weapon. You don't add your ability modifier to the Bonus Action's attack, unless that modifier is negative.

***Mastery: Vex.*** If you hit a creature with this weapon and deal damage to the creature, you have Advantage on your next attack roll against that creature before the end of your next turn.","weapon_bonus 3, extra_damage_multiplier 1","https://5e.tools/items.html#drow%20+3%20repeater%20needler_mm"
"Duck Foot","Obojima: Tales from the Tall Grass","Potion","Common","No","232 gp","186 gp / 232 gp / 279 gp","Algorithm","ml-variance","When you drink this brackish-smelling potion, your hands and feet begin to tingle. Within seconds, they turn a bright orange and become webbed like a mallard's feet. For the next hour, you gain a swimming speed of 40 feet and are able to make a very convincing quacking sound. {@style 15|SneakerProMedium}","extra_damage_multiplier 1, swim_speed 1","https://5e.tools/items.html#duck%20foot_obojimatallgrass"
"Elephant","Player's Handbook (2024)","Mount or Vehicle (Land)","Mundane","No","200 gp","160 gp / 200 gp / 240 gp","Official","floor-tripwire","—","extra_damage_multiplier 1","https://5e.tools/items.html#elephant_xphb"
"Emerald","Dungeon Master's Guide (2024)","$G","Mundane","No","1,000 gp","800 gp / 1,000 gp / 1,200 gp","Official","floor-tripwire","A deep bright green gemstone.","extra_damage_multiplier 1","https://5e.tools/items.html#emerald_xdmg"
"Energy Shortbow","Dungeon Master's Guide (2024)","Ranged Weapon","Very Rare","Yes","1,000 gp","800 gp / 1,000 gp / 1,200 gp","Algorithm","floor-tripwire","You gain a +1 bonus to attack rolls and damage rolls made with this magic weapon, which has no string. Each time you pull your arm back in a firing motion, a magical arrow made of golden energy appears nocked and ready to fire. An arrow produced by this weapon deals Force damage instead of Piercing damage on a hit, and it disappears after it hits or misses its target. Until it disappears, the arrow emits Bright Light in a 20-foot radius and Dim Light for an additional 20 feet.

This weapon has the following additional properties.

***Arrow of Restraint.*** Whenever you use this weapon to make a ranged attack against a creature, you can try to restrain the target instead of dealing damage to it. If the arrow hits, the target must succeed on a DC 15 Strength saving throw or have the Restrained condition for 1 minute. As an action, a creature Restrained by an arrow can make a DC 20 Strength (Athletics) check to try to break the restraint, ending the effect on itself on a successful check.

***Arrow of Transport.*** As a Magic action, you can fire one energy arrow from this weapon at a target you can see within 60 feet of yourself. The target can be either a willing Medium or smaller creature or an object that isn't being worn or carried, provided the object is small enough to fit inside a 5-foot Cube. The arrow teleports the target to an unoccupied space you can see within 10 feet of you.

***Energy Ladder.*** As a Magic action, you can loose a flurry of energy arrows from this weapon at a wall up to 60 feet away from yourself. The arrows become glowing rungs that stick out of the wall, forming a magical ladder up to 60 feet long on the wall. This ladder lasts for 1 minute before disappearing.

***Range.*** A Range weapon has a range in parentheses after the Ammunition or Thrown property. The range lists two numbers. The first is the weapon's normal range in feet, and the second is the weapon's long range. When attacking a target beyond normal range, you have Disadvantage on the attack roll. You can't attack a target beyond the long range.

***Ammunition.*** You can use a weapon that has the Ammunition property to make a ranged attack only if you have ammunition to fire from it. The type of ammunition required is specified with the weapon's range. Each attack expends one piece of ammunition. Drawing the ammunition is part of the attack (you need a free hand to load a one-handed weapon). After a fight, you can spend 1 minute to recover half the ammunition (round down) you used in the fight; the rest is lost.

***Two-Handed.*** A Two-Handed weapon requires two hands when you attack with it.

***Mastery: Vex.*** If you hit a creature with this weapon and deal damage to the creature, you have Advantage on your next attack roll against that creature before the end of your next turn.","save_dc 20, weapon_bonus 1, extra_damage_multiplier 1","https://5e.tools/items.html#energy%20shortbow_xdmg"
"Enspelled (Cantrip) Blowgun","Dungeon Master's Guide (2024)","Ranged Weapon","Uncommon","Yes","405 gp","324 gp / 405 gp / 486 gp","Algorithm","random","Bound into this weapon is a cantrip. The cantrip is determined when the weapon is created and must belong to the Conjuration, Divination, Evocation, Necromancy, or Transmutation school of magic. The weapon has 6 charges and regains 1d6 expended charges daily at dawn. While holding the weapon, you can expend 1 charge to cast its spell.

The spell's saving throw DC is 13, and its attack bonus is +5.

***Range.*** A Range weapon has a range in parentheses after the Ammunition or Thrown property. The range lists two numbers. The first is the weapon's normal range in feet, and the second is the weapon's long range. When attacking a target beyond normal range, you have Disadvantage on the attack roll. You can't attack a target beyond the long range.

***Ammunition.*** You can use a weapon that has the Ammunition property to make a ranged attack only if you have ammunition to fire from it. The type of ammunition required is specified with the weapon's range. Each attack expends one piece of ammunition. Drawing the ammunition is part of the attack (you need a free hand to load a one-handed weapon). After a fight, you can spend 1 minute to recover half the ammunition (round down) you used in the fight; the rest is lost.

***Loading.*** You can fire only one piece of ammunition from a Loading weapon when you use an action, a Bonus Action, or a Reaction to fire it, regardless of the number of attacks you can normally make.

***Mastery: Vex.*** If you hit a creature with this weapon and deal damage to the creature, you have Advantage on your next attack roll against that creature before the end of your next turn.","extra_damage_multiplier 1","https://5e.tools/items.html#enspelled%20(cantrip)%20blowgun_xdmg"
"Enspelled (Cantrip) Fan","Dungeon Master's Guide (2024)","Melee Weapon","Uncommon","Yes","405 gp","324 gp / 405 gp / 486 gp","Single source (DSA)","random","*The *base item* can be found in Obojima: Tales from the Tall Grass, page 158.*

Bound into this weapon is a cantrip. The cantrip is determined when the weapon is created and must belong to the Conjuration, Divination, Evocation, Necromancy, or Transmutation school of magic. The weapon has 6 charges and regains 1d6 expended charges daily at dawn. While holding the weapon, you can expend 1 charge to cast its spell.

The spell's saving throw DC is 13, and its attack bonus is +5.

***Special.*** When you're hit by a ranged weapon attack, you can use your reaction to reduce the incoming damage of the attack by a number equal to your Dexterity modifier.

***Finesse.*** When making an attack with a finesse weapon, you use your choice of your Strength or Dexterity modifier for the attack and damage rolls. You must use the same modifier for both rolls.

***Light.*** A light weapon is small and easy to handle, making it ideal for use when fighting with two weapons.","extra_damage_multiplier 1","https://5e.tools/items.html#enspelled%20(cantrip)%20fan_xdmg"
"Enspelled (Cantrip) Plate Armor","Dungeon Master's Guide (2024)","Heavy Armor","Uncommon","Yes","1,905 gp","1,524 gp / 1,905 gp / 2,286 gp","Single source (DSA)","random","Bound into this armor is a cantrip. The cantrip is determined when the armor is created and must belong to the Abjuration or Illusion school of magic. The armor has 6 charges and regains 1d6 expended charges daily at dawn. While wearing the armor, you can expend 1 charge to cast its spell.

The spell's saving throw DC is 13, and its attack bonus is +5.

The wearer has disadvantage on Dexterity (Stealth) checks.

If the wearer has a Strength score lower than 15, their speed is reduced by 10 feet.","armor_ac 18, armor_strength_req 15, strength_req 15, stealth_penalty 1, extra_damage_multiplier 1","https://5e.tools/items.html#enspelled%20(cantrip)%20plate%20armor_xdmg"
"Enspelled (Cantrip) Quarterstaff","Dungeon Master's Guide (2024)","Melee Weapon","Uncommon","Yes","410 gp","328 gp / 410 gp / 492 gp","Single source (DSA)","random","Bound into this weapon is a cantrip. The cantrip is determined when the weapon is created and must belong to the Conjuration, Divination, Evocation, Necromancy, or Transmutation school of magic. The weapon has 6 charges and regains 1d6 expended charges daily at dawn. While holding the weapon, you can expend 1 charge to cast its spell.

The spell's saving throw DC is 13, and its attack bonus is +5.

***Versatile.*** A Versatile weapon can be used with one or two hands. A damage value in parentheses appears with the property. The weapon deals that damage when used with two hands to make a melee attack.

***Mastery: Topple.*** If you hit a creature with this weapon, you can force the creature to make a Constitution saving throw (DC 8 plus the ability modifier used to make the attack roll and your Proficiency Bonus). On a failed save, the creature has the Prone condition.","save_dc 8, extra_damage_multiplier 1","https://5e.tools/items.html#enspelled%20(cantrip)%20quarterstaff_xdmg"
"Enspelled (Cantrip) Staff","Dungeon Master's Guide (2024)","Spellcasting Focus","Uncommon","Yes","410 gp","328 gp / 410 gp / 492 gp","Single source (DSA)","random","Bound into this weapon is a cantrip. The cantrip is determined when the weapon is created and must belong to the Conjuration, Divination, Evocation, Necromancy, or Transmutation school of magic. The weapon has 6 charges and regains 1d6 expended charges daily at dawn. While holding the weapon, you can expend 1 charge to cast its spell.

The spell's saving throw DC is 13, and its attack bonus is +5.

***Versatile.*** This weapon can be used with one or two hands. A damage value in parentheses appears with the property—the damage when the weapon is used with two hands to make a melee attack.

An arcane focus is a special item designed to channel the power of arcane spells. A sorcerer, warlock, or wizard can use such an item as a spellcasting focus.

***Mastery: Topple.*** If you hit a creature with this weapon, you can force the creature to make a Constitution saving throw (DC 8 plus the ability modifier used to make the attack roll and your Proficiency Bonus). On a failed save, the creature has the Prone condition.","save_dc 8, is_focus 1, extra_damage_multiplier 1, is_focus_prose 1","https://5e.tools/items.html#enspelled%20(cantrip)%20staff_xdmg"
"Enspelled (Level 3) Greatclub","Dungeon Master's Guide (2024)","Melee Weapon","Rare","Yes","5,400 gp","4,320 gp / 5,400 gp / 6,480 gp","Algorithm","random","Bound into this weapon is a level 3 spell. The spell is determined when the weapon is created and must belong to the Conjuration, Divination, Evocation, Necromancy, or Transmutation school of magic. The weapon has 6 charges and regains 1d6 expended charges daily at dawn. While holding the weapon, you can expend 1 charge to cast its spell.

The spell's saving throw DC is 15, and its attack bonus is +7.

***Two-Handed.*** A Two-Handed weapon requires two hands when you attack with it.

***Mastery: Push.*** If you hit a creature with this weapon, you can push the creature up to 10 feet straight away from yourself if it is Large or smaller.","spell_scroll_level 3, extra_damage_multiplier 1","https://5e.tools/items.html#enspelled%20(level%203)%20greatclub_xdmg"
"Enspelled (Level 4) Heavy Tommybow (5)","Dungeon Master's Guide (2024)","Ranged Weapon","Very Rare","Yes","12,165 gp","9,732 gp / 12,165 gp / 14,598 gp","Algorithm","random","*The *base item* can be found in Heliana’s Guide to Monster Hunting, page 123.*

Bound into this weapon is a level 4 spell. The spell is determined when the weapon is created and must belong to the Conjuration, Divination, Evocation, Necromancy, or Transmutation school of magic. The weapon has 6 charges and regains 1d6 expended charges daily at dawn. While holding the weapon, you can expend 1 charge to cast its spell.

The spell's saving throw DC is 15, and its attack bonus is +7.

Tommybows are repeating crossbows that mirror the three types of normal crossbows: hand, heavy, and light. They are composed of vertically-stacked bows upon a crossbow's chassis, an unwieldy arrangement that reduces their effective range in comparison to their crossbow counterparts.

***Range.*** A weapon that can be used to make a ranged attack has a range shown in parentheses after the ammunition or thrown property. The range lists two numbers. The first is the weapon's normal range in feet, and the second indicates the weapon's maximum range. When attacking a target beyond normal range, you have disadvantage on the attack roll. You can't attack a target beyond the weapon's long range.

***Ammunition.*** You can use a weapon that has the ammunition property to make a ranged attack only if you have ammunition to fire from the weapon. Each time you attack with the weapon, you expend one piece of ammunition. Drawing the ammunition from a quiver, case, or other container is part of the attack. Loading a one-handed weapon requires a free hand. At the end of the battle, you can recover half your expended ammunition by taking a minute to search the battlefield.

If you use a weapon that has the ammunition property to make a melee attack, you treat the weapon as an improvised weapon. A sling must be loaded to deal any damage when used in this way.

***Two-Handed.*** This weapon requires two hands to use. This property is relevant only when you attack with the weapon, not when you simply hold it.

***Heavy.*** Creatures that are Small or Tiny have disadvantage on attack rolls with heavy weapons. A heavy weapon's size and bulk make it too large for a Small or Tiny creature to use effectively.

**Reload.** A limited number of shots, specified by the number in parentheses after the reload property, can be made with this weapon. A character must then reload it using an action.","reload 5, spell_scroll_level 4, extra_damage_multiplier 1","https://5e.tools/items.html#enspelled%20(level%204)%20heavy%20tommybow%20(5)_xdmg"
"Enspelled (Level 6) Javelin","Dungeon Master's Guide (2024)","Melee Weapon","Legendary","Yes","37,800 gp","30,240 gp / 37,800 gp / 45,360 gp","Algorithm","random","Bound into this weapon is a level 6 spell. The spell is determined when the weapon is created and must belong to the Conjuration, Divination, Evocation, Necromancy, or Transmutation school of magic. The weapon has 6 charges and regains 1d6 expended charges daily at dawn. While holding the weapon, you can expend 1 charge to cast its spell.

The spell's saving throw DC is 17, and its attack bonus is +9.

***Thrown.*** If a weapon has the Thrown property, you can throw the weapon to make a ranged attack, and you can draw that weapon as part of the attack. If the weapon is a Melee weapon, use the same ability modifier for the attack and damage rolls that you use for a melee attack with that weapon.

***Mastery: Slow.*** If you hit a creature with this weapon and deal damage to it, you can reduce its Speed by 10 feet until the start of your next turn. If the creature is hit more than once by weapons that have this property, the Speed reduction doesn't exceed 10 feet.","spell_scroll_level 6, extra_damage_multiplier 1","https://5e.tools/items.html#enspelled%20(level%206)%20javelin_xdmg"
"Enspelled (Level 7) Light Tommybow (3)","Dungeon Master's Guide (2024)","Ranged Weapon","Legendary","Yes","48,615 gp","38,892 gp / 48,615 gp / 58,338 gp","Algorithm","random","*The *base item* can be found in Heliana’s Guide to Monster Hunting, page 123.*

Bound into this weapon is a level 7 spell. The spell is determined when the weapon is created and must belong to the Conjuration, Divination, Evocation, Necromancy, or Transmutation school of magic. The weapon has 6 charges and regains 1d6 expended charges daily at dawn. While holding the weapon, you can expend 1 charge to cast its spell.

The spell's saving throw DC is 18, and its attack bonus is +10.

Tommybows are repeating crossbows that mirror the three types of normal crossbows: hand, heavy, and light. They are composed of vertically-stacked bows upon a crossbow's chassis, an unwieldy arrangement that reduces their effective range in comparison to their crossbow counterparts.

***Range.*** A weapon that can be used to make a ranged attack has a range shown in parentheses after the ammunition or thrown property. The range lists two numbers. The first is the weapon's normal range in feet, and the second indicates the weapon's maximum range. When attacking a target beyond normal range, you have disadvantage on the attack roll. You can't attack a target beyond the weapon's long range.

***Ammunition.*** You can use a weapon that has the ammunition property to make a ranged attack only if you have ammunition to fire from the weapon. Each time you attack with the weapon, you expend one piece of ammunition. Drawing the ammunition from a quiver, case, or other container is part of the attack. Loading a one-handed weapon requires a free hand. At the end of the battle, you can recover half your expended ammunition by taking a minute to search the battlefield.

If you use a weapon that has the ammunition property to make a melee attack, you treat the weapon as an improvised weapon. A sling must be loaded to deal any damage when used in this way.

***Two-Handed.*** This weapon requires two hands to use. This property is relevant only when you attack with the weapon, not when you simply hold it.

**Reload.** A limited number of shots, specified by the number in parentheses after the reload property, can be made with this weapon. A character must then reload it using an action.","spell_scroll_level 7, reload 3, extra_damage_multiplier 1","https://5e.tools/items.html#enspelled%20(level%207)%20light%20tommybow%20(3)_xdmg"
"Enspelled (Level 7) Scimitar","Dungeon Master's Guide (2024)","Melee Weapon","Legendary","Yes","48,625 gp","38,900 gp / 48,625 gp / 58,350 gp","Algorithm","random","Bound into this weapon is a level 7 spell. The spell is determined when the weapon is created and must belong to the Conjuration, Divination, Evocation, Necromancy, or Transmutation school of magic. The weapon has 6 charges and regains 1d6 expended charges daily at dawn. While holding the weapon, you can expend 1 charge to cast its spell.

The spell's saving throw DC is 18, and its attack bonus is +10.

***Finesse.*** When making an attack with a Finesse weapon, use your choice of your Strength or Dexterity modifier for the attack and damage rolls. You must use the same modifier for both rolls.

***Light.*** When you take the Attack action on your turn and attack with a Light weapon, you can make one extra attack as a Bonus Action later on the same turn. That extra attack must be made with a different Light weapon, and you don't add your ability modifier to the extra attack's damage unless that modifier is negative. For example, you can attack with a *Shortsword* in one hand and a *Dagger* in the other using the Attack action and a Bonus Action, but you don't add your Strength or Dexterity modifier to the damage roll of the Bonus Action unless that modifier is negative.

***Mastery: Nick.*** When you make the extra attack of the Light property, you can make it as part of the Attack action instead of as a Bonus Action. You can make this extra attack only once per turn.","spell_scroll_level 7, extra_damage_multiplier 1","https://5e.tools/items.html#enspelled%20(level%207)%20scimitar_xdmg"
"Enspelled (Level 7) Secret Stone Sword","Dungeon Master's Guide (2024)","Melee Weapon","Legendary","Yes","48,615 gp","38,892 gp / 48,615 gp / 58,338 gp","Algorithm","random","*The *base item* can be found in Obojima: Tales from the Tall Grass, page 159.*

Bound into this weapon is a level 7 spell. The spell is determined when the weapon is created and must belong to the Conjuration, Divination, Evocation, Necromancy, or Transmutation school of magic. The weapon has 6 charges and regains 1d6 expended charges daily at dawn. While holding the weapon, you can expend 1 charge to cast its spell.

The spell's saving throw DC is 18, and its attack bonus is +10.

Although it's not much of a secret nowadays, the magical stone known as feather rock, which is used to craft these stone swords, was once coveted and kept hidden by the Nakudama. Even though feather rock is now commonly used by potion brewers, and the craft of making one of these swords is fairly common, the name has stayed the same.

***Light.*** A light weapon is small and easy to handle, making it ideal for use when fighting with two weapons.

***Versatile.*** This weapon can be used with one or two hands. A damage value in parentheses appears with the property—the damage when the weapon is used with two hands to make a melee attack.","spell_scroll_level 7, extra_damage_multiplier 1","https://5e.tools/items.html#enspelled%20(level%207)%20secret%20stone%20sword_xdmg"
"Enspelled (Level 7) Sling","Dungeon Master's Guide (2024)","Ranged Weapon","Legendary","Yes","48,600 gp","38,880 gp / 48,600 gp / 58,320 gp","Algorithm","random","Bound into this weapon is a level 7 spell. The spell is determined when the weapon is created and must belong to the Conjuration, Divination, Evocation, Necromancy, or Transmutation school of magic. The weapon has 6 charges and regains 1d6 expended charges daily at dawn. While holding the weapon, you can expend 1 charge to cast its spell.

The spell's saving throw DC is 18, and its attack bonus is +10.

***Range.*** A Range weapon has a range in parentheses after the Ammunition or Thrown property. The range lists two numbers. The first is the weapon's normal range in feet, and the second is the weapon's long range. When attacking a target beyond normal range, you have Disadvantage on the attack roll. You can't attack a target beyond the long range.

***Ammunition.*** You can use a weapon that has the Ammunition property to make a ranged attack only if you have ammunition to fire from it. The type of ammunition required is specified with the weapon's range. Each attack expends one piece of ammunition. Drawing the ammunition is part of the attack (you need a free hand to load a one-handed weapon). After a fight, you can spend 1 minute to recover half the ammunition (round down) you used in the fight; the rest is lost.

***Mastery: Slow.*** If you hit a creature with this weapon and deal damage to it, you can reduce its Speed by 10 feet until the start of your next turn. If the creature is hit more than once by weapons that have this property, the Speed reduction doesn't exceed 10 feet.","spell_scroll_level 7, extra_damage_multiplier 1","https://5e.tools/items.html#enspelled%20(level%207)%20sling_xdmg"
"Enspelled Staff (Level 8)","Dungeon Master's Guide (2024)","Melee Weapon","Legendary","Yes","60,755 gp","48,604 gp / 60,755 gp / 72,906 gp","Algorithm","random","Bound into this staff is a level 8 spell. The spell is determined when the staff is created and can be of any school of magic. The staff has 6 charges and regains 1d6 expended charges daily at dawn. While holding the staff, you can expend 1 charge to cast its spell. If you expend the staff's last charge, roll 1d20. On a 1, the staff loses its properties and becomes a nonmagical *Quarterstaff*.

The spell's saving throw DC is 18, and its attack bonus is +10.

***Versatile.*** A Versatile weapon can be used with one or two hands. A damage value in parentheses appears with the property. The weapon deals that damage when used with two hands to make a melee attack.

***Mastery: Topple.*** If you hit a creature with this weapon, you can force the creature to make a Constitution saving throw (DC 8 plus the ability modifier used to make the attack roll and your Proficiency Bonus). On a failed save, the creature has the Prone condition.","spell_scroll_level 8, save_dc 8, extra_damage_multiplier 1","https://5e.tools/items.html#enspelled%20staff%20(level%208)_xdmg"
"Ephixis, Bow of Nylea","Mythic Odysseys of Theros","Ranged Weapon","Artifact","Yes","470,000 gp","376,000 gp / 470,000 gp / 564,000 gp","Algorithm","family-min","Nylea wields the shortbow Ephixis, the bow whose arrows herald the turning of the seasons. Nylea is quick to let her favored followers borrow her bow, particularly when they intend to use it to perform great deeds, put an end to foul creatures, or cast down the arrogant.

***Bow of the Wild.*** This divine weapon includes a shortbow and a quiver with four arrows, each tied to one of the four seasons. You gain a +3 bonus to attack and damage rolls made with this bow, and you suffer no disadvantage when attacking at the weapon's long range. Additionally, Ephixis scores a critical hit on a d20 roll of 19 or 20.

***Blessing of the Wild.*** If you are a worshiper of Nylea, you gain all the following benefits for which you have the required piety:

- **Piety 10+.** The bow has 1 randomly determined minor beneficial property.
- **Piety 25+.** The bow has 1 randomly determined major beneficial property.

If you aren't a worshiper of Nylea, the bow has 1 randomly determined major detrimental property.

See ""Artifacts"" in chapter 7 of the Dungeon Master's Guide for details on randomly determined properties.

***Arrows of the Seasons.*** The four arrows—each associated with a season—that accompany this bow can be fired only from it. Each arrow disappears immediately after it's used, and it reappears in the quiver at the next dusk. The save DC against spells cast with the arrows is 18. Each arrow has a unique property:

- **Spring.** As an action, you can fire this arrow, targeting a beast or a plant creature you can see within 320 feet of you. On a hit, the arrow deals no damage, and the target gains the benefits of the *awaken* spell for 8 hours.
- **Summer.** As an action, you can fire this arrow at an unoccupied space on the ground that you can see within 320 feet of you, no attack roll required. A Nyxborn lynx is summoned in that space (use the stat block for a **tiger** with the *Nyxborn traits* from chapter 6). The lynx understands your verbal commands and obeys them as best it can, and it takes its turns immediately after yours. The emissary remains for 1 hour before fading away.
- **Autumn.** As an action, you can fire this arrow at a space on the ground that you can see within 320 feet of you, no attack roll required, casting the *wall of thorns* spell there.
- **Winter.** As an action, you can fire this arrow at a space that you can see within 320 feet of you, no attack roll required, casting the *ice storm* spell there.

***Destroying the Bow.*** The bow can't be destroyed without first destroying all its arrows. The winter arrow must be fed to a cerberus on the winter solstice. The spring arrow must be planted at the base of a Black Oak of Asphodel on the spring equinox. The summer arrow must be broken by a sea giant on the summer solstice. Then the autumn arrow must be shot into the carcass of a hydra on the autumnal equinox. When all four arrows are destroyed, the bow and quiver dissolve into dust.

***Range.*** A weapon that can be used to make a ranged attack has a range shown in parentheses after the ammunition or thrown property. The range lists two numbers. The first is the weapon's normal range in feet, and the second indicates the weapon's maximum range. When attacking a target beyond normal range, you have disadvantage on the attack roll. You can't attack a target beyond the weapon's long range.

***Ammunition.*** You can use a weapon that has the ammunition property to make a ranged attack only if you have ammunition to fire from the weapon. Each time you attack with the weapon, you expend one piece of ammunition. Drawing the ammunition from a quiver, case, or other container is part of the attack. Loading a one-handed weapon requires a free hand. At the end of the battle, you can recover half your expended ammunition by taking a minute to search the battlefield.

If you use a weapon that has the ammunition property to make a melee attack, you treat the weapon as an improvised weapon. A sling must be loaded to deal any damage when used in this way.

***Two-Handed.*** This weapon requires two hands to use. This property is relevant only when you attack with the weapon, not when you simply hold it.","crit_threshold 19, weapon_bonus 3, extra_damage_multiplier 1, minor_beneficial 1, major_beneficial 1, major_detrimental 1","https://5e.tools/items.html#ephixis,%20bow%20of%20nylea_mot"
"Everglacier Prosthesis","The Griffon's Saddlebag: Book Two","Wondrous Item","Rare","Yes","3,259 gp","2,607 gp / 3,259 gp / 3,911 gp","Algorithm","random","When found, this item appears to be a roughly hewn length of ice with runes etched into its side. To attune to this item, you must attach it to the end of your missing arm or leg, at which point the ice magically attaches to you and forms an icy copy of the appendage it's replacing. The prosthetic is a fully capable part of your body and can't be removed against your will as long as you're attuned to it. While the prosthetic is attached, you have resistance to cold damage, and your unarmed strikes with the limb deal cold damage instead of bludgeoning damage. In addition, the prosthesis has 6 icy spikes protruding from its surface. You can use an action while the prosthetic is attached to launch up to 3 of the spikes at one or more targets within 30 feet of you. Make a ranged spell attack for each spike, using an attack bonus of +7. On a hit, the target takes 2d6 cold damage. 1d4 + 2 launched spikes regrow daily at dawn.","is_wondrous 1, extra_damage_multiplier 1","https://5e.tools/items.html#everglacier%20prosthesis_griffonssaddlebag2"
"Eyescratch","Waterdeep: Dragon Heist","Adventuring Gear","Mundane","No","1.0 gp","80 cp / 1.0 gp / 1.2 gp","Algorithm","random","A creature that comes into contact with this poison must succeed on a DC 14 Constitution saving throw or be poisoned for 1 hour and blinded while poisoned in this way. A *lesser restoration* spell or similar magic ends the effect.","save_dc 14, is_poison 1, extra_damage_multiplier 1","https://5e.tools/items.html#eyescratch_wdh"
"Fabulist Gem","The Book of Many Things","Wondrous Item","Uncommon","Yes","909 gp","727 gp / 909 gp / 1,091 gp","Algorithm","random","This glittering red gem is commonly found embedded in a ring or brooch.

While wearing the gem, you gain the following benefits.

***Counterfeit Coins.*** You can use your action to magically create a pile of coins, worth no more than 100 gp total, in an unoccupied space within 10 feet of yourself. The pile must appear on a surface that can support it. After 1 hour, the coins vanish, regardless of where they are. Once this action is used, it can't be used again until the next dawn.

***Illusory Fashion.*** As a bonus action, you can magically change the appearance of your clothing and armor. You can change the style, color, and apparent quality of what you're wearing, or you can make it appear as if you were wearing different garments entirely. In either case, the changes wrought by this magic fail to pass physical inspection.","is_wondrous 1, extra_damage_multiplier 1","https://5e.tools/items.html#fabulist%20gem_bmt"
"Fanfare Cannonball","The Griffon's Saddlebag: Book One","Ammunition","Common","No","25 gp","20 gp / 25 gp / 30 gp","Algorithm","random","Ammunition is required by a weapon that has AF. A weapon's description specifies the type of ammunition used by the weapon. Firearm ammunition is destroyed upon use.","is_ammunition 1, extra_damage_multiplier 1","https://5e.tools/items.html#fanfare%20cannonball_24griffonssaddlebag1"
"Fire Opal","Dungeon Master's Guide (2024)","$G","Mundane","No","1,000 gp","800 gp / 1,000 gp / 1,200 gp","Official","floor-tripwire","A fiery red gemstone.","extra_damage_multiplier 1","https://5e.tools/items.html#fire%20opal_xdmg"
"Flame Tongue Shortsword of Greed","Tales from the Yawning Portal","Melee Weapon","Unknown Magic","Yes","4,499 gp","3,599 gp / 4,499 gp / 5,398 gp","Algorithm","random","You can use a bonus action to speak this magic sword's command word, causing flames to erupt from the blade. These flames shed bright light in a 40-foot radius and dim light for an additional 40 feet. While the sword is ablaze, it deals an extra 2d6 fire damage to any target it hits. The flames last until you use a bonus action to speak the command word again or until you drop or sheathe the sword.

While you are attuned to this sword you can use an action to mentally command it to detect gems and jewels. You learn the kind and number of such objects within 60 feet of the sword.

***Finesse.*** When making an attack with a finesse weapon, you use your choice of your Strength or Dexterity modifier for the attack and damage rolls. You must use the same modifier for both rolls.

***Light.*** A light weapon is small and easy to handle, making it ideal for use when fighting with two weapons.","extra_damage_avg 7, extra_damage_priced_avg 7, extra_damage_multiplier 1","https://5e.tools/items.html#flame%20tongue%20shortsword%20of%20greed_tftyp"
"Flensing Claws (Large)","Volo's Guide to Monsters","Other","Mundane","No","1.0 gp","80 cp / 1.0 gp / 1.2 gp","Algorithm","random","Flensing claws take the form of articulated digits that extend into long metal blades. The claws are knitted into the flesh and bones of a creature's arms and can't be removed without surgical amputation.

Each set of flensing claws is designed for a specific creature and can't be used by anyone else. A creature equipped with flensing claws can use its action to make one melee weapon attack with the claws. The creature adds its proficiency bonus and Strength modifier to any attack roll made with the claws, and its Strength modifier to its damage roll when it hits a target with the claws.","extra_damage_multiplier 1","https://5e.tools/items.html#flensing%20claws%20(large)_vgm"
"Forcebreaker Iron Tea Kettle","The Book of Many Things","Melee Weapon","Very Rare","No","4,210 gp","3,368 gp / 4,210 gp / 5,052 gp","Algorithm","random","*The *base item* can be found in Obojima: Tales from the Tall Grass, page 158.*

You gain a +2 bonus to attack and damage rolls made with this magic weapon.

This weapon was crafted to destroy structures made of force, such as those created by *Forcecage* or *Wall of Force*. Striking a Large or smaller structure of magical force with this weapon automatically shatters that structure. If the target is a Huge or larger structure of force, this weapon shatters a 20-foot-cube portion of it.","weapon_bonus 2, extra_damage_multiplier 1","https://5e.tools/items.html#forcebreaker%20iron%20tea%20kettle_bmt"
"Foresight Repeater Needler","Where Evil Lives: The MCDM Book of Boss Battles","Ranged Weapon","Very Rare","Yes","1,000 gp","800 gp / 1,000 gp / 1,200 gp","Algorithm","floor-tripwire","—","weapon_bonus 1, extra_damage_multiplier 1","https://5e.tools/items.html#foresight%20repeater%20needler_whereevillives"
"Foresight Side-handle Baton","Where Evil Lives: The MCDM Book of Boss Battles","Melee Weapon","Very Rare","Yes","1,061 gp","849 gp / 1,061 gp / 1,273 gp","Algorithm","random","—","weapon_bonus 1, extra_damage_multiplier 1","https://5e.tools/items.html#foresight%20side-handle%20baton_whereevillives"
"Forgemaster's Warhammer","The Griffon's Saddlebag: Book One","Melee Weapon","Legendary","Yes","8,000 gp","6,400 gp / 8,000 gp / 9,600 gp","Algorithm","floor-tripwire","—","weapon_bonus 2, extra_damage_multiplier 1","https://5e.tools/items.html#forgemaster's%20warhammer_24griffonssaddlebag1"
"Garb of Light and Shadow","Forgotten Realms: Heroes of Faerûn","Adventuring Gear","Mundane","No","50 gp","40 gp / 50 gp / 60 gp","Official","floor-tripwire","This garb appeals to Fey from one Domain of Delight, such as the Gloaming Court or the Summer Court. While wearing the garb, you have Advantage on ability checks to influence Fey associated with that Domain of Delight.","extra_damage_multiplier 1","https://5e.tools/items.html#garb%20of%20light%20and%20shadow_frhof"
"Gardener's Solution","Obojima: Tales from the Tall Grass","Potion","Uncommon","No","415 gp","332 gp / 415 gp / 498 gp","Algorithm","random","When this oily, greenish potion is rubbed on a plant, the plant instantly grows to full maturity. If the plant is too big for the space—such as a redwood tree—it will stop growing once it has reasonably filled the space. If the potion is imbibed, it does nothing, but it tastes like maple syrup. {@style 41|SneakerProMedium}","extra_damage_multiplier 1","https://5e.tools/items.html#gardener's%20solution_obojimatallgrass"
"Gargath Wool Clothes","Humblewood Tales","Adventuring Gear","Mundane","No","10 gp","8.0 gp / 10 gp / 12 gp","Official","random","These items of warm, heavy clothing from the Gargan Steppe are made of spun gargath wool lined with coarse fur. When worn, these clothes allow you to remain comfortable in temperatures as low as -50 degrees Fahrenheit.","extra_damage_multiplier 1","https://5e.tools/items.html#gargath%20wool%20clothes_humblewoodtales"
"Genie Robe","Forgotten Realms: Heroes of Faerûn","Adventuring Gear","Mundane","No","50 gp","40 gp / 50 gp / 60 gp","Official","floor-tripwire","This robe appeals to Elementals associated with a particular Elemental Plane (Air, Earth, Fire, Water). While wearing a Genie Robe, you have Advantage on ability checks made to influence Elementals associated with that plane.","extra_damage_multiplier 1","https://5e.tools/items.html#genie%20robe_frhof"
"Gloves of Missile Snaring","Dungeon Master's Guide (2024)","Wondrous Item","Uncommon","Yes","1,634 gp","1,307 gp / 1,634 gp / 1,961 gp","Amalgamated (DSA,MSRP,DMPG)","random","If you're hit by an attack roll made with a Ranged or Thrown weapon while wearing these gloves, you can take a Reaction to reduce the damage by 1d10 plus your Dexterity modifier if you have a free hand. If you reduce the damage to 0, you can catch the ammunition or weapon if it is small enough for you to hold in that hand.","is_wondrous 1, extra_damage_multiplier 1","https://5e.tools/items.html#gloves%20of%20missile%20snaring_xdmg"
"Gluebomb","Tal'Dorei Campaign Setting Reborn","Explosive","Mundane","No","50 gp","40 gp / 50 gp / 60 gp","Official","floor-tripwire","This unique explosive can be primed and thrown up to 30 feet as an action. It explodes on impact. Creatures within 20 feet of it must make a 12 Dexterity saving throws or be restrained for 1 minute. A restrained creature can make a 12 Strength check as an action, escaping on a success.","extra_damage_multiplier 1","https://5e.tools/items.html#gluebomb_taldoreicampaignsettingreborn"
"Gnomengarde Grenade","Divine Contention","Wondrous Item","Varies","No","750 gp","600 gp / 750 gp / 900 gp","Algorithm","random","This small metallic object is comprised of rune-covered parts made from different metals, linked together with a variety of gears, bands, bits, and bobs. The metals are all different colors, making the grenade shine with a rainbow of color when held up in the light.

As a bonus action, a creature can turn a special key to arm the grenade. Once armed, the grenade explodes in a matter of seconds. As an action, the wielder can hurl the grenade up to 120 feet. At the end of their turn, the grenade explodes. All creatures within 60 feet of the grenade when it explodes suffer the following effects:

- Each creature must make a DC 15 Dexterity saving throw, taking 28 (8d6) fire damage on a failed save, or half as much fire damage on a successful one.
- Each creature must make a DC 15 Constitution saving throw. On a failed save, it takes 28 (8d6) thunder damage and is stunned until the end of its next turn. On a successful save, it takes half as much thunder damage and is not stunned.
- The wielder rolls on the chart* for the *wand of wonder* three times, rerolling any duplicate results. Any effects that specify a target affect all creatures in range of the grenade when it explodes. Any effects that would affect the wielder of the wand instead affect the closest creature to the grenade when it goes off.

The grenade explodes immediately if a creature places it in an extradimensional space or teleports while in possession of it. The effects of the explosion will be felt at both the origin and terminus of the teleportation, but only affecting all creatures within 30 feet of either location.","save_dc 15, is_wondrous 1, extra_damage_multiplier 1","https://5e.tools/items.html#gnomengarde%20grenade_dc"
"Gold","Dungeon Master's Guide (2024)","Trade Goods","Mundane","No","50 gp","40 gp / 50 gp / 60 gp","Official","floor-tripwire","Merchants commonly exchange trade goods without using currency.","extra_damage_multiplier 1","https://5e.tools/items.html#gold_xdmg"
"Gold (gp)","Player's Handbook","$C","Mundane","No","1.0 gp","80 cp / 1.0 gp / 1.2 gp","Official","random","Common coins come in several different denominations based on the relative worth of the metal from which they are made. The three most common coins are the gold piece (gp), the silver piece (sp), and the copper piece (cp). With one gold piece, a character can buy a belt pouch, 50 feet of good rope, or a goat. A skilled (but not exceptional) artisan can earn one gold piece a day. The gold piece is the standard unit of measure for wealth, even if the coin itself is not commonly used. When merchants discuss deals that involve goods or services worth hundreds or thousands of gold pieces, the transactions don't usually involve the exchange of individual coins. Rather, the gold piece is a standard measure of value, and the actual exchange is in gold bars, letters of credit, or valuable goods. One gold piece is worth ten silver pieces, the most prevalent coin among commoners. A silver piece buys a laborer's work for a day, a flask of lamp oil, or a night's rest in a poor inn. One silver piece is worth ten copper pieces, which are common among laborers and beggars. A single copper piece buys a candle, a torch, or a piece of chalk. In addition, unusual coins made of other precious metals sometimes appear in treasure hoards. The electrum piece (ep) and the platinum piece (pp) originate from fallen empires and lost kingdoms, and they sometimes arouse suspicion and skepticism when used in transactions. An electrum piece is worth five silver pieces, and a platinum piece is worth ten gold pieces. A standard coin weighs about a third of an ounce, so fifty coins weigh a pound.","extra_damage_multiplier 1","https://5e.tools/items.html#gold%20(gp)_phb"
"Gold idol","Dungeon Master's Guide (2024)","$A","Mundane","No","750 gp","600 gp / 750 gp / 900 gp","Official","random","—","extra_damage_multiplier 1","https://5e.tools/items.html#gold%20idol_xdmg"
"Grace of the Wind-Touched Jerbeen Figurine","Humblewood Tales","$A","Mundane","No","50 gp","40 gp / 50 gp / 60 gp","Official","floor-tripwire","An ornate figurine of a jerbeen with wings carved with an impressive level of craftsmanship. Said to be made of branches gifted by the Wind-Touched from her own home in the forest.","extra_damage_multiplier 1","https://5e.tools/items.html#grace%20of%20the%20wind-touched%20jerbeen%20figurine_humblewoodtales"
"Grappling Gun","Grim Hollow: Player's Guide (2024)","AdvEq","Mundane","No","200 gp","160 gp / 200 gp / 240 gp","Official","floor-tripwire","A Grappling Gun can shoot a Grappling Hook attached to a rope up to 150 feet, and the hook catches with a successful DC 10 Dexterity (Acrobatics) check. Additionally, if you are falling, you can use a Reaction to shoot the Grappling Gun at an attachable surface to stop your fall. You still must succeed on the check to ensure the Grappling Hook catches on a solid object. On a successful check, you stop your fall.","save_dc 10, extra_damage_multiplier 1","https://5e.tools/items.html#grappling%20gun_grimhollowpg24"
"Gravenhollow Compass Ring","Out of the Abyss","Other","Unknown Magic","No","289 gp","231 gp / 289 gp / 346 gp","Algorithm","random","This gold ring is fitted with a star ruby worth 1,000 gp. A detect magic spell reveals that the gem radiates a faint aura of divination magic. The gem's star-shaped core is a magical compass that guides the ring's wearer along the safest, shortest route to Gravenhollow.","extra_damage_multiplier 1","https://5e.tools/items.html#gravenhollow%20compass%20ring_oota"
"Greatsword","Player's Handbook (2024)","Melee Weapon","Mundane","No","50 gp","40 gp / 50 gp / 60 gp","Official","floor-tripwire","***Heavy.*** You have Disadvantage on attack rolls with a Heavy weapon if it's a Melee weapon and your Strength score isn't at least 13 or if it's a Ranged weapon and your Dexterity score isn't at least 13.

***Two-Handed.*** A Two-Handed weapon requires two hands when you attack with it.

***Mastery: Graze.*** If your attack roll with this weapon misses a creature, you can deal damage to that creature equal to the ability modifier you used to make the attack roll. This damage is the same type dealt by the weapon, and the damage can be increased only by increasing the ability modifier.","extra_damage_multiplier 1","https://5e.tools/items.html#greatsword_xphb"
"Grovelthrash (Awakened)","Explorer's Guide to Wildemount","Melee Weapon","Artifact","Yes","330,000 gp","264,000 gp / 330,000 gp / 396,000 gp","Algorithm","random","Crafted from a single piece of obsidian, this warhammer of Torog hums with magical energy and is carved with the images of faces screaming in pain.

***Sentience.*** Grovelthrash is a sentient neutral evil weapon with an Intelligence of 18, a Wisdom of 15, and a Charisma of 19. It has hearing and darkvision out to a range of 120 feet.

The weapon communicates telepathically with its wielder and can speak, read, and understand Abyssal, Common, and Infernal.

***Personality.*** A covetous **ultroloth** named Ciria lives within Grovelthrash. The weapon values material possessions and doling out pain. It compliments its wielder whenever they claim treasure and takes pleasure in harming others.

***Dormant.*** The warhammer grants the following benefits in its dormant state:

- You can speak, read, and write Abyssal and Infernal.
- You gain a +1 bonus to attack and damage rolls made with this magic weapon. When you hit with an attack using this warhammer, you can deal an extra 2d6 bludgeoning damage to the target. If you do, you take 1d6 psychic damage. The warhammer deals double damage to objects and structures.
- While holding this weapon, you have advantage on Wisdom (Insight) checks made to discern a lie spoken in a language you understand.

> ##### Betrayer Artifact Properties
>
>The Arms of the Betrayers advance in power in the same manner as the Vestiges of Divergence. In its dormant state, each of these artifacts has one minor beneficial property and one minor detrimental property. When the artifact attains an awakened state, it gains an additional minor beneficial property and an additional minor detrimental property. When the item reaches its exalted state, it gains a major beneficial property. See ""Artifact Properties"" in chapter 7 of the Dungeon Master's Guide for more information.
>

***Awakened.*** When the warhammer reaches an awakened state, it gains the following properties:

- The weapon's bonus to attack and damage rolls increases to +2.
- You gain a burrowing speed equal to your walking speed. You can use your burrowing speed to move through sand, loose earth, mud, or ice, not solid rock.
- When a creature you can see within 30 feet of you hits you with an attack while you are wielding the warhammer, you can use your reaction to deal an amount of psychic damage to that creature equal to the damage you took from the attack. This property can't be used again until the next dawn.

***Versatile.*** This weapon can be used with one or two hands. A damage value in parentheses appears with the property—the damage when the weapon is used with two hands to make a melee attack.

***Vestige of Divergence.*** *This item is a Vestige of Divergence, see *Vestiges of Divergence* for more information.*","darkvision_feet 120, extra_damage_avg 7, extra_damage_priced_avg 7, weapon_bonus 2, grants_language 1, is_sentient 1","https://5e.tools/items.html#grovelthrash%20(awakened)_egw"
"Grovelthrash (Exalted)","Explorer's Guide to Wildemount","Melee Weapon","Artifact","Yes","550,000 gp","440,000 gp / 550,000 gp / 660,000 gp","Algorithm","family-min","Crafted from a single piece of obsidian, this warhammer of Torog hums with magical energy and is carved with the images of faces screaming in pain.

***Sentience.*** Grovelthrash is a sentient neutral evil weapon with an Intelligence of 18, a Wisdom of 15, and a Charisma of 19. It has hearing and darkvision out to a range of 120 feet.

The weapon communicates telepathically with its wielder and can speak, read, and understand Abyssal, Common, and Infernal.

***Personality.*** A covetous **ultroloth** named Ciria lives within Grovelthrash. The weapon values material possessions and doling out pain. It compliments its wielder whenever they claim treasure and takes pleasure in harming others.

***Dormant.*** The warhammer grants the following benefits in its dormant state:

- You can speak, read, and write Abyssal and Infernal.
- You gain a +1 bonus to attack and damage rolls made with this magic weapon. When you hit with an attack using this warhammer, you can deal an extra 2d6 bludgeoning damage to the target. If you do, you take 1d6 psychic damage. The warhammer deals double damage to objects and structures.
- While holding this weapon, you have advantage on Wisdom (Insight) checks made to discern a lie spoken in a language you understand.

> ##### Betrayer Artifact Properties
>
>The Arms of the Betrayers advance in power in the same manner as the Vestiges of Divergence. In its dormant state, each of these artifacts has one minor beneficial property and one minor detrimental property. When the artifact attains an awakened state, it gains an additional minor beneficial property and an additional minor detrimental property. When the item reaches its exalted state, it gains a major beneficial property. See ""Artifact Properties"" in chapter 7 of the Dungeon Master's Guide for more information.
>

***Awakened.*** When the warhammer reaches an awakened state, it gains the following properties:

- The weapon's bonus to attack and damage rolls increases to +2.
- You gain a burrowing speed equal to your walking speed. You can use your burrowing speed to move through sand, loose earth, mud, or ice, not solid rock.
- When a creature you can see within 30 feet of you hits you with an attack while you are wielding the warhammer, you can use your reaction to deal an amount of psychic damage to that creature equal to the damage you took from the attack. This property can't be used again until the next dawn.

***Exalted.*** When the warhammer reaches an exalted state, it gains the following properties:

- The weapon's bonus to attack and damage rolls increases to +3.
- When you have fewer hit points than half your hit point maximum, the warhammer deals an extra 2d6 bludgeoning damage on a hit. You can burrow through solid rock at half your burrowing speed and leave a 5-foot-diameter tunnel in your wake.
- As an action, you can use the warhammer to cast one of the following spells from it (save DC 17): *earthquake*, *meld into stone*, or *stone shape*. Once a spell has been cast using the warhammer, that spell can't be cast from the warhammer again until the next dawn.

***Versatile.*** This weapon can be used with one or two hands. A damage value in parentheses appears with the property—the damage when the weapon is used with two hands to make a melee attack.

***Vestige of Divergence.*** *This item is a Vestige of Divergence, see *Vestiges of Divergence* for more information.*","darkvision_feet 120, save_dc 17, extra_damage_avg 7, extra_damage_priced_avg 7, weapon_bonus 3, grants_language 1","https://5e.tools/items.html#grovelthrash%20(exalted)_egw"
"Gruul Keyrune","Guildmasters' Guide to Ravnica","Wondrous Item","Rare","Yes","3,017 gp","2,413 gp / 3,017 gp / 3,620 gp","Single source (DMPG)","random","This crude keyrune is cobbled together from bits of rubble, broken glass, bone, and animal hair. One end resembles a horned beast. On command, the keyrune transforms into a ceratok, a horned creature much like a **rhinoceros** (and with the same statistics). It remains in its ceratok form for 1 hour.

When you use an action to speak the item's command word and place the keyrune on the ground in an unoccupied space within 5 feet of you, the keyrune transforms into a ceratok. If there isn't enough space for the creature, the keyrune doesn't transform.

The creature is friendly to you, your companions, and other members of your guild (unless those guild members are hostile to you). It understands your languages and obeys your spoken commands. If you issue no commands, the creature takes the Dodge action and moves to avoid danger.

At the end of the duration, the creature reverts to its keyrune form. It reverts early if it drops to 0 hit points or if you use an action to speak the command word again while touching it. When the creature reverts to its keyrune form, it can't transform again until 36 hours have passed.","is_wondrous 1, extra_damage_multiplier 1","https://5e.tools/items.html#gruul%20keyrune_ggr"
"Gurt's Greataxe","Storm King's Thunder","Melee Weapon","Legendary","Yes","73,181 gp","58,545 gp / 73,181 gp / 87,818 gp","Single source (DMPG)","random","In the Year of the Icy Axe (123 DR), the **frost giant** Lord Gurt fell to Uthgar Gardolfsson—leader of the folk who would become the Uthgardt barbarians—in a battle that marked the ascendance of humankind over the giants in the Dessarin Valley. Gurt's greataxe was buried in Morgur's Mound until it was unearthed and brought back to Waterdeep. After laying in the city's vaults for decades, the axe was given to Harshnag, a **frost giant** adventurer, in recognition of his service to Waterdeep. Uthgardt barbarians recognize the weapon on sight and attack any giant that wields it.

You gain a +1 bonus to attack and damage rolls made with this magic weapon. It is sized for a giant, weighs 325 pounds, and deals 3d12 slashing damage on a hit, plus an extra 2d12 slashing damage if the target is human.

The axe sheds light as a torch when the temperature around it drops below 0 degrees Fahrenheit. The light can't be shut off in these conditions.

As an action, you can cast a version of the *heat metal* spell (save DC 13) that deals cold damage instead of fire damage. Once this power is used, it can't be used again until the next dawn.

***Heavy.*** Creatures that are Small or Tiny have disadvantage on attack rolls with heavy weapons. A heavy weapon's size and bulk make it too large for a Small or Tiny creature to use effectively.

***Two-Handed.*** This weapon requires two hands to use. This property is relevant only when you attack with the weapon, not when you simply hold it.","extra_damage_avg 13, save_dc 13, extra_damage_priced_avg 13, weapon_bonus 1, extra_damage_multiplier 1","https://5e.tools/items.html#gurt's%20greataxe_skt"
"Halberd (very rare)","Heliana's Guide to Monster Hunting","Melee Weapon","Very Rare","No","41,625 gp","33,300 gp / 41,625 gp / 49,950 gp","Algorithm","random","""Stab, bang, hope."" If consulted, these are the instructions any kobold will give on using a gunnspier. With a lengthy reload time and complete lack of accuracy, this matchlock-augmented polearm is usable at only one range: point blank. It also comes with a lovely ribbon and a neat basket to hold all your spare shot. Cute.

You gain a +2 bonus to attack and damage rolls made with this magic weapon.

**Point Blank Shot.** When you hit a target with an attack using a loaded gunnspier, you can use a bonus action to pull the trigger, firing a plum-sized leaden ball at the target. The attack deals an additional 3d8 bludgeoning damage. As an action, you can reload the gunnspier.
**Chomp.** The pneumatic-powered dragon's maw can run along the length of the gun's barrel before biting into a target skewered by its point. When you hit a target with an attack using the gunnspier, you can use a bonus action to deal an additional 1d10 piercing damage to it as part of the attack.
***Heavy.*** Creatures that are Small or Tiny have disadvantage on attack rolls with heavy weapons. A heavy weapon's size and bulk make it too large for a Small or Tiny creature to use effectively.

***Reach.*** This weapon adds 5 feet to your reach when you attack with it. This property also determines your reach for opportunity attacks with a reach weapon.

***Two-Handed.*** This weapon requires two hands to use. This property is relevant only when you attack with the weapon, not when you simply hold it.","extra_damage_avg 19, extra_damage_priced_avg 19, weapon_bonus 2, extra_damage_multiplier 1","https://5e.tools/items.html#halberd%20(very%20rare)_helianasguidetomonsterhunting"
"Half Plate Armor of Fire Resistance","Dungeon Master's Guide (2024)","Medium Armor","Rare","Yes","4,929 gp","3,943 gp / 4,929 gp / 5,915 gp","Algorithm","random","You have Resistance to fire damage while you wear this armor.

The wearer has disadvantage on Dexterity (Stealth) checks.","armor_ac 15, stealth_penalty 1, extra_damage_multiplier 1","https://5e.tools/items.html#half%20plate%20armor%20of%20fire%20resistance_xdmg"
"Harbor Moon","Waterdeep: Dragon Heist","$C","Mundane","No","50 gp","40 gp / 50 gp / 60 gp","Official","floor-tripwire","Platinum crescent inset with electrum, about three inches long with a hole large enough for a nib to fit in (1 harbor moon = 5,000 nib)","extra_damage_multiplier 1","https://5e.tools/items.html#harbor%20moon_wdh"
"Hat of Vermin","Dungeon Master's Guide (2024)","Wondrous Item","Common","No","80 gp","64 gp / 80 gp / 96 gp","Amalgamated (MSRP,DMPG)","random","This hat has 3 charges. While holding the hat, you can take a Magic action to expend 1 charge and summon your choice of a **Bat**, a **Frog**, or a **Rat**. The summoned creature magically appears in the hat and tries to get away from you as quickly as possible. The creature is Indifferent toward you and other creatures, and it isn't under your control. It behaves as an ordinary creature of its kind and disappears after 1 hour or when it drops to 0 Hit Points. The hat regains all expended charges daily at dawn.","is_wondrous 1, extra_damage_multiplier 1","https://5e.tools/items.html#hat%20of%20vermin_xdmg"
"Hat of Wizardry","Dungeon Master's Guide (2024)","Spellcasting Focus","Common","Yes","110 gp","88 gp / 110 gp / 132 gp","Amalgamated (DSA,MSRP,DMPG)","random","This cone-shaped hat is adorned with moons and stars. While you are wearing it, you gain the following benefits.

***Spellcasting Focus.*** You can use the hat as a Spellcasting Focus for your Wizard spells.

***Unknown Spell.*** As a Magic action, you can try to cast a cantrip that you don't know. The cantrip must be on the Wizard spell list and have a casting time of an action, and you make a DC 10 Intelligence (Arcana) check. On a successful check, you cast the spell. On a failed check, the spell fails, and the action used to cast the spell is wasted. In either case, you can't use this property again until you finish a Long Rest.","save_dc 10, is_wondrous 1, is_focus 1, extra_damage_multiplier 1, is_focus_prose 1","https://5e.tools/items.html#hat%20of%20wizardry_xdmg"
"Healing Cannonball","The Griffon's Saddlebag: Book One","Ammunition","Uncommon","No","187 gp","150 gp / 187 gp / 225 gp","Algorithm","random","Ammunition is required by a weapon that has AF. A weapon's description specifies the type of ammunition used by the weapon. Firearm ammunition is destroyed upon use.","is_ammunition 1, extra_damage_multiplier 1","https://5e.tools/items.html#healing%20cannonball_24griffonssaddlebag1"
"Hearthfire Breastplate (Aspirant)","Grim Hollow: Campaign Guide (2024/Transformed)","Medium Armor","Artifact","Yes","250,000 gp","200,000 gp / 250,000 gp / 300,000 gp","Algorithm","random","The Hearthfire Breastplate has been profoundly transformed by its corruption. Once it was emblazoned with a golden sun and radiated light. Now its surface is black and distorted, wriggling as if the metal were alive. At this tier of Attunement, you have the following benefits while wearing the Hearthfire Breastplate: You also gain the following curse:","ac_bonus 2, is_cursed 1, extra_damage_multiplier 1","https://5e.tools/items.html#hearthfire%20breastplate%20(aspirant)_grimhollowcg24"
"Heavenkiller Chronicles","Where Evil Lives: The MCDM Book of Boss Battles","Adventuring Gear","Unknown Magic","No","324 gp","259 gp / 324 gp / 388 gp","Algorithm","random","Spicule's vast tome contains secrets concerning celestials and how to use them to fuel dark magic. You must spend 50 hours studying this tome to gain the following benefits:","save_dc 16, extra_damage_multiplier 1","https://5e.tools/items.html#heavenkiller%20chronicles_whereevillives"
"Heavy Crossbow","Player's Handbook (2024)","Ranged Weapon","Mundane","No","50 gp","40 gp / 50 gp / 60 gp","Official","floor-tripwire","***Range.*** A Range weapon has a range in parentheses after the Ammunition or Thrown property. The range lists two numbers. The first is the weapon's normal range in feet, and the second is the weapon's long range. When attacking a target beyond normal range, you have Disadvantage on the attack roll. You can't attack a target beyond the long range.

***Ammunition.*** You can use a weapon that has the Ammunition property to make a ranged attack only if you have ammunition to fire from it. The type of ammunition required is specified with the weapon's range. Each attack expends one piece of ammunition. Drawing the ammunition is part of the attack (you need a free hand to load a one-handed weapon). After a fight, you can spend 1 minute to recover half the ammunition (round down) you used in the fight; the rest is lost.

***Heavy.*** You have Disadvantage on attack rolls with a Heavy weapon if it's a Melee weapon and your Strength score isn't at least 13 or if it's a Ranged weapon and your Dexterity score isn't at least 13.

***Loading.*** You can fire only one piece of ammunition from a Loading weapon when you use an action, a Bonus Action, or a Reaction to fire it, regardless of the number of attacks you can normally make.

***Two-Handed.*** A Two-Handed weapon requires two hands when you attack with it.

***Mastery: Push.*** If you hit a creature with this weapon, you can push the creature up to 10 feet straight away from yourself if it is Large or smaller.","extra_damage_multiplier 1","https://5e.tools/items.html#heavy%20crossbow_xphb"
"Heavy Tommybow (4)","Heliana's Guide to Monster Hunting","Ranged Weapon","Mundane","No","200 gp","160 gp / 200 gp / 240 gp","Official","floor-tripwire","Tommybows are repeating crossbows that mirror the three types of normal crossbows: hand, heavy, and light. They are composed of vertically-stacked bows upon a crossbow's chassis, an unwieldy arrangement that reduces their effective range in comparison to their crossbow counterparts.","reload 4, extra_damage_multiplier 1","https://5e.tools/items.html#heavy%20tommybow%20(4)_helianasguidetomonsterhunting"
"Hellfire Musket","Baldur's Gate: Descent Into Avernus","Ranged Weapon","Uncommon","No","1,000 gp","800 gp / 1,000 gp / 1,200 gp","Algorithm","floor-tripwire","This weapon is fashioned from infernal iron and traced with veins of hellfire that shed dim light in a 5-foot-radius.

Any humanoid killed by an attack made with this weapon has its soul funneled into the River Styx, where it's reborn instantly as a **lemure** devil.

***Range.*** A Range weapon has a range in parentheses after the Ammunition or Thrown property. The range lists two numbers. The first is the weapon's normal range in feet, and the second is the weapon's long range. When attacking a target beyond normal range, you have Disadvantage on the attack roll. You can't attack a target beyond the long range.

***Ammunition.*** You can use a weapon that has the Ammunition property to make a ranged attack only if you have ammunition to fire from it. The type of ammunition required is specified with the weapon's range. Each attack expends one piece of ammunition. Drawing the ammunition is part of the attack (you need a free hand to load a one-handed weapon). After a fight, you can spend 1 minute to recover half the ammunition (round down) you used in the fight; the rest is lost.

***Loading.*** You can fire only one piece of ammunition from a Loading weapon when you use an action, a Bonus Action, or a Reaction to fire it, regardless of the number of attacks you can normally make.

***Two-Handed.*** A Two-Handed weapon requires two hands when you attack with it.

***Mastery: Slow.*** If you hit a creature with this weapon and deal damage to it, you can reduce its Speed by 10 feet until the start of your next turn. If the creature is hit more than once by weapons that have this property, the Speed reduction doesn't exceed 10 feet.","is_firearm 1, extra_damage_multiplier 1","https://5e.tools/items.html#hellfire%20musket_bgdia"
"Helm of the Gods","Mythic Odysseys of Theros","Wondrous Item","Rare","Yes","3,065 gp","2,452 gp / 3,065 gp / 3,679 gp","Single source (DMPG)","random","While wearing this helm, you know whether there is a celestial or fiend within 30 feet of you, as well as where the creature is located, provided the creature isn't behind total cover.

Whenever you finish a long rest while wearing the helm, you can pray to one of the gods listed on the Helm of the Gods table and store the listed spell in the helm, replacing any spell that is already stored there. The save DC for the spell is 13.

The helm has 3 charges. To cast a spell from the helm, you must expend 1 charge, and the helm regains 1d3 charges daily at dawn.

|    God    |              Spell              |
|: :|: -:|
|  Athreos  | *protection from evil and good* |
|   Ephara  |           *sanctuary*           |
|   Erebos  |         *inflict wounds*        |
|   Heliod  |          *guiding bolt*         |
|   Iroas   |            *heroism*            |
| Karametra |           *goodberry*           |
|  Keranos  |        *thunderous smite*       |
|  Klothys  |            *entangle*           |
|  Kruphix  |       *dissonant whispers*      |
|   Mogis   |         *hellish rebuke*        |
|   Nylea   |          *faerie fire*          |
|  Pharika  |       *lesser restoration*      |
|   Phenax  |          *charm person*         |
| Purphoros |         *searing smite*         |
|   Thassa  |            *identify*           |","is_wondrous 1, extra_damage_multiplier 1","https://5e.tools/items.html#helm%20of%20the%20gods_mot"
"Hide Armor of Gleaming","Dungeon Master's Guide (2024)","Medium Armor","Common","No","330 gp","264 gp / 330 gp / 396 gp","Single source (DSA)","random","This armor never gets dirty.","armor_ac 12, extra_damage_multiplier 1","https://5e.tools/items.html#hide%20armor%20of%20gleaming_xdmg"
"Holy Avenger Fan","Dungeon Master's Guide (2024)","Melee Weapon","Legendary","Yes","213,750 gp","171,000 gp / 213,750 gp / 256,500 gp","Single source (DSA)","random","*The *base item* can be found in Obojima: Tales from the Tall Grass, page 158.*

You gain a +3 bonus to attack rolls and damage rolls made with this magic weapon. When you hit a Fiend or an Undead with it, that creature takes an extra 2d10 Radiant damage.

While you hold the drawn weapon, it creates a 10-foot Emanation originating from you. You and all creatures Friendly to you in the Emanation have Advantage on saving throws against spells and other magical effects. If you have 17 or more levels in the Paladin class, the size of the Emanation increases to 30 feet.

***Special.*** When you're hit by a ranged weapon attack, you can use your reaction to reduce the incoming damage of the attack by a number equal to your Dexterity modifier.

***Finesse.*** When making an attack with a finesse weapon, you use your choice of your Strength or Dexterity modifier for the attack and damage rolls. You must use the same modifier for both rolls.

***Light.*** A light weapon is small and easy to handle, making it ideal for use when fighting with two weapons.","extra_damage_avg 11, extra_damage_priced_avg 11, weapon_bonus 3, extra_damage_multiplier 1","https://5e.tools/items.html#holy%20avenger%20fan_xdmg"
"Holy Avenger Greatsword","Dungeon Master's Guide (2024)","Melee Weapon","Legendary","Yes","221,629 gp","177,303 gp / 221,629 gp / 265,955 gp","Algorithm","random","You gain a +3 bonus to attack rolls and damage rolls made with this magic weapon. When you hit a Fiend or an Undead with it, that creature takes an extra 2d10 Radiant damage.

While you hold the drawn weapon, it creates a 10-foot Emanation originating from you. You and all creatures Friendly to you in the Emanation have Advantage on saving throws against spells and other magical effects. If you have 17 or more levels in the Paladin class, the size of the Emanation increases to 30 feet.

***Heavy.*** You have Disadvantage on attack rolls with a Heavy weapon if it's a Melee weapon and your Strength score isn't at least 13 or if it's a Ranged weapon and your Dexterity score isn't at least 13.

***Two-Handed.*** A Two-Handed weapon requires two hands when you attack with it.

***Mastery: Graze.*** If your attack roll with this weapon misses a creature, you can deal damage to that creature equal to the ability modifier you used to make the attack roll. This damage is the same type dealt by the weapon, and the damage can be increased only by increasing the ability modifier.","extra_damage_avg 11, extra_damage_priced_avg 11, weapon_bonus 3, extra_damage_multiplier 1","https://5e.tools/items.html#holy%20avenger%20greatsword_xdmg"
"Holy Avenger Heavy Bayonet","Dungeon Master's Guide (2024)","Melee Weapon","Legendary","Yes","209,730 gp","167,784 gp / 209,730 gp / 251,676 gp","Algorithm","random","*The *base item* can be found in Chronicles of Eberron, page 16.*

You gain a +3 bonus to attack rolls and damage rolls made with this magic weapon. When you hit a Fiend or an Undead with it, that creature takes an extra 2d10 Radiant damage.

While you hold the drawn weapon, it creates a 10-foot Emanation originating from you. You and all creatures Friendly to you in the Emanation have Advantage on saving throws against spells and other magical effects. If you have 17 or more levels in the Paladin class, the size of the Emanation increases to 30 feet.

***Special.*** You have disadvantage on attacks made with a bayonet that isn't attached to a crossbow. It takes an action to attach or remove a bayonet from a weapon.

***Two-Handed.*** This weapon requires two hands to use. This property is relevant only when you attack with the weapon, not when you simply hold it.","extra_damage_avg 11, extra_damage_priced_avg 11, weapon_bonus 3, extra_damage_multiplier 1","https://5e.tools/items.html#holy%20avenger%20heavy%20bayonet_xdmg"
"Holy Avenger Heavy Tommybow (5)","Dungeon Master's Guide (2024)","Ranged Weapon","Legendary","Yes","220,304 gp","176,243 gp / 220,304 gp / 264,365 gp","Algorithm","random","*The *base item* can be found in Heliana’s Guide to Monster Hunting, page 123.*

You gain a +3 bonus to attack rolls and damage rolls made with this magic weapon. When you hit a Fiend or an Undead with it, that creature takes an extra 2d10 Radiant damage.

While you hold the drawn weapon, it creates a 10-foot Emanation originating from you. You and all creatures Friendly to you in the Emanation have Advantage on saving throws against spells and other magical effects. If you have 17 or more levels in the Paladin class, the size of the Emanation increases to 30 feet.

Tommybows are repeating crossbows that mirror the three types of normal crossbows: hand, heavy, and light. They are composed of vertically-stacked bows upon a crossbow's chassis, an unwieldy arrangement that reduces their effective range in comparison to their crossbow counterparts.

***Range.*** A weapon that can be used to make a ranged attack has a range shown in parentheses after the ammunition or thrown property. The range lists two numbers. The first is the weapon's normal range in feet, and the second indicates the weapon's maximum range. When attacking a target beyond normal range, you have disadvantage on the attack roll. You can't attack a target beyond the weapon's long range.

***Ammunition.*** You can use a weapon that has the ammunition property to make a ranged attack only if you have ammunition to fire from the weapon. Each time you attack with the weapon, you expend one piece of ammunition. Drawing the ammunition from a quiver, case, or other container is part of the attack. Loading a one-handed weapon requires a free hand. At the end of the battle, you can recover half your expended ammunition by taking a minute to search the battlefield.

If you use a weapon that has the ammunition property to make a melee attack, you treat the weapon as an improvised weapon. A sling must be loaded to deal any damage when used in this way.

***Two-Handed.*** This weapon requires two hands to use. This property is relevant only when you attack with the weapon, not when you simply hold it.

***Heavy.*** Creatures that are Small or Tiny have disadvantage on attack rolls with heavy weapons. A heavy weapon's size and bulk make it too large for a Small or Tiny creature to use effectively.

**Reload.** A limited number of shots, specified by the number in parentheses after the reload property, can be made with this weapon. A character must then reload it using an action.","extra_damage_avg 11, extra_damage_priced_avg 11, reload 5, weapon_bonus 3, extra_damage_multiplier 1","https://5e.tools/items.html#holy%20avenger%20heavy%20tommybow%20(5)_xdmg"
"Holy Avenger Vertebrae Sword","Dungeon Master's Guide (2024)","Melee Weapon","Legendary","Yes","209,730 gp","167,784 gp / 209,730 gp / 251,676 gp","Algorithm","random","*The *base item* can be found in Obojima: Tales from the Tall Grass, page 159.*

You gain a +3 bonus to attack rolls and damage rolls made with this magic weapon. When you hit a Fiend or an Undead with it, that creature takes an extra 2d10 Radiant damage.

While you hold the drawn weapon, it creates a 10-foot Emanation originating from you. You and all creatures Friendly to you in the Emanation have Advantage on saving throws against spells and other magical effects. If you have 17 or more levels in the Paladin class, the size of the Emanation increases to 30 feet.

The jagged vertebrae sword of a fishfolk warrior can barely be called a sword. Locals would say it's better described as a makeshift weapon crafted from a fish skeleton and sea trash. Its poor construction is the reason it's not often a weapon seen on land, though when used by a skilled fighter, it most certainly can be a formidable tool.

***Special.*** When you successfully hit a creature with a vertebrae sword, you can use a bonus action to rake and twist the weapon, breaking off some of the sword's boney barbs and dealing an extra 1d8 piercing damage. The vertebrae sword can only be used in this way 5 times before it becomes unusable as a weapon.","extra_damage_avg 15.5, extra_damage_priced_avg 15.5, weapon_bonus 3, extra_damage_multiplier 1","https://5e.tools/items.html#holy%20avenger%20vertebrae%20sword_xdmg"
"Holy Symbol of Ravenkind","Curse of Strahd","Wondrous Item","Legendary","Yes","65,051 gp","52,041 gp / 65,051 gp / 78,061 gp","Single source (DMPG)","random","The Holy Symbol of Ravenkind is a unique holy symbol sacred to the good-hearted faithful of Barovia. It predates the establishment of any church in Barovia. According to legend, it was delivered to a paladin named Lugdana by a giant raven—or an angel in the form of a giant raven. Lugdana used the holy symbol to root out and destroy nests of vampires until her death. The high priests of Ravenloft kept and wore the holy symbol after Lugdana's passing.

The holy symbol is a platinum amulet shaped like the sun, with a large crystal embedded in its center.

The holy symbol has 10 charges for the following properties. It regains 1d6 + 4 charges daily at dawn.

***Hold Vampires.*** As an action, you can expend 1 charge and present the holy symbol to make it flare with holy power. Vampires and **vampire spawn** within 30 feet of the holy symbol when it flares must make a DC 15 Wisdom saving throw. On a failed save, a target is paralyzed for 1 minute. It can repeat the saving throw at the end of its turns to end the effect on itself.

***Turn Undead.*** If you have the Turn Undead or the Turn the Unholy feature, you can expend 3 charges when you present the holy symbol while using that feature. When you do so, undead have disadvantage on their saving throws against the effect.

***Sunlight.*** As an action, you can expend 5 charges while presenting the holy symbol to make it shed bright light in a 30-foot radius and dim light for an additional 30 feet. The light is sunlight and lasts for 10 minutes or until you end the effect (no action required).","save_dc 15, is_wondrous 1, extra_damage_multiplier 1","https://5e.tools/items.html#holy%20symbol%20of%20ravenkind_cos"
"Horror Trinket","Van Richten's Guide to Ravenloft","Adventuring Gear","Mundane","No","1.0 gp","80 cp / 1.0 gp / 1.2 gp","Algorithm","random","Before you finish making a character, roll once on the Horror Trinkets table for a unique object your character has with them at the start of their adventuring career. These trinkets hint toward various horrific tales and might lead to dreadful revelations or be nothing more than grim keepsakes. At the DM's discretion any of these trinkets might also be a Mist talisman (detailed in *chapter 3*), a focal item that can lead the bearer through the Mists to a particular Domain of Dread.

##### Horror Trinkets
| d100 | Trinket                                                                                                |
|: -:| --|
|  01  | A picture you drew as a child of your imaginary friend                                                 |
|  02  | A lock that opens when blood is dripped in its keyhole                                                 |
|  03  | Clothes stolen from a scarecrow                                                                        |
|  04  | A spinning top carved with four faces: happy, sad, wrathful, and dead                                  |
|  05  | The necklace of a sibling who died on the day you were born                                            |
|  06  | A wig from someone executed by beheading                                                               |
|  07  | The unopened letter to you from your dying father                                                      |
|  08  | A pocket watch that runs backward for an hour every midnight                                           |
|  09  | A winter coat stolen from a dying soldier                                                              |
|  10  | A bottle of invisible ink that can only be read at sunset                                              |
|  11  | A wineskin that refills when interred with a dead person for a night                                   |
|  12  | A set of silverware used by a king for his last meal                                                   |
|  13  | A spyglass that always shows the world suffering a terrible storm                                      |
|  14  | A cameo with the profile's face scratched away                                                         |
|  15  | A lantern with a black candle that never runs out and that burns with green flame                      |
|  16  | A teacup from a child's tea set, stained with blood                                                    |
|  17  | A little black book that records your dreams, and yours alone, when you sleep                          |
|  18  | A necklace formed of the interlinked holy symbols of a dozen deities                                   |
|  19  | A noose that feels heavier than it should                                                              |
|  20  | A birdcage into which small birds fly but once inside never eat or leave                               |
|  21  | A lepidopterist's box filled with dead moths with skull-like patterns on their wings                   |
|  22  | A jar of pickled ghouls' tongues                                                                       |
|  23  | The wooden hand of a notorious pirate                                                                  |
|  24  | A urn with the ashes of a dead relative                                                                |
|  25  | A hand mirror backed with a bronze depiction of a medusa                                               |
|  26  | Pallid leather gloves crafted with ivory fingernails                                                   |
|  27  | Dice made from the knuckles of a notorious charlatan                                                   |
|  28  | A ring of keys for forgotten locks                                                                     |
|  29  | Nails from the coffin of a murderer                                                                    |
|  30  | A key to the family crypt                                                                              |
|  31  | A bouquet of funerary flowers that always looks and smells fresh                                       |
|  32  | A switch used to discipline you as a child                                                             |
|  33  | A music box that plays by itself whenever someone holding it dances                                    |
|  34  | A walking cane with an iron ferrule that strikes sparks on stone                                       |
|  35  | A flag from a ship lost at sea                                                                         |
|  36  | A porcelain doll's head that always seems to be looking at you                                         |
|  37  | A wolf's head wrought in silver that is also a whistle                                                 |
|  38  | A small mirror that shows a much older version of the viewer                                           |
|  39  | A small, worn book of children's nursery rhymes                                                        |
|  40  | A mummified raven claw                                                                                 |
|  41  | A broken pendant of a silver dragon that's always cold to the touch                                    |
|  42  | A small locked box that quietly hums a lovely melody at night, but you always forget it in the morning |
|  43  | An inkwell that makes one a little nauseous when staring at it                                         |
|  44  | An old doll made from a dark, dense wood and missing a hand and a foot                                 |
|  45  | A black executioner's hood                                                                             |
|  46  | A pouch made of flesh, with a sinew drawstring                                                         |
|  47  | A tiny spool of black thread that never runs out                                                       |
|  48  | A tiny clockwork figurine of a dancer that's missing a gear and doesn't work                           |
|  49  | A black wooden pipe that creates puffs of smoke that look like skulls                                  |
|  50  | A vial of perfume, the scent of which only certain creatures can detect                                |
|  51  | A stone that emits a single endless sigh                                                               |
|  52  | A rag doll with two red dots on its neck                                                               |
|  53  | A spring-loaded toy with a missing crank                                                               |
|  54  | A mason jar containing a harmless but agitated, animate ooze                                           |
|  55  | A black wooden die with 1's on all the faces                                                           |
|  56  | A child's portrait with ""born"" written on the back, along with next year's date                        |
|  57  | A dagger-sized shark tooth                                                                             |
|  58  | A finger that's taken root in a small pot                                                              |
|  59  | A toolbox containing the remains of a dangerous but broken clockwork arachnid                          |
|  60  | A pitcher-sized, opalescent snail shell that occasionally, inexplicably shudders or tips over          |
|  61  | The logbook of an ice-breaking ship called The Haifisch                                                |
|  62  | A small portrait of you as a child, alongside your identically dressed twin                            |
|  63  | A silver pocket watch with thirteen hours marked on the face                                           |
|  64  | A woodcut of a wolf devouring its own hind leg                                                         |
|  65  | A planchette etched with raven skulls                                                                  |
|  66  | A moist coral figurine of a lamprey with arms, legs, and a bipedal stance                              |
|  67  | A bronze fingertrap sculpted with roaring tigers                                                       |
|  68  | A pearl necklace that turns red under the full moon                                                    |
|  69  | A fossil of a fish with humanoid features                                                              |
|  70  | A plague doctor's mask                                                                                 |
|  71  | A paper talisman with smudged ink                                                                      |
|  72  | A locket containing the smeared image of an eyeless figure                                             |
|  73  | A canopic jar with a lid sculpted like a goat                                                          |
|  74  | A jack-o'-lantern made from a small, pale gourd                                                        |
|  75  | A single high-heeled, iron shoe                                                                        |
|  76  | A candle made from a severed hand                                                                      |
|  77  | A clockwork device that beats like a heart                                                             |
|  78  | A blank masquerade mask                                                                                |
|  79  | A glass eye with a live worm inside                                                                    |
|  80  | A sheet with two eyeholes cut in it                                                                    |
|  81  | The deed to someplace called Tergeron Manor                                                            |
|  82  | An ornate, wax-sealed crimson envelope that resists all attempts to open it                            |
|  83  | A mourning veil trimmed in black lace                                                                  |
|  84  | A straitjacket covered in charcoal runes                                                               |
|  85  | A tattered, burlap mask with a crooked smile painted on it                                             |
|  86  | A green ribbon designed to be worn as a choker                                                         |
|  87  | Dentures with mismatched, sharpened teeth                                                              |
|  88  | A warm, fist-sized egg case                                                                            |
|  89  | A copper ring with ""mine"" engraved on the inside                                                       |
|  90  | A glass ampoule containing a neon green fluid                                                          |
|  91  | An eye patch embroidered with a holy symbol                                                            |
|  92  | A severed big toe with a nail that continues to grow                                                   |
|  93  | A journal that has been heavily redacted                                                               |
|  94  | A glove with a mouth-like design stitched on the palm                                                  |
|  95  | An ornate but empty reliquary made of silver and fractured glass                                       |
|  96  | A ceramic figure of a cat with too many eyes                                                           |
|  97  | A crumpled paper ticket bearing the words ""admit none""                                                 |
|  98  | An electrum coin with your face on one side                                                            |
|  99  | A shrunken gremishka head that twitches when anyone casts magic nearby                                 |
|  100 | A sunburst amulet with a red stone at the center                                                       |","extra_damage_multiplier 1","https://5e.tools/items.html#horror%20trinket_vrgr"
"Indigo Painted Stone","Tales from the Shadows","Wondrous Item","Uncommon","No","3,659 gp","2,927 gp / 3,659 gp / 4,391 gp","Algorithm","ml-variance","This stone emanates an aura of Illusion magic. If the stone is taken from the Whispering Plains, it instantly loses its magical properties. Returning a stone to the Plains does not bring back its magic. Only one stone can affect a creature at a time. The stones has one charge. With a bonus action, a creature holding a stone can expend its single charge, activating following effect: For 1 minute, you become invisible (no concentration required); the effect ends if you attack or cast a spell.","is_wondrous 1, extra_damage_multiplier 1, invisibility_atwill 1","https://5e.tools/items.html#indigo%20painted%20stone_talesfromtheshadows"
"Indorius's Crown (Adept)","Grim Hollow: Campaign Guide (2024/Transformed)","Wondrous Item","Artifact","Yes","250,000 gp","200,000 gp / 250,000 gp / 300,000 gp","Algorithm","random","Indorius's Crown bestows authority on whoever wears it, making their reasoning seem stronger and their coercions harder to resist. The crown does not, however, provide its wearer with wisdom. At this tier of Attunement, you have the following benefits while wearing Indorius's Crown: You also gain the following curse: At the Adept tier of Attunement, you have the following additional benefits while wearing Indorius's Crown: You also gain the following curse:","is_cursed 1, is_wondrous 1, extra_damage_multiplier 1, save_advantage_broad 1","https://5e.tools/items.html#indorius's%20crown%20(adept)_grimhollowcg24"
"Ioun Stone, Reserve","Dungeon Master's Guide (2024)","Wondrous Item","Rare","Yes","5,444 gp","4,355 gp / 5,444 gp / 6,533 gp","Amalgamated (DSA,MSRP,DMPG)","random","Roughly marble sized, *Ioun Stones* are named after Ioun, a god of knowledge and prophecy revered on some worlds. Many types of *Ioun Stones* exist, each type a distinct combination of shape and color.

When you take a Magic action to toss an *Ioun Stone* into the air, the stone orbits your head at a distance of 1d3 feet, conferring its benefit to you while doing so. You can have up to three *Ioun Stones* orbiting your head at the same time.

Each *Ioun Stone* orbiting your head is considered to be an object you are wearing. The orbiting stone avoids contact with other creatures and objects, adjusting its orbit to avoid collisions and thwarting all attempts by other creatures to attack or snatch it.

As a Utilize action, you can seize and stow any number of *Ioun Stones* orbiting your head. If your Attunement to an Ioun Stone ends while it's orbiting your head, the stone falls as though you had dropped it.

This vibrant purple prism stores spells cast into it, holding them until you use them. The stone can store up to 4 levels of spells at a time. When found, it contains 1d4 levels of stored spells chosen by the DM.

Any creature can cast a spell of level 1 through 4 into the stone by touching it as the spell is cast. The spell has no effect, other than to be stored in the stone. If the stone can't hold the spell, the spell is expended without effect. The level of the slot used to cast the spell determines how much space it uses.

While this stone orbits your head, you can cast any spell stored in it. The spell uses the slot level, spell save DC, spell attack bonus, and spellcasting ability of the original caster but is otherwise treated as if you cast the spell. The spell cast from the stone is no longer stored in it, freeing up space.","spell_battery_max_level 4, is_wondrous 1, extra_damage_multiplier 1","https://5e.tools/items.html#ioun%20stone,%20reserve_xdmg"
"Iron Mind","Obojima: Tales from the Tall Grass","Potion","Common","No","159 gp","127 gp / 159 gp / 190 gp","Algorithm","ml-variance","After imbibing this elixir, your eyes glow with a silvery-blue hue. For 1 hour, you gain advantage on saving throws against being charmed and resistance to psychic damage. {@style 30|SneakerProMedium}","extra_damage_multiplier 1","https://5e.tools/items.html#iron%20mind_obojimatallgrass"
"Iron Tea Kettle of Warning","Dungeon Master's Guide (2024)","Melee Weapon","Uncommon","Yes","742 gp","594 gp / 742 gp / 891 gp","Algorithm","random","*The *base item* can be found in Obojima: Tales from the Tall Grass, page 158.*

As long as this weapon is within your reach and you are attuned to it, you and allies within 30 feet of you gain the following benefits.

***Alarm.*** The weapon magically awakens each subject who is sleeping naturally when combat begins. This benefit doesn't wake a subject from magically induced sleep.

***Supernatural Readiness.*** Each subject has Advantage on its Initiative rolls.","extra_damage_multiplier 1","https://5e.tools/items.html#iron%20tea%20kettle%20of%20warning_xdmg"
"Jade Serpent Staff","Waterdeep: Dungeon of the Mad Mage","Other","Unknown Magic","No","3,000 gp","2,400 gp / 3,000 gp / 3,600 gp","Algorithm","battery-parity","This staff is broken into five pieces, each worth 100 gp for the jade alone. The entire staff can be restored with mending cantrips; each casting of the spell repairs one break in the staff. If the staff is made whole, it transforms from an object into an animated jade serpent that has the statistics of a giant poisonous snake, with these changes:","spell_battery_max_level 5, extra_damage_multiplier 1","https://5e.tools/items.html#jade%20serpent%20staff_wdmm"
"Jasper","Dungeon Master's Guide (2024)","$G","Mundane","No","50 gp","40 gp / 50 gp / 60 gp","Official","floor-tripwire","A blue, black, or brown gemstone.","extra_damage_multiplier 1","https://5e.tools/items.html#jasper_xdmg"
"Jaw Breakers (very rare)","Heliana's Guide to Monster Hunting","Melee Weapon","Very Rare","Yes","23,225 gp","18,580 gp / 23,225 gp / 27,870 gp","Algorithm","random","Forged as a pair, these magic weapons are crafted from the matching upper and lower jaw bones of a tarrasque. Their innate magic—and one of the reasons the tar-rasque's bite is so powerful—creates an arcanomagnetic pull between the two jawbones, dealing devastating damage to whatever lies between them. You gain a +2 bonus to attack and damage rolls you make with each of these magic weapons. These weapons deal piercing damage instead of their usual damage type. When you engage in two-weapon fighting using these two weapons and hit the same target with both weapons, the attack you make with your second weapon deals an additional 1d8 damage. You can choose to attune to a pair of jaw breakers. They count as a single magic item with regard to the number of magic items you can attune to. When you do so, the weapons gain the Swirling Dervish property while you are attuned to them. Harnessing the power of the blades, you leap over a target, becoming a tornado of lacerating blades. As an action while you wield both jaw breakers, you can perform a magically-enhanced jump, attacking creatures you pass over. This jump has a maximum distance of 25 feet, is a straight line, must end in an unoccupied space, does not provoke opportunity attacks, and each foot you clear on the jump costs one foot of movement. You can make one attack against a creature under you in each 5-foot space over which you jump. These attacks always alternate main-hand, then off-hand. For example, if you jumped over one Huge creature, you could make three attacks against it (the second one dealing Chomp's extra damage on a hit). If you jumped over three Medium creatures, you could make one attack against each (with no extra damage from Chomp).","extra_damage_avg 4.5, extra_damage_priced_avg 4.5, weapon_bonus 2, extra_damage_multiplier 1","https://5e.tools/items.html#jaw%20breakers%20(very%20rare)_helianasguidetomonsterhunting"
"Keelboat","Call from the Deep","Ship/Vehicle (Water)","Mundane","No","3,000 gp","2,400 gp / 3,000 gp / 3,600 gp","Official","random","***Speed.*** A ship sailing against a strong wind moves at half speed. In a dead calm (no wind), waterborne ships can't move under sail and must be rowed. Keelboats and Rowboats are used on lakes and rivers. If going downstream, add the speed of the current (typically 3 miles per hour) to the speed of the vehicle. These vehicles can't be rowed against any significant current, but they can be pulled upstream by draft animals on the shores. A Rowboat can be carried and weighs 100 pounds.

***Crew.*** A ship larger than a Keelboat or Rowboat needs a crew of skilled hirelings (see ""*Services*"") to function. The minimum number of skilled hirelings needed to crew a ship depends on the type of ship.

***Passengers.*** The number of Small and Medium passengers the ship can accommodate using hammocks. A ship outfitted with private accommodations can carry one-fifth as many passengers. A passenger usually pays 5 SP per day for a hammock, but prices can vary from ship to ship. A small private cabin usually costs 2 GP per day.

***Damage Threshold.*** See the rules glossary.

***Ship Repair.*** Repairs to a damaged ship can be made while the vessel is berthed. Repairing 1 Hit Point of damage requires 1 day and costs 20 GP for materials and labor. If the repairs are made in a location where supplies and skilled labor are abundant, such as a city shipyard, the repair time and cost are halved.","vehicle_hp 100, vehicle_ac 15, vehicle_speed 1, vehicle_crew 1, extra_damage_multiplier 1, vehicle_cargo_capacity 0.5","https://5e.tools/items.html#keelboat_callfromthedeep"
"Keelboat","Player's Handbook (2024)","Ship/Vehicle (Water)","Mundane","No","3,000 gp","2,400 gp / 3,000 gp / 3,600 gp","Official","random","***Speed.*** A ship sailing against a strong wind moves at half speed. In a dead calm (no wind), waterborne ships can't move under sail and must be rowed. Keelboats and Rowboats are used on lakes and rivers. If going downstream, add the speed of the current (typically 3 miles per hour) to the speed of the vehicle. These vehicles can't be rowed against any significant current, but they can be pulled upstream by draft animals on the shores. A Rowboat can be carried and weighs 100 pounds.

***Crew.*** A ship larger than a Keelboat or Rowboat needs a crew of skilled hirelings (see ""*Services*"") to function. The minimum number of skilled hirelings needed to crew a ship depends on the type of ship.

***Passengers.*** The number of Small and Medium passengers the ship can accommodate using hammocks. A ship outfitted with private accommodations can carry one-fifth as many passengers. A passenger usually pays 5 SP per day for a hammock, but prices can vary from ship to ship. A small private cabin usually costs 2 GP per day.

***Damage Threshold.*** See the rules glossary.

***Ship Repair.*** Repairs to a damaged ship can be made while the vessel is berthed. Repairing 1 Hit Point of damage requires 1 day and costs 20 GP for materials and labor. If the repairs are made in a location where supplies and skilled labor are abundant, such as a city shipyard, the repair time and cost are halved.","vehicle_hp 100, vehicle_ac 15, vehicle_speed 1, vehicle_crew 1, extra_damage_multiplier 1, vehicle_cargo_capacity 0.5","https://5e.tools/items.html#keelboat_xphb"
"Kharash's Promise","Frontiers of Eberron: Quickstone","Wondrous Item","Artifact","Yes","365,000 gp","292,000 gp / 365,000 gp / 438,000 gp","Algorithm","random","Tol Kharash, the Horned King, overlord of tyranny, demands that his minions revel in domination, fear, and the suffering of the downtrodden. During his campaigns in the Age of Demons, Tol Kharash shaped an artifact that would announce his coming across the Barrens; a harbinger of cruelty. Kharash's Promise is a 3-foot long warhorn forged of demonglass and black iron. A trickle of boiling blood constantly drips from its widest end. While holding this Horn, you gain a +3 bonus to spell attack rolls and to the saving throw DCs of your Bard spells. This Artifact has the following random properties, which you can determine by rolling on the tables in the ""Artifacts"" section of the Dungeon Master's Guide: While attuned to the warhorn, no creature can assert its influence over you. You cannot be Charmed or Frightened. If a creature targets you with a magical effect that would cause you to be Charmed or Frightened, that creature takes 4d10 Psychic damage. If you blow Kharash's Promise, the sound it produces can be heard by all creatures within 1 mile. As a Magic action when you blow the horn, you can choose one creature that you can see and that can hear the horn to suffer a painful and inevitable end. The target must make a DC 20 Charisma saving throw. On a failed save, the target's Hit Points maximum is reduced by 1 at the start of each of its turns until it dies, you die, you are no longer on the same plane of existence as the target, or the effect is ended with a Wish spell. Once this property is used, you cannot do so again until 13 days have passed. As a Bonus Action while affected, the target can choose to confront the source of its inevitable end, teleporting to an unoccupied space within 5 feet of you.","save_dc 20, spell_attack_bonus 3, spell_save_dc_bonus 3, minor_beneficial 2, minor_detrimental 2, is_wondrous 1","https://5e.tools/items.html#kharash's%20promise_foequickstone"
"Khrusor, Spear of Heliod","Mythic Odysseys of Theros","Melee Weapon","Artifact","Yes","477,500 gp","382,000 gp / 477,500 gp / 573,000 gp","Algorithm","family-min","Heliod wields Khrusor, a spear blessed with the power of the sun. In his hands, it can be pitched from Nyx to any point on Theros. When Heliod lends his weapon to a mortal, it's typically so they can perform some great work in his name or as a test of their worthiness.

***Spear of the Sun.*** This spear grants a +3 bonus to attack and damage rolls made with it. When you hit with an attack using this spear, the target takes an extra 2d8 radiant damage.

***Blessing of the Sun.*** If you are a worshiper of Heliod, you gain all the following benefits for which you have the required piety:

- **Piety 3+.** You gain 15 temporary hit points each dawn.
- **Piety 10+.** The spear has 1 randomly determined minor beneficial property.
- **Piety 25+.** The spear has 1 additional randomly determined minor beneficial property.
- **Piety 50+.** The spear has 1 randomly determined major beneficial property.

If you aren't a worshiper of Heliod, the spear has 2 randomly determined major detrimental properties.

See ""Artifacts"" in chapter 7 of the Dungeon Master's Guide for details on randomly determined properties.

***Luminous.*** The spear sheds bright light in a 30-foot radius and dim light for an additional 30 feet. The light is sunlight.

***Sun's Retaliation.*** When you take damage from a creature within 5 feet of you, you can use your reaction to make a melee attack with the spear against that creature. On a hit, the spear deals damage as normal, and the creature is blinded until the start of its next turn. This property of the spear can't be used again until the next dawn.

***Spells.*** The spear has 10 charges. While holding it, you can use an action to expend 1 or more of its charges to cast one of the following spells (save DC 18) from it: *guiding bolt* (1 charge), *daylight* (3 charges, targeting the tip of the spear only), *sunbeam* (6 charges). The spear regains 1d6 + 4 expended charges daily at dawn.

***Destroying the Spear.*** If taken to Erebos's palace in Tizerus, and used to sacrifice a champion of Heliod to Erebos, Khrusor is either destroyed or fundamentally twisted to Erebos's service.

***Thrown.*** If a weapon has the thrown property, you can throw the weapon to make a ranged attack. If the weapon is a melee weapon, you use the same ability modifier for that attack roll and damage roll that you would use for a melee attack with the weapon. For example, if you throw a handaxe, you use your Strength, but if you throw a dagger, you can use either your Strength or your Dexterity, since the dagger has the finesse property.

***Versatile.*** This weapon can be used with one or two hands. A damage value in parentheses appears with the property—the damage when the weapon is used with two hands to make a melee attack.","save_dc 18, temp_hp_avg 15, extra_damage_avg 9, extra_damage_priced_avg 9, weapon_bonus 3, major_detrimental 2","https://5e.tools/items.html#khrusor,%20spear%20of%20heliod_mot"
"Lance of the Hungering Dead","The Griffon's Saddlebag: Book One","Melee Weapon","Very Rare","Yes","19,382 gp","15,505 gp / 19,382 gp / 23,258 gp","Algorithm","random","This magical, gruesome Lance can drain the life force from another creature. The first time on each of your turns that you hit an enemy with a melee attack roll using the Lance, you deal an extra 1d12 Necrotic damage to it, provided the target is a living creature. You gain Temporary Hit Points equal to half the Necrotic damage dealt (round up).","extra_damage_avg 6.5, extra_damage_priced_avg 6.5, extra_damage_multiplier 1","https://5e.tools/items.html#lance%20of%20the%20hungering%20dead_24griffonssaddlebag1"
"Lantern of Tracking (Fey)","Icewind Dale: Rime of the Frostmaiden","Wondrous Item","Common","No","107 gp","85 gp / 107 gp / 128 gp","Single source (DMPG)","random","This hooded lantern burns for 6 hours on 1 pint of oil, shedding bright light in a 30-foot radius and dim light for an additional 30 feet. While the lantern is within 300 feet of the Fey type, its flame turns bright green. The lantern doesn't pinpoint the creature's exact location, however.","is_wondrous 1, extra_damage_multiplier 1","https://5e.tools/items.html#lantern%20of%20tracking%20(fey)_idrotf"
"Last Stand Hide Armor","Explorer's Guide to Wildemount","Medium Armor","Very Rare","No","10,895 gp","8,716 gp / 10,895 gp / 13,075 gp","Single source (MSRP)","random","You have a +1 bonus to AC while wearing this armor, which shimmers softly.

If you die while wearing the armor, it is destroyed, and each celestial, fey, and fiend within 30 feet of you must succeed on a DC 15 Charisma saving throw or be banished to its home plane of existence, unless it is already there.","save_dc 15, armor_ac 12, ac_bonus 1, extra_damage_multiplier 1","https://5e.tools/items.html#last%20stand%20hide%20armor_egw"
"Leather Armor of Force Resistance","Dungeon Master's Guide (2024)","Light Armor","Rare","Yes","6,366 gp","5,092 gp / 6,366 gp / 7,639 gp","Single source (DSA)","random","You have Resistance to force damage while you wear this armor.","armor_ac 11, extra_damage_multiplier 1","https://5e.tools/items.html#leather%20armor%20of%20force%20resistance_xdmg"
"Leather Armor of Necrotic Resistance","Dungeon Master's Guide (2024)","Light Armor","Rare","Yes","6,366 gp","5,092 gp / 6,366 gp / 7,639 gp","Single source (DSA)","random","You have Resistance to necrotic damage while you wear this armor.","armor_ac 11, extra_damage_multiplier 1","https://5e.tools/items.html#leather%20armor%20of%20necrotic%20resistance_xdmg"
"Light Sentira Lens","Chronicles of Eberron","Ranged Weapon","Mundane","No","50 gp","40 gp / 50 gp / 60 gp","Official","floor-tripwire","—","extra_damage_multiplier 1","https://5e.tools/items.html#light%20sentira%20lens_chroniclesofeberron"
"Light Tommybow (2)","Heliana's Guide to Monster Hunting","Ranged Weapon","Mundane","No","50 gp","40 gp / 50 gp / 60 gp","Official","floor-tripwire","Tommybows are repeating crossbows that mirror the three types of normal crossbows: hand, heavy, and light. They are composed of vertically-stacked bows upon a crossbow's chassis, an unwieldy arrangement that reduces their effective range in comparison to their crossbow counterparts.","reload 2, extra_damage_multiplier 1","https://5e.tools/items.html#light%20tommybow%20(2)_helianasguidetomonsterhunting"
"Light Tommybow (2) of Showmanship","The Griffon's Saddlebag: Book One","Ranged Weapon","Common","No","139 gp","111 gp / 139 gp / 167 gp","Algorithm","random","Tommybows are repeating crossbows that mirror the three types of normal crossbows: hand, heavy, and light. They are composed of vertically-stacked bows upon a crossbow's chassis, an unwieldy arrangement that reduces their effective range in comparison to their crossbow counterparts.","reload 2, extra_damage_multiplier 1","https://5e.tools/items.html#light%20tommybow%20(2)%20of%20showmanship_24griffonssaddlebag1"
"Living Loot Satchel","Acquisitions Incorporated","Wondrous Item","Varies","No","750 gp","600 gp / 750 gp / 900 gp","Algorithm","random","As a rank 2 hoardsperson, you are granted the use of a living loot satchel, which is an uncommon magic item. It functions as a *bag of holding* and is available in a variety of colors and styles.

##### Class-Based Living Loot Satchel
| Class     | Satchel                                                                            |
| --| |
| Barbarian | Broad belt with a dozen hanging pockets                                            |
| Bard      | Lute case                                                                          |
| Cleric    | Hollowed-out holy tome                                                             |
| Druid     | Made from natural, organic, locally sourced woven fibers                           |
| Fighter   | A thick, battle-scarred iron lockbox                                               |
| Paladin   | A metal case with fine engraving and scrollwork                                    |
| Ranger    | A fur-lined bindle                                                                 |
| Rogue     | A nondescript coin pouch                                                           |
| Sorcerer  | A battered leather satchel, prone to spitting out multicolored sparks at the seams |
| Warlock   | A patchwork monster-leather satchel with a ""purely decorative"" fanged mouth.       |
| Wizard    | A pocket dimension hidden up your sleeve or inside your hat                        |

The living loot satchel is a kind of magical being that safeguards the franchise's funds and valuables. Its innards are connected to a secure coffer within Head Office's vault in Waterdeep, to which the satchel periodically transfers the franchise's wealth. As an action, you can transfer any amount of your franchise funds back to your satchel with a successful DC 15 Dexterity (Sleight of Hand) check.

***Secret Satchel.*** As a rank 3 hoardsperson, your living loot satchel gets an upgrade to function as the replica chest used for the *Leomund's secret chest* spell, becoming a rare magic item. You can open the secret chest through your living loot satchel to deposit or withdraw items—even items that wouldn't normally fit in your satchel, but which fit within the chest. Thanks to Head Office striking deals you don't want to know about with extraplanar creatures you really don't want to know about, there is no chance for the spell to end.

***That Thing You Need.*** At rank 3, you can use a bonus action to reach into your living loot satchel and make a DC 15 Dexterity (Sleight of Hand) check. On a success, you draw forth an item of your choice on the Adventuring Gear table in chapter 5 of the Player's Handbook. The item must be of a size that can fit into your secret chest and be worth no more than 15 gp. Once you attempt to draw five items from your satchel, you cannot draw forth any more items until the next dawn.

***Portable Hole Satchel.*** At rank 4, your living loot satchel receives another upgrade, becoming a very rare magic item. The secret chest accessed by your satchel now has the storage capacity of a *portable hole*—6 feet in diameter and 10 feet deep. As before, you can place any appropriately sized object into the portable-hole-sized chest, even if it wouldn't normally fit into your satchel.

***That Expensive Thing You Need.*** Also at rank 4, when you use your That Thing You Need feature, you can requisition any item of up to 250 gp in value, as long as it would fit into the confines of your satchel's portable hole.","save_dc 15, is_wondrous 1, extra_damage_multiplier 1","https://5e.tools/items.html#living%20loot%20satchel_ai"
"Living Stoneskin","Frontiers of Eberron: Quickstone","Heavy Armor","Very Rare","Yes","18,196 gp","14,557 gp / 18,196 gp / 21,835 gp","Algorithm","random","This Plate Armor appears to be made of stone slabs carved with alien symbols. It is strangely warm to the touch. To attune to this item, you must wear it for the entire Attunement period, during which the stone plates fuse with your skin. While wearing this armor, you have a +1 bonus to Armor Class, and you have Resistance to nonmagical Bludgeoning, Piercing, and Slashing damage. Additionally, the armor hardens under extreme impact; if you take 20 or more nonmagical Bludgeoning, Piercing, or Slashing damage from one damage roll (after accounting for your Resistance), you are Petrified until the end of your next turn. The armor can't be removed from you while you're attuned to it, and you can't voluntarily end your Attunement to it. If you're targeted by a spell that ends a curse, your Attunement to the armor ends, and it detaches from you. The armor requires fresh blood be fed to it. Immediately after you finish any Long Rest, you must either feed half of your remaining Hit Dice to the armor (round up) or take 1 level of Exhaustion.","ac_bonus 1, extra_damage_multiplier 1","https://5e.tools/items.html#living%20stoneskin_foequickstone"
"Lolth's Sting","Dungeon Master's Guide (2024)","Adventuring Gear","Mundane","No","200 gp","160 gp / 200 gp / 240 gp","Official","floor-tripwire","A creature subjected to Lolth's Sting must succeed on a DC 13 Constitution saving throw or have the Poisoned condition for 1 hour. If the creature fails the save by 5 or more, the creature also has the Unconscious condition while Poisoned in this way. The creature wakes up if it takes damage or if another creature takes an action to shake it awake.","save_dc 13, is_poison 1, extra_damage_multiplier 1","https://5e.tools/items.html#lolth's%20sting_xdmg"
"Longbow","Player's Handbook (2024)","Ranged Weapon","Mundane","No","50 gp","40 gp / 50 gp / 60 gp","Official","floor-tripwire","***Range.*** A Range weapon has a range in parentheses after the Ammunition or Thrown property. The range lists two numbers. The first is the weapon's normal range in feet, and the second is the weapon's long range. When attacking a target beyond normal range, you have Disadvantage on the attack roll. You can't attack a target beyond the long range.

***Ammunition.*** You can use a weapon that has the Ammunition property to make a ranged attack only if you have ammunition to fire from it. The type of ammunition required is specified with the weapon's range. Each attack expends one piece of ammunition. Drawing the ammunition is part of the attack (you need a free hand to load a one-handed weapon). After a fight, you can spend 1 minute to recover half the ammunition (round down) you used in the fight; the rest is lost.

***Heavy.*** You have Disadvantage on attack rolls with a Heavy weapon if it's a Melee weapon and your Strength score isn't at least 13 or if it's a Ranged weapon and your Dexterity score isn't at least 13.

***Two-Handed.*** A Two-Handed weapon requires two hands when you attack with it.

***Mastery: Slow.*** If you hit a creature with this weapon and deal damage to it, you can reduce its Speed by 10 feet until the start of your next turn. If the creature is hit more than once by weapons that have this property, the Speed reduction doesn't exceed 10 feet.","extra_damage_multiplier 1","https://5e.tools/items.html#longbow_xphb"
"Luba's Tarokka of Souls","Tasha's Cauldron of Everything","Wondrous Item","Artifact","Yes","290,000 gp","232,000 gp / 290,000 gp / 348,000 gp","Algorithm","random","Not all lingering spirits are tragic souls, lost on their way to the hereafter. Some languish as prisoners, souls so wicked mortals dare not free them upon an unsuspecting afterlife.

Created by a figure of Vistani legend, Luba's Tarokka of Souls shaped the destiny of countless heroes. The prophecies of this deck of cards also revealed great evils and guided its creator into the path of nefarious forces. Untold times the deck's creator, Mother Luba, narrowly escaped doom, spared only by her keen insights. But even for her, not all wickedness could be escaped. In the most dire cases, Mother Luba managed to ensnare beings of pure evil amid the strands of fate, imprisoning them within her tarokka deck. There these foul spirits dwell still, trapped within a nether-realm hidden amid shuffling cards, waiting for fate to turn foul—as it inevitably will.

Like all tarokka decks, the *Tarokka of Souls* is a lavishly illustrated collection of fifty-four cards, comprising the fourteen cards of the high deck and forty other cards divided into four suits: coins, glyphs, stars, and swords.

***Random Properties.*** The artifact has the following random properties, which you can determine by rolling on the tables in the ""Artifacts"" section of the *Dungeon Master's Guide*:

- 2 minor detrimental properties
- 2 minor beneficial properties

***Spells.*** While holding the deck, you can use an action to cast one of the following spells (save DC 18) from it: *comprehend languages*, *detect evil and good*, *detect magic*, *detect poison and disease*, *locate object*, or *scrying*. Once you use the deck to cast a spell, you can't cast that spell again from it until the next dawn.

***Enduring Vision.*** While holding the deck, you automatically succeed on Constitution saving throws made to maintain your concentration on divination spells.

***Twist of Fate.*** As an action, you can draw a card from the deck and twist the fortune of another creature you can see within 15 feet of you. Choose one of the following effects:

- **Weal.** The creature has advantage on attack rolls, ability checks, and saving throws for the next hour.
- **Woe.** The creature has disadvantage on attack rolls, ability checks, and saving throws for the next hour.

The deck can be used in this way twice, and you regain all expended uses at the next dawn.

***Prisoners of Fate.*** Whenever you use the Twist of Fate property, there is a chance that one of the souls trapped in the deck escapes. Roll d100 and consult the Souls of the Tarokka table. If you roll one of the high cards, the soul associated with it escapes. You can find its statistics in the *Monster Manual*. If you roll a soul that has already escaped, roll again.

##### Souls of the Tarokka
|  d100  |     Card    |        Soul       |
|: :|: --:|: --:|
|    1   |   Artifact  |   **Flameskull**  |
|    2   |    Beast    |     **Wraith**    |
|    3   |    Broken   |    **Banshee**    |
|    4   |   Darklord  |    **Vampire**    |
|    5   |    Donjon   |     **Mummy**     |
|    6   | Executioner |  **Death knight** |
|    7   |    Ghost    |     **Ghost**     |
|    8   |   Horseman  |   **Mummy lord**  |
|    9   |   Innocent  |     **Ghost**     |
|   10   |  Marionette |     **Mummy**     |
|   11   |    Mists    |     **Wraith**    |
|   12   |    Raven    | **Vampire spawn** |
|   13   |     Seer    |    **Vampire**    |
|   14   |   Tempter   | **Vampire spawn** |
| 15-100 |      —      |         —         |

The released soul appears at a random location within 10d10 miles of you and terrorizes the living. Until the released soul is destroyed, it gains the benefit of a weal from the deck's Twist of Fate property, and both you and the original target of Twist of Fate suffer the effect of woe.

***Shuffling Fate.*** If you go 7 days without using the Twist of Fate property, your attunement to Luba's Tarokka of Souls ends, and you can't attune to it again until after another creature uses Twist of Fate on you.

***Destroying the Deck.*** Luba's Tarokka of Souls can be destroyed only if all fourteen souls within are released and destroyed. This reveals a fifteenth soul, a **lich**, that inhabits the Nether card, which appears only when the fourteen souls are defeated. If this ancient entity is destroyed, the Nether card vanishes and the deck becomes a normal tarokka deck, with no special properties, but it includes a new card of the DM's design.

***Mother Luba and the Vistani.*** The creator of the Tarokka of Souls, Mother Luba was one of the most influential leaders of the Vistani. For untold generations, the Vistani have wandered the Shadowfell, which includes terrifying demiplanes like the vampire-haunted realm of Barovia. These travelers have learned many secrets of these domains and encountered countless others wandering amid the Shadowfell's horrors. Most Vistani bands accept well-intentioned wayfarers from diverse walks and of disparate origins, embracing any who seek to find a home amid the endless roads and vistas hidden amid the mists.

A halfling Vistani, Mother Luba led one of the largest groups of Vistani in the Shadowfell. She hailed from the same world that Count Strahd von Zarovich and Madam Eva came from, and she created a community of kindness and resilience-ever rare to find in the Plane of Shadow. She led her people in welcoming strangers, feeding the hungry, and defying the cruel. She and Madam Eva were once friends, until Madam Eva began bargaining with the creatures of the night. ""We may wander amid the shadows,"" Mother Luba said. ""But we must ever serve as a light to our fellow travelers.""

Some years ago, Mother Luba disappeared into the mists, leaving behind only the Tarokka of Souls. It is said that if you draw the Mists card from it, you can hear the whispers of her kind voice.","save_dc 18, minor_beneficial 2, minor_detrimental 2, is_wondrous 1, extra_damage_multiplier 1","https://5e.tools/items.html#luba's%20tarokka%20of%20souls_tce"
"Lunar Glaive","Book of Ebon Tides","Melee Weapon","Uncommon","No","1,914 gp","1,531 gp / 1,914 gp / 2,297 gp","Algorithm","random","Made by shadow goblins to keep larger foes at a distance, lunar lances are often given to goblins on battlements or other vantage points. They weigh literally nothing but are as sharp as any dagger. This weapon adds 10 feet to your reach when attacking with it.

***Heavy.*** You have Disadvantage on attack rolls with a Heavy weapon if it's a Melee weapon and your Strength score isn't at least 13 or if it's a Ranged weapon and your Dexterity score isn't at least 13.

***Reach.*** A Reach weapon adds 5 feet to your reach when you attack with it, as well as when determining your reach for Opportunity Attacks with it.

***Two-Handed.*** A Two-Handed weapon requires two hands when you attack with it.

***Mastery: Graze.*** If your attack roll with this weapon misses a creature, you can deal damage to that creature equal to the ability modifier you used to make the attack roll. This damage is the same type dealt by the weapon, and the damage can be increased only by increasing the ability modifier.","extra_damage_multiplier 1","https://5e.tools/items.html#lunar%20glaive_bookofebontides"
"Mace of the Black Crown (Exalted)","Explorer's Guide to Wildemount","Melee Weapon","Artifact","Yes","447,500 gp","358,000 gp / 447,500 gp / 537,000 gp","Algorithm","family-min","This mace has a haft of black iron and a ruby head with a fiendish countenance. Carrying the boon of Asmodeus, it is fit for the most powerful servants of the Nine Hells.

***Sentience.*** The Mace of the Black Crown is a sentient lawful evil weapon with an Intelligence of 20, a Wisdom of 12, and a Charisma of 18. It has hearing and darkvision out to a range of 120 feet.

The weapon communicates telepathically with its wielder and can speak, read, and understand Common and Infernal.

***Personality.*** A greedy **erinyes** named Xartaza lives within the Mace of the Black Crown. Xartaza wants to recruit more souls for Asmodeus, so the weapon pushes its wielder toward lawful evil actions by manipulating the wielder's dreams. A former Blood War general, Xartaza hates demons and relishes crafting sound battle plans in any conflict.

***Dormant.*** The mace grants the following benefits in its dormant state:

- You can speak, read, and write Infernal.
- You gain a +1 bonus to attack and damage rolls made with this magic weapon.
- While holding the mace, you can use a bonus action to speak its Infernal command word, causing flames to erupt from the head. These flames shed bright light in a 40-foot radius and dim light for an additional 40 feet. While the mace is ablaze, it deals an extra 1d6 fire damage to any target it hits. The flames last until you use a bonus action to speak the command word again or until you are no longer holding the mace.
- While holding the mace, you can use an action to summon an **imp**. Any devil you summon with this mace is friendly to you and your companions for the duration. The imp obeys any verbal commands that you issue to it and returns to the Nine Hells 10 minutes after you summoned it. This property can't be used again until the next dawn.

> ##### Betrayer Artifact Properties
>
>The Arms of the Betrayers advance in power in the same manner as the Vestiges of Divergence. In its dormant state, each of these artifacts has one minor beneficial property and one minor detrimental property. When the artifact attains an awakened state, it gains an additional minor beneficial property and an additional minor detrimental property. When the item reaches its exalted state, it gains a major beneficial property. See ""Artifact Properties"" in chapter 7 of the Dungeon Master's Guide for more information.
>

***Awakened.*** When the mace reaches an awakened state, it gains the following properties:

- The weapon's bonus to attack and damage rolls increases to +2, and the extra fire damage dealt by the weapon when it is ignited increases to 2d6.
- The weapon's Summon Devil feature can also be used to summon a **bearded devil**.
- You have resistance to poison damage while holding this weapon.

***Exalted.*** When the mace reaches an exalted state, it gains the following properties:

- The weapon's bonus to attack and damage rolls increases to +3, and the extra fire damage dealt by the weapon when it is ignited increases to 3d6. Fire damage dealt by the mace ignores resistance to fire damage.
- The weapon's Summon Devil feature can also be used to summon a **barbed devil**.
- You have resistance to fire damage while you hold this weapon.

***Vestige of Divergence.*** *This item is a Vestige of Divergence, see *Vestiges of Divergence* for more information.*","darkvision_feet 120, extra_damage_avg 3.5, extra_damage_priced_avg 3.5, weapon_bonus 3, grants_language 1, is_sentient 1","https://5e.tools/items.html#mace%20of%20the%20black%20crown%20(exalted)_egw"
"Magazine","Grim Hollow: Player's Guide (2024)","Adventuring Gear","Mundane","No","5.0 gp","4.0 gp / 5.0 gp / 6.0 gp","Official","random","—","extra_damage_multiplier 1","https://5e.tools/items.html#magazine_grimhollowpg24"
"Magical Prosthetics","Grim Hollow: Campaign Guide (2024/Transformed)","Wondrous Item","Varies","No","750 gp","600 gp / 750 gp / 900 gp","Algorithm","random","The brutal warfare and vicious monsters prevalent across Etharis leave many with Grievous Wounds, including missing limbs and other potentially debilitating injuries. The engineers and crafters of the world have made great strides in helping those people deal with those injuries through Prosthetics, which are covered in Chapter 5 of the Grim Hollow Player's Guide. Magical versions of Prosthetics can be crafted with properties that mimic existing Wondrous Items or Rings. Typically, these Prosthetics replicate the body part that would wear that item. For example, a Magical Prosthetic leg could replicate the effect of Boots of Elvenkind, while a Magical Prosthetic hand might act as a Ring of Protection. A Magical Prosthetic has the same rarity as the magic item it mimics. It counts as ""wearing"" an item of that kind, so if you have a Magical Prosthetic leg that mimics Boots of Elvenkind, you can't wear another pair of magic boots.","is_wondrous 1, extra_damage_multiplier 1","https://5e.tools/items.html#magical%20prosthetics_grimhollowcg24"
"Malice","Dungeon Master's Guide (2024)","Adventuring Gear","Mundane","No","250 gp","200 gp / 250 gp / 300 gp","Official","random","A creature subjected to Malice must succeed on a DC 15 Constitution saving throw or have the Poisoned condition for 1 hour. The creature also has the Blinded condition while Poisoned in this way.","save_dc 15, is_poison 1, extra_damage_multiplier 1","https://5e.tools/items.html#malice_xdmg"
"Mantle of the Lightbender","Flee, Mortals! The MCDM Monster Book","Wondrous Item","Uncommon","Yes","2,294 gp","1,835 gp / 2,294 gp / 2,753 gp","Algorithm","ml-variance","This elegant cloak is lined with the iridescent mane of a lightbender. When you're hit with an attack while wearing this cloak, you can use your reaction to reveal that the attacker is attacking a past visual imprint of you. You appear in an unoccupied space you can see within 30 feet of your imprint, the attack misses, then the imprint disappears. You can't use this reaction if the attacker relies on senses other than sight, such as blindsight, or if they can perceive illusions as false, as with truesight. Once you use the cloak to reveal a past visual imprint of yourself, you can't do so again until the next dawn.","is_wondrous 1, extra_damage_multiplier 1, truesight 1, blindsight 1","https://5e.tools/items.html#mantle%20of%20the%20lightbender_fleemortals"
"Marid Conch","Call from the Deep","Wondrous Item","Very Rare","No","27,986 gp","22,388 gp / 27,986 gp / 33,583 gp","Algorithm","ml-variance","This iridescent pink conch shell weighs 1 pound. When you use an action to rub the conch, a cloud of thick sea mist flows out of the shell. At the end of your turn, the mist disappears with a flash of harmless lightning, and a marid appears in an unoccupied space within 30 feet of you. The first time the shell is rubbed, the DM rolls to determine what happens. 01–10 The marid attacks you. After fighting for 5 rounds, the marid disappears, and the conch loses its magic. 11–90 The marid serves you for 1 hour, doing as you command. The marid then returns to the conch. The conch can't be activated again for 24 hours. The next two times the conch is used, the same effect occurs. If the conch is opened a fourth time, the marid escapes and disappears, and the conch loses its magic. 91–00 The marid can cast the wish spell three times for you. It disappears when it grants the wish or after 1 hour, and the conch loses its magic.","is_wondrous 1, extra_damage_multiplier 1, wish_effect 1","https://5e.tools/items.html#marid%20conch_callfromthedeep"
"Maul of Throne's Command","The Book of Many Things","Melee Weapon","Very Rare","Yes","18,966 gp","15,173 gp / 18,966 gp / 22,759 gp","Algorithm","random","This weapon is bedecked in ornate gold filigree and deep-blue and maroon jewels. You gain a +1 bonus to attack and damage rolls made with this weapon. Additionally, you gain proficiency in the Intimidation and Persuasion skills if you don't already have it.

***Spellcasting.*** The weapon has 5 charges. You can use a bonus action and expend 1 or more of its charges to cast one of the following spells (save DC 16): *Command* (1 charge), *Zone of Truth* (2 charges), *Compulsion* (4 charges), *Banishment* (4 charges), or *Dominate Person* (5 charges).

The weapon regains 1d4 expended charges daily at dawn.

***Heavy.*** You have Disadvantage on attack rolls with a Heavy weapon if it's a Melee weapon and your Strength score isn't at least 13 or if it's a Ranged weapon and your Dexterity score isn't at least 13.

***Two-Handed.*** A Two-Handed weapon requires two hands when you attack with it.

***Mastery: Topple.*** If you hit a creature with this weapon, you can force the creature to make a Constitution saving throw (DC 8 plus the ability modifier used to make the attack roll and your Proficiency Bonus). On a failed save, the creature has the Prone condition.","save_dc 16, weapon_bonus 1, grants_proficiency 1, extra_damage_multiplier 1","https://5e.tools/items.html#maul%20of%20throne's%20command_bmt"
"Medani Dowser","Exploring Eberron (2024)","Wand","Common","No","1,029 gp","823 gp / 1,029 gp / 1,235 gp","Algorithm","random","*Requires the Mark of Detection*

This wand has 3 charges and regains 1d3 expended charges daily at dawn. While holding it, you can take a Magic action to expend 1 charge, and if a secret door or trap is within 60 feet of you, the wand pulses and points at the one nearest to you.
*Duplicated from *Wand of Secrets**","extra_damage_multiplier 1","https://5e.tools/items.html#medani%20dowser_exploringeberron24"
"Medusan Signet","The Griffon's Saddlebag: Book Two","Ring","Uncommon","Yes","2,428 gp","1,942 gp / 2,428 gp / 2,914 gp","Algorithm","ml-variance","When you are reduced to 0 hit points but not killed outright while wearing this ring, you don't fall prone but are immediately turned to stone and are petrified. You remain petrified until you die or are targeted by the greater restoration spell, or until you regain any number of hit points, regaining consciousness and returning to your normal form when you do. While petrified in this way, you don't make death saving throws at the start of each of your turns, although you still suffer failures if you take damage. In addition, critical hits against you while petrified become normal hits, as your stone form offers some protection. When you regain consciousness, you also gain 2d6 + 3 temporary hit points that last for 1 minute as the stone form's lingering protection slowly fades. Once this property has been used 3 times, the ring turns to dust and is destroyed.","temp_hp_avg 10, extra_damage_multiplier 1, crit_immunity 1","https://5e.tools/items.html#medusan%20signet_griffonssaddlebag2"
"Memento of the Shapeless Polearm","The Griffon's Saddlebag: Book One","Melee Weapon","Legendary","Yes","49,565 gp","39,652 gp / 49,565 gp / 59,479 gp","Algorithm","random","—","weapon_bonus 2, grants_proficiency 1, extra_damage_multiplier 1","https://5e.tools/items.html#memento%20of%20the%20shapeless%20polearm_24griffonssaddlebag1"
"Mind Flayer Skull","Waterdeep: Dungeon of the Mad Mage","Other","Unknown Magic","No","3,089 gp","2,471 gp / 3,089 gp / 3,706 gp","Algorithm","ml-variance","While you have the skull in your possession, you are invisible to mind flayers, as is anything you are wearing or carrying.","extra_damage_multiplier 1, invisibility_atwill 1","https://5e.tools/items.html#mind%20flayer%20skull_wdmm"
"Mirror of Reflected Pasts","Dragonlance: Shadow of the Dragon Queen","Wondrous Item","Very Rare","Yes","11,170 gp","8,936 gp / 11,170 gp / 13,404 gp","Algorithm","random","This mirror of elven design allows those who stare into it to reflect on positive memories. The 3-foot-tall mirror weighs 25 pounds, and it has AC 11, 10 hit points, and vulnerability to bludgeoning damage. It shatters and is destroyed if reduced to 0 hit points.

While holding the mirror upright, you can use an action to speak its command word and activate it. While activated, the mirror hovers in the air, and it can be destroyed but not moved. It remains activated until you use an action to speak the command word again or your attunement to the mirror ends, at which point the mirror harmlessly floats to the ground. Once the mirror has been deactivated, it can't be activated again until the next dawn.

If a non-Construct creature other than you sees its reflection in the activated mirror while within 30 feet of it, that creature must succeed on a DC 15 Wisdom saving throw or become paralyzed until the mirror is deactivated or until that creature can no longer see the mirror. A creature paralyzed by the mirror can repeat the saving throw at the end of each of its turns, ending the effect on a success. If a creature's saving throw is successful or the effect ends for it, the creature is immune to this mirror's effect for the next 24 hours.

While paralyzed by the mirror, the creature sees events from their past reflected in the mirror's glass. These memories aren't real, but rather idealized versions of those occurrences. Nearby observers can glimpse flashes of these memories if looking indirectly at the mirror.","save_dc 15, is_wondrous 1, extra_damage_multiplier 1","https://5e.tools/items.html#mirror%20of%20reflected%20pasts_dsotdq"
"Monster Camouflage","Forgotten Realms: Heroes of Faerûn","Adventuring Gear","Mundane","No","50 gp","40 gp / 50 gp / 60 gp","Official","floor-tripwire","A suit of Monster Camouflage looks like a Beast or Monstrosity, such as an **owlbear**. To discern that you're disguised, a creature must take the Study action to inspect your appearance and succeed on a DC 10 Intelligence (Investigation or Nature) check. The creature has Advantage on this check if it is within 30 feet of you and automatically succeeds on this check if you do anything the monster you're disguised as couldn't do.","save_dc 10, extra_damage_multiplier 1","https://5e.tools/items.html#monster%20camouflage_frhof"
"Monster Hunter's Dagger +1","Monsters of Drakkenheim","Melee Weapon","Rare","Yes","4,895 gp","3,916 gp / 4,895 gp / 5,874 gp","Algorithm","random","These weapons are carved from bark, with a core of magical sap, and decorated with leaves from magical plants. Their hilts and shafts are bound in hair from a fey creature. This magic weapon channels the natural magic found in the elements of nature.

While holding this magic weapon, you gain a +1 bonus to attack and damage rolls made with it, and you gain a +1 bonus to spell attack rolls and the saving throw DCs of your Ranger spells. The bonus is determined by the weapon's rarity. In addition, you can use the weapon as a Spellcasting Focus for your Ranger spells.

When you hit with an attack using this weapon, you can expend a Ranger spell slot to cast *Hunter's Mark* on the target as part of the same action used to make the attack. When you cast *Hunter's Mark* in this way it does not require Concentration. Additionally, the spell lasts for one minute or until the target dies or you cast *Hunter's Mark* again using either the weapon or otherwise.

***Crafting.*** Creating a Monster Hunter's Weapon requires a Workshop and the following Components of rarity equal to the item's rarity:

- **[Animus]** Any Animus
- **[Fluid]** Sap
- **[Hair]** Hair from a Fey
- **[Hair]** Leaves
- **[Hide]** Bark

***Finesse.*** When making an attack with a Finesse weapon, use your choice of your Strength or Dexterity modifier for the attack and damage rolls. You must use the same modifier for both rolls.

***Light.*** When you take the Attack action on your turn and attack with a Light weapon, you can make one extra attack as a Bonus Action later on the same turn. That extra attack must be made with a different Light weapon, and you don't add your ability modifier to the extra attack's damage unless that modifier is negative. For example, you can attack with a *Shortsword* in one hand and a *Dagger* in the other using the Attack action and a Bonus Action, but you don't add your Strength or Dexterity modifier to the damage roll of the Bonus Action unless that modifier is negative.

***Thrown.*** If a weapon has the Thrown property, you can throw the weapon to make a ranged attack, and you can draw that weapon as part of the attack. If the weapon is a Melee weapon, use the same ability modifier for the attack and damage rolls that you use for a melee attack with that weapon.

***Mastery: Nick.*** When you make the extra attack of the Light property, you can make it as part of the Attack action instead of as a Bonus Action. You can make this extra attack only once per turn.","spell_attack_bonus 1, spell_save_dc_bonus 1, is_focus 1, extra_damage_multiplier 1, concentration_free 1, is_focus_prose 1","https://5e.tools/items.html#monster%20hunter's%20dagger%20+1_monstersofdrakkenheim"
"Monster Hunter's Dragon Pistol +1","Monsters of Drakkenheim","Ranged Weapon","Rare","Yes","5,145 gp","4,116 gp / 5,145 gp / 6,174 gp","Algorithm","random","*The *base item* can be found in Grim Hollow: Player’s Guide (2024), page 129.*

These weapons are carved from bark, with a core of magical sap, and decorated with leaves from magical plants. Their hilts and shafts are bound in hair from a fey creature. This magic weapon channels the natural magic found in the elements of nature.

While holding this magic weapon, you gain a +1 bonus to attack and damage rolls made with it, and you gain a +1 bonus to spell attack rolls and the saving throw DCs of your Ranger spells. The bonus is determined by the weapon's rarity. In addition, you can use the weapon as a Spellcasting Focus for your Ranger spells.

When you hit with an attack using this weapon, you can expend a Ranger spell slot to cast *Hunter's Mark* on the target as part of the same action used to make the attack. When you cast *Hunter's Mark* in this way it does not require Concentration. Additionally, the spell lasts for one minute or until the target dies or you cast *Hunter's Mark* again using either the weapon or otherwise.

***Crafting.*** Creating a Monster Hunter's Weapon requires a Workshop and the following Components of rarity equal to the item's rarity:

- **[Animus]** Any Animus
- **[Fluid]** Sap
- **[Hair]** Hair from a Fey
- **[Hair]** Leaves
- **[Hide]** Bark

***Range.*** A Range weapon has a range in parentheses after the Ammunition or Thrown property. The range lists two numbers. The first is the weapon's normal range in feet, and the second is the weapon's long range. When attacking a target beyond normal range, you have Disadvantage on the attack roll. You can't attack a target beyond the long range.

***Ammunition.*** You can use a weapon that has the Ammunition property to make a ranged attack only if you have ammunition to fire from it. The type of ammunition required is specified with the weapon's range. Each attack expends one piece of ammunition. Drawing the ammunition is part of the attack (you need a free hand to load a one-handed weapon). After a fight, you can spend 1 minute to recover half the ammunition (round down) you used in the fight; the rest is lost.

***Blackpowder.*** Blackpowder weapons fire projectiles with ear-splitting noise, shredding armor with deadly force. When fired, Blackpowder weapons emit a deafening crack audible 300 feet away. A Blackpowder weapon exposed to heavy rain, submerged, or similarly drenched in water, can't fire until dried for 1 hour. These weapons use paper cartridge bullets as ammunition.

***Loading.*** You can fire only one piece of ammunition from a Loading weapon when you use an action, a Bonus Action, or a Reaction to fire it, regardless of the number of attacks you can normally make.

***Mastery: Scatter.*** Scatter weapons can devastate multiple enemies at once. When you take the Attack action and hit a creature with a Scatter weapon, measure the weapon's scatter range from the target's space (or one square the creature occupies if it is Large or larger). Creatures other than the original target that fall within the weapon's scatter range take damage equal to your 1 + your Dexterity modifier (minimum 2). This damage is of the same type you dealt to the original target.","spell_attack_bonus 1, spell_save_dc_bonus 1, is_focus 1, extra_damage_multiplier 1, concentration_free 1, is_focus_prose 1","https://5e.tools/items.html#monster%20hunter's%20dragon%20pistol%20+1_monstersofdrakkenheim"
"Monster Hunter's Hand Crossbow +2","Monsters of Drakkenheim","Ranged Weapon","Very Rare","Yes","13,962 gp","11,169 gp / 13,962 gp / 16,754 gp","Algorithm","random","These weapons are carved from bark, with a core of magical sap, and decorated with leaves from magical plants. Their hilts and shafts are bound in hair from a fey creature. This magic weapon channels the natural magic found in the elements of nature.

While holding this magic weapon, you gain a +2 bonus to attack and damage rolls made with it, and you gain a +2 bonus to spell attack rolls and the saving throw DCs of your Ranger spells. The bonus is determined by the weapon's rarity. In addition, you can use the weapon as a Spellcasting Focus for your Ranger spells.

When you hit with an attack using this weapon, you can expend a Ranger spell slot to cast *Hunter's Mark* on the target as part of the same action used to make the attack. When you cast *Hunter's Mark* in this way it does not require Concentration. Additionally, the spell lasts for one minute or until the target dies or you cast *Hunter's Mark* again using either the weapon or otherwise.

***Crafting.*** Creating a Monster Hunter's Weapon requires a Workshop and the following Components of rarity equal to the item's rarity:

- **[Animus]** Any Animus
- **[Fluid]** Sap
- **[Hair]** Hair from a Fey
- **[Hair]** Leaves
- **[Hide]** Bark

***Range.*** A Range weapon has a range in parentheses after the Ammunition or Thrown property. The range lists two numbers. The first is the weapon's normal range in feet, and the second is the weapon's long range. When attacking a target beyond normal range, you have Disadvantage on the attack roll. You can't attack a target beyond the long range.

***Ammunition.*** You can use a weapon that has the Ammunition property to make a ranged attack only if you have ammunition to fire from it. The type of ammunition required is specified with the weapon's range. Each attack expends one piece of ammunition. Drawing the ammunition is part of the attack (you need a free hand to load a one-handed weapon). After a fight, you can spend 1 minute to recover half the ammunition (round down) you used in the fight; the rest is lost.

***Light.*** When you take the Attack action on your turn and attack with a Light weapon, you can make one extra attack as a Bonus Action later on the same turn. That extra attack must be made with a different Light weapon, and you don't add your ability modifier to the extra attack's damage unless that modifier is negative. For example, you can attack with a *Shortsword* in one hand and a *Dagger* in the other using the Attack action and a Bonus Action, but you don't add your Strength or Dexterity modifier to the damage roll of the Bonus Action unless that modifier is negative.

***Loading.*** You can fire only one piece of ammunition from a Loading weapon when you use an action, a Bonus Action, or a Reaction to fire it, regardless of the number of attacks you can normally make.

***Mastery: Vex.*** If you hit a creature with this weapon and deal damage to the creature, you have Advantage on your next attack roll against that creature before the end of your next turn.","spell_attack_bonus 2, spell_save_dc_bonus 2, is_focus 1, extra_damage_multiplier 1, concentration_free 1, is_focus_prose 1","https://5e.tools/items.html#monster%20hunter's%20hand%20crossbow%20+2_monstersofdrakkenheim"
"Monster Hunter's Handaxe +1","Monsters of Drakkenheim","Melee Weapon","Rare","Yes","4,956 gp","3,965 gp / 4,956 gp / 5,947 gp","Algorithm","random","These weapons are carved from bark, with a core of magical sap, and decorated with leaves from magical plants. Their hilts and shafts are bound in hair from a fey creature. This magic weapon channels the natural magic found in the elements of nature.

While holding this magic weapon, you gain a +1 bonus to attack and damage rolls made with it, and you gain a +1 bonus to spell attack rolls and the saving throw DCs of your Ranger spells. The bonus is determined by the weapon's rarity. In addition, you can use the weapon as a Spellcasting Focus for your Ranger spells.

When you hit with an attack using this weapon, you can expend a Ranger spell slot to cast *Hunter's Mark* on the target as part of the same action used to make the attack. When you cast *Hunter's Mark* in this way it does not require Concentration. Additionally, the spell lasts for one minute or until the target dies or you cast *Hunter's Mark* again using either the weapon or otherwise.

***Crafting.*** Creating a Monster Hunter's Weapon requires a Workshop and the following Components of rarity equal to the item's rarity:

- **[Animus]** Any Animus
- **[Fluid]** Sap
- **[Hair]** Hair from a Fey
- **[Hair]** Leaves
- **[Hide]** Bark

***Light.*** When you take the Attack action on your turn and attack with a Light weapon, you can make one extra attack as a Bonus Action later on the same turn. That extra attack must be made with a different Light weapon, and you don't add your ability modifier to the extra attack's damage unless that modifier is negative. For example, you can attack with a *Shortsword* in one hand and a *Dagger* in the other using the Attack action and a Bonus Action, but you don't add your Strength or Dexterity modifier to the damage roll of the Bonus Action unless that modifier is negative.

***Thrown.*** If a weapon has the Thrown property, you can throw the weapon to make a ranged attack, and you can draw that weapon as part of the attack. If the weapon is a Melee weapon, use the same ability modifier for the attack and damage rolls that you use for a melee attack with that weapon.

***Mastery: Vex.*** If you hit a creature with this weapon and deal damage to the creature, you have Advantage on your next attack roll against that creature before the end of your next turn.","spell_attack_bonus 1, spell_save_dc_bonus 1, is_focus 1, extra_damage_multiplier 1, concentration_free 1, is_focus_prose 1","https://5e.tools/items.html#monster%20hunter's%20handaxe%20+1_monstersofdrakkenheim"
"Monster Hunter's Repeater Needler +3","Monsters of Drakkenheim","Ranged Weapon","Legendary","Yes","8,000 gp","6,400 gp / 8,000 gp / 9,600 gp","Amalgamated (DSA,MSRP,DMPG)","floor-tripwire","*The *base item* can be found in Grim Hollow: Player’s Guide (2024), page 129.*

These weapons are carved from bark, with a core of magical sap, and decorated with leaves from magical plants. Their hilts and shafts are bound in hair from a fey creature. This magic weapon channels the natural magic found in the elements of nature.

While holding this magic weapon, you gain a +3 bonus to attack and damage rolls made with it, and you gain a +3 bonus to spell attack rolls and the saving throw DCs of your Ranger spells. The bonus is determined by the weapon's rarity. In addition, you can use the weapon as a Spellcasting Focus for your Ranger spells.

When you hit with an attack using this weapon, you can expend a Ranger spell slot to cast *Hunter's Mark* on the target as part of the same action used to make the attack. When you cast *Hunter's Mark* in this way it does not require Concentration. Additionally, the spell lasts for one minute or until the target dies or you cast *Hunter's Mark* again using either the weapon or otherwise.

***Crafting.*** Creating a Monster Hunter's Weapon requires a Workshop and the following Components of rarity equal to the item's rarity:

- **[Animus]** Any Animus
- **[Fluid]** Sap
- **[Hair]** Hair from a Fey
- **[Hair]** Leaves
- **[Hide]** Bark

***Range.*** A Range weapon has a range in parentheses after the Ammunition or Thrown property. The range lists two numbers. The first is the weapon's normal range in feet, and the second is the weapon's long range. When attacking a target beyond normal range, you have Disadvantage on the attack roll. You can't attack a target beyond the long range.

***Ammunition.*** You can use a weapon that has the Ammunition property to make a ranged attack only if you have ammunition to fire from it. The type of ammunition required is specified with the weapon's range. Each attack expends one piece of ammunition. Drawing the ammunition is part of the attack (you need a free hand to load a one-handed weapon). After a fight, you can spend 1 minute to recover half the ammunition (round down) you used in the fight; the rest is lost.

***Light.*** When you take the Attack action on your turn and attack with a Light weapon, you can make one extra attack as a Bonus Action later on the same turn. That extra attack must be made with a different Light weapon, and you don't add your ability modifier to the extra attack's damage unless that modifier is negative. For example, you can attack with a *Shortsword* in one hand and a *Dagger* in the other using the Attack action and a Bonus Action, but you don't add your Strength or Dexterity modifier to the damage roll of the Bonus Action unless that modifier is negative.

***Magazine.*** A weapon with the Magazine property also has a number and an ammunition type. The weapon holds that amount and type of ammunition, which you can expend before needing to reload the weapon. As a Bonus Action, you may remove a *Magazine* and then reload it with a new *Magazine*. A *Magazine* weapon comes with two empty magazines included in the weapon's cost and weight. An additional empty magazine for a Magazine weapon costs 25 GP. Loading an empty Magazine with ammunition takes 1 minute.

***Repeater.*** Repeater weapons can fire ammo in quick succession, using multiple barrels or quick-reloading mechanisms. When you take the Attack action with a Repeater weapon, you can shoot multiple times if you have features that let you attack more than once as part of that action, such as Extra Attack. After taking the Attack action you can use a Bonus Action to attack once with the same weapon. You don't add your ability modifier to the Bonus Action's attack, unless that modifier is negative.

***Mastery: Vex.*** If you hit a creature with this weapon and deal damage to the creature, you have Advantage on your next attack roll against that creature before the end of your next turn.","spell_attack_bonus 3, spell_save_dc_bonus 3, is_focus 1, extra_damage_multiplier 1, concentration_free 1, is_focus_prose 1","https://5e.tools/items.html#monster%20hunter's%20repeater%20needler%20+3_monstersofdrakkenheim"
"Monster Hunter's Steel Jaws +2","Monsters of Drakkenheim","Melee Weapon","Very Rare","Yes","14,338 gp","11,470 gp / 14,338 gp / 17,206 gp","Algorithm","random","Because they have no hands, worgs cannot wield weapons in the same way that most player characters can. However, worgs can wield a specially designed Martial Melee weapon called ""Steel Jaws."" Only Worg can wield Steel Jaws, fitting as they do over a Worg's teeth. A Worg cannot use its Bite trait while it is wielding Steel Jaws.","spell_attack_bonus 2, spell_save_dc_bonus 2, is_focus 1, extra_damage_multiplier 1, concentration_free 1, is_focus_prose 1","https://5e.tools/items.html#monster%20hunter's%20steel%20jaws%20+2_monstersofdrakkenheim"
"Monster Hunter's Yklwa +3","Monsters of Drakkenheim","Melee Weapon","Legendary","Yes","46,720 gp","37,376 gp / 46,720 gp / 56,064 gp","Algorithm","random","*The *base item* can be found in Tomb of Annihilation, page 32.*

These weapons are carved from bark, with a core of magical sap, and decorated with leaves from magical plants. Their hilts and shafts are bound in hair from a fey creature. This magic weapon channels the natural magic found in the elements of nature.

While holding this magic weapon, you gain a +3 bonus to attack and damage rolls made with it, and you gain a +3 bonus to spell attack rolls and the saving throw DCs of your Ranger spells. The bonus is determined by the weapon's rarity. In addition, you can use the weapon as a Spellcasting Focus for your Ranger spells.

When you hit with an attack using this weapon, you can expend a Ranger spell slot to cast *Hunter's Mark* on the target as part of the same action used to make the attack. When you cast *Hunter's Mark* in this way it does not require Concentration. Additionally, the spell lasts for one minute or until the target dies or you cast *Hunter's Mark* again using either the weapon or otherwise.

***Crafting.*** Creating a Monster Hunter's Weapon requires a Workshop and the following Components of rarity equal to the item's rarity:

- **[Animus]** Any Animus
- **[Fluid]** Sap
- **[Hair]** Hair from a Fey
- **[Hair]** Leaves
- **[Hide]** Bark

A yklwa (pronounced YICK-ul-wah) is a simple melee weapon that is the traditional weapon of Chultan warriors. A yklwa consists of a 3-foot wooden shaft with a steel or stone blade up to 18 inches long. Although it has the thrown weapon property, the yklwa is not well balanced for throwing.

***Thrown.*** If a weapon has the thrown property, you can throw the weapon to make a ranged attack. If the weapon is a melee weapon, you use the same ability modifier for that attack roll and damage roll that you would use for a melee attack with the weapon. For example, if you throw a handaxe, you use your Strength, but if you throw a dagger, you can use either your Strength or your Dexterity, since the dagger has the finesse property.","spell_attack_bonus 3, spell_save_dc_bonus 3, is_focus 1, extra_damage_multiplier 1, concentration_free 1, is_focus_prose 1","https://5e.tools/items.html#monster%20hunter's%20yklwa%20+3_monstersofdrakkenheim"
"Moon-Touched Shortsword","Dungeon Master's Guide (2024)","Melee Weapon","Common","No","345 gp","276 gp / 345 gp / 414 gp","Amalgamated (DSA,MSRP)","random","In Darkness, the unsheathed blade of this weapon sheds moonlight, creating Bright Light in a 15-foot radius and Dim Light for an additional 15 feet.

***Finesse.*** When making an attack with a Finesse weapon, use your choice of your Strength or Dexterity modifier for the attack and damage rolls. You must use the same modifier for both rolls.

***Light.*** When you take the Attack action on your turn and attack with a Light weapon, you can make one extra attack as a Bonus Action later on the same turn. That extra attack must be made with a different Light weapon, and you don't add your ability modifier to the extra attack's damage unless that modifier is negative. For example, you can attack with a *Shortsword* in one hand and a *Dagger* in the other using the Attack action and a Bonus Action, but you don't add your Strength or Dexterity modifier to the damage roll of the Bonus Action unless that modifier is negative.

***Mastery: Vex.*** If you hit a creature with this weapon and deal damage to the creature, you have Advantage on your next attack roll against that creature before the end of your next turn.","extra_damage_multiplier 1","https://5e.tools/items.html#moon-touched%20shortsword_xdmg"
"Moonstone","Dungeon Master's Guide (2024)","$G","Mundane","No","50 gp","40 gp / 50 gp / 60 gp","Official","floor-tripwire","A white with pale-blue glow gemstone.","extra_damage_multiplier 1","https://5e.tools/items.html#moonstone_xdmg"
"Mudslick Tower","Phandelver and Below: The Shattered Obelisk","Wondrous Item","Very Rare","No","45,000 gp","36,000 gp / 45,000 gp / 54,000 gp","Algorithm","battery-parity","You can use an action to place this 1-inch-diameter granite sphere on the ground and speak its command word, which is ""petrification"" in Terran. The sphere rapidly grows into a stout tower that remains until you use an action to touch the tower and speak the command word again, whereupon the tower shrinks back to a 1-inch-diameter granite sphere. The tower must be empty to shrink in this way. The tower bristles with muddy knobs that constantly extrude and retract across its surface, as though the tower were breathing through a coating of thick mud.

Each creature in the area where the tower appears must make a DC 15 Dexterity saving throw, taking 10d10 bludgeoning damage on a failed save, or half as much damage on a successful one. In either case, the creature is pushed to an unoccupied space outside but next to the tower. Objects in the area that aren't being worn or carried take this damage and are pushed automatically.

Whenever it expands, the mudslick tower merges with any natural stone it touches, awkwardly tipping and wedging itself to touch as much natural stone as it can.

The tower is 20 feet on a side and 30 feet high, with arrow slits on all sides and a battlement atop it. Its interior is divided into two floors, with a ladder running along one wall to connect them. The ladder ends at a trapdoor leading to the roof. When activated, the tower has a small door on the side facing you. The door opens only at your command, which you can speak as a bonus action. It is immune to the *knock* spell and similar magic, such as that of a chime of opening.

Although it looks like stone, the tower is made of adamantine, and its magic prevents creatures from tipping it over. The roof, the door, and the walls each have 100 hit points, immunity to damage from nonmagical weapons excluding siege weapons, and resistance to all other damage. While merged with natural stone, the mudslick tower has immunity to all damage. Only a *wish* spell can repair the tower (this use of the spell counts as replicating a spell of 8th level or lower). Each casting of *wish* causes the roof, the door, or one wall to regain 50 hit points.","healing_consumable_avg 50, save_dc 15, spell_battery_max_level 8, is_wondrous 1, extra_damage_multiplier 1","https://5e.tools/items.html#mudslick%20tower_pabtso"
"Necronomicon Ex Corvis","Humblewood Campaign Setting","Wondrous Item","Artifact","Yes","251,256 gp","201,004 gp / 251,256 gp / 301,507 gp","Algorithm","random","This legendary tome of dark necromancy was penned by the mad corvum necromancer Lathrus, of the Night's Call. The book is one of a kind and contains terrible necromantic secrets. The Necronomicon Ex Corvis is a spellbook, and as such only wizards can truly benefit from studying the dark secrets within. By spending a full week studying the dark secrets in this tome, your Intelligence score increases by 2. These secrets gnaw at your mind, however, and your Wisdom score decreases by 1. By spending at least a minute reciting a ritual listed in this book, you can summon forth 1d4 + 2 shadow. These creatures are loyal to you and can understand any instructions you give them. They will carry out these instructions to the best of their ability. This property can only be used once per week. You may add the spells listed below into your spellbook. However, the tome removes the restriction that requires you to be able to prepare and cast these spells. In effect, you can copy these spells to your spellbook now, though they will only be available to prepare once you reach a level at which you can cast them. Additionally, rather than pay gold pieces to copy any spell within into your spellbook, you may deal one point of damage to yourself and take one level of exhaustion to scribe the spell in your own blood. 3rd animate dead, bestow curse, vampiric touch 4th blight 6th circle of death, magic jar 7th finger of death After copying at least one spell from this tome into your spellbook, you must succeed on a 16 Wisdom saving throw or become cursed (as bestow curse), with the effect of the curse being decided by the GM. The curse persists for 2d4 days, but its duration resets anytime you copy a spell from this book. Otherwise, only a remove curse spell cast using a 5th level or higher spell slot can rid you of this effect. Unlike other artifacts, the book is not immune to damage. Pages removed from the book will lose their magic within a day. Additionally, exposing the book to direct sunlight for at least 8 hours will cause the dark magic within to dissipate, rendering it useless.","is_wondrous 1, is_focus 1, extra_damage_multiplier 1, tome_manual_boost 1","https://5e.tools/items.html#necronomicon%20ex%20corvis_humblewoodcampaignsetting"
"Nine Lives Stealer Dart","Dungeon Master's Guide (2024)","Ranged Weapon","Very Rare","Yes","29,071 gp","23,256 gp / 29,071 gp / 34,885 gp","Single source (DSA)","random","You gain a +2 bonus to attack rolls and damage rolls made with this magic weapon.

***Life Stealing.*** The weapon has 1d8 + 1 charges. When you attack a creature that has fewer than 100 Hit Points with this weapon and roll a 20 on the d20 for the attack roll, the creature must succeed on a DC 15 Constitution saving throw or be slain instantly as the sword tears its life force from its body. Constructs and Undead succeed on the save automatically. The weapon loses 1 charge if the creature is slain. When the weapon has no charges remaining, it loses this property.

***Range.*** A Range weapon has a range in parentheses after the Ammunition or Thrown property. The range lists two numbers. The first is the weapon's normal range in feet, and the second is the weapon's long range. When attacking a target beyond normal range, you have Disadvantage on the attack roll. You can't attack a target beyond the long range.

***Finesse.*** When making an attack with a Finesse weapon, use your choice of your Strength or Dexterity modifier for the attack and damage rolls. You must use the same modifier for both rolls.

***Thrown.*** If a weapon has the Thrown property, you can throw the weapon to make a ranged attack, and you can draw that weapon as part of the attack. If the weapon is a Melee weapon, use the same ability modifier for the attack and damage rolls that you use for a melee attack with that weapon.

***Mastery: Vex.*** If you hit a creature with this weapon and deal damage to the creature, you have Advantage on your next attack roll against that creature before the end of your next turn.","save_dc 15, weapon_bonus 2, extra_damage_multiplier 1","https://5e.tools/items.html#nine%20lives%20stealer%20dart_xdmg"
"Nine Lives Stealer Spear","Dungeon Master's Guide (2024)","Melee Weapon","Very Rare","Yes","27,947 gp","22,357 gp / 27,947 gp / 33,536 gp","Single source (DSA)","random","You gain a +2 bonus to attack rolls and damage rolls made with this magic weapon.

***Life Stealing.*** The weapon has 1d8 + 1 charges. When you attack a creature that has fewer than 100 Hit Points with this weapon and roll a 20 on the d20 for the attack roll, the creature must succeed on a DC 15 Constitution saving throw or be slain instantly as the sword tears its life force from its body. Constructs and Undead succeed on the save automatically. The weapon loses 1 charge if the creature is slain. When the weapon has no charges remaining, it loses this property.

***Thrown.*** If a weapon has the Thrown property, you can throw the weapon to make a ranged attack, and you can draw that weapon as part of the attack. If the weapon is a Melee weapon, use the same ability modifier for the attack and damage rolls that you use for a melee attack with that weapon.

***Versatile.*** A Versatile weapon can be used with one or two hands. A damage value in parentheses appears with the property. The weapon deals that damage when used with two hands to make a melee attack.

***Mastery: Sap.*** If you hit a creature with this weapon, that creature has Disadvantage on its next attack roll before the start of your next turn.","save_dc 15, weapon_bonus 2, extra_damage_multiplier 1","https://5e.tools/items.html#nine%20lives%20stealer%20spear_xdmg"
"Noisemaker","Grim Hollow: Player's Guide (2024)","AdvEq","Mundane","No","50 gp","40 gp / 50 gp / 60 gp","Official","floor-tripwire","This small mechanical device is a specialty of gnomish crafters. As a Utilize action, you can throw the Noisemaker into a space within 60 feet. When it lands, it makes a loud noise of some kind, depending on the whims of the creator: a musical clash, a whistling, a whirring, a buzzing, etc. This noise can be heard up to half a mile away. A creature with an Intelligence score of 3 or less that is within 60 feet of the device when it goes off must succeed in a DC 10 Wisdom saving throw. On a failed save, the creature has the Frightened condition for one minute. As an Influence action, another creature who the Frightened creature can see or hear can attempt a DC 20 Wisdom (Animal Handling) or Charisma (Persuasion) check. On a success, the Frightened condition ends on that creature.","save_dc 20, extra_damage_multiplier 1","https://5e.tools/items.html#noisemaker_grimhollowpg24"
"Obviator's Lenses","Acquisitions Incorporated","Wondrous Item","Varies","No","750 gp","600 gp / 750 gp / 900 gp","Algorithm","random","Also at rank 2, you gain the use of an uncommon magic item taking the form of a pair of spectacles, a spyglass, a monocle, or any other device with one or two lenses. When you look through the obviator's lenses, you use a bonus action to make them function as *eyes of minute seeing* or *eyes of the eagle*. Once you make this choice, it cannot be changed until the next dawn.

***Enhanced Lenses.*** At rank 4, your obviator's lenses gain additional power and become a rare magic item. The lenses now function as both *eyes of the eagle* and *eyes of minute seeing*.

Additionally, you can focus the power of the lenses to gain accuracy in combat, gaining advantage on a weapon attack roll (no action required). If that attack hits, roll one additional weapon damage die. This property of the lenses can't be used again until the next dawn.","is_wondrous 1, extra_damage_multiplier 1","https://5e.tools/items.html#obviator's%20lenses_ai"
"Occultant Abacus","Acquisitions Incorporated","Wondrous Item","Varies","Yes","765 gp","612 gp / 765 gp / 918 gp","Algorithm","random","Head office grants you the use of a unique item known as an occultant abacus (sometimes just referred to as an occultant), whose beads resemble tiny skulls.

***Read the Kill.*** Also at rank 1, your occultant abacus not only tracks your franchise's kills, it helps you determine the impact of those kills on the franchise's fate. Over a period of 1 minute, you can study a creature killed by someone in your franchise within the last 24 hours, then grant the character who slew it a d10. Once within the next hour, that character can add the d10 to an attack roll, ability check, or saving throw. If it's not clear who administered the killing blow, you grant this benefit to a random creature involved in the fight. Once you use this feature, you can't use it again until you finish a long rest.

|  d6 | Reading                                                                                                                                             |
|: :| --|
|  1  | Using a tiny bellows to pump one last breath into a corpse.                                                                                         |
|  2  | Reading the entrails with special reading-the-entrails glasses.                                                                                     |
|  3  | Burning a small piece of the body and looking for shapes in the smoke.                                                                              |
|  4  | A cautious, reasoned, professional guesstimate.                                                                                                     |
|  5  | Careful measurements. The distance between nostrils. The difference between the index finger and the middle finger. The elasticity of the ear lobe. |
|  6  | You take a long, careful look, and then decide based on which fellow franchisee has been nice to you lately.                                        |

***Eldritch Occultant.*** Starting at rank 2, your occultant abacus becomes an uncommon magic item that can track lives both eliminated and saved. While holding your occultant abacus within 5 feet of a creature killed within the past 24 hours, you can cast the *augury* spell. The course of action you inquire about with the spell does not need to have any connection to the dead creature. This property of the occultant abacus can't be used again until the next dawn.

***Bring Out Your Dead.*** Also at rank 2, you regain the use of your Read the Kill feature after you finish a short or long rest.

***Bead of Instant Karma.*** At rank 3, one of the beads on your occultant abacus channels the power of instant karma, turning the occultant abacus into a rare magic item. As a reaction, you can target one creature you can see that is about to attempt an ability check, attack roll, or saving throw, either granting advantage or imposing disadvantage on the roll. The bead crumbles to dust when used, reappearing on your occultant abacus at the next dawn.

***Bead of Diverted Karma.*** At rank 4, one of the beads on your occultant abacus allows you to divert karma to where it's needed, turning the occultant abacus into a very rare magic item. While the bead is unused, you know automatically when any creature you can see is about to make an ability check, attack roll, or saving throw with disadvantage. When such a roll is made, you can use a reaction to grant a d10 to a different creature you can see. That creature can add the d10 to any ability check, attack roll, or saving throw it makes within the next minute. The bead crumbles to dust when used, reappearing on your occultant abacus at the next dawn.

***Correct the Balance.*** As a rank 4 occultant, you learn that sometimes the death of a creature has unintended consequences. Within seven days of a creature's death, you can use your occultant abacus to divine ways to reverse or mitigate events resulting from that death. As an action, make a DC 15 Intelligence (Religion) check. On a success, you learn the relevant information based on the nature of the creature and its place in the world.

If you fail the check, this property of the occultant abacus can't be used again until the next dawn. If you succeed on the check, this property can't be used again until dawn seven days later.","save_dc 15, is_wondrous 1, extra_damage_multiplier 1","https://5e.tools/items.html#occultant%20abacus_ai"
"Oceanic Light Sentira Lens","Tal'Dorei Campaign Setting Reborn","Ranged Weapon","Rare","Yes","790 gp","632 gp / 790 gp / 948 gp","Algorithm","random","—","weapon_bonus 1, extra_damage_multiplier 1","https://5e.tools/items.html#oceanic%20light%20sentira%20lens_taldoreicampaignsettingreborn"
"Olisuba Leaf","Explorer's Guide to Wildemount","Adventuring Gear","Mundane","No","50 gp","40 gp / 50 gp / 60 gp","Official","floor-tripwire","These dried leaves of the Olisuba tree, when steeped to make a tea, can help a body recover from strenuous activity. If you drink a dose of Olisuba tea during a long rest, your exhaustion level is reduced by 2 instead of 1 at the end of that long rest.","extra_damage_multiplier 1","https://5e.tools/items.html#olisuba%20leaf_egw"
"Onyx","Dungeon Master's Guide (2024)","$G","Mundane","No","50 gp","40 gp / 50 gp / 60 gp","Official","floor-tripwire","A bands of black and white, or pure black or white gemstone.","extra_damage_multiplier 1","https://5e.tools/items.html#onyx_xdmg"
"Opal","Dungeon Master's Guide (2024)","$G","Mundane","No","1,000 gp","800 gp / 1,000 gp / 1,200 gp","Official","floor-tripwire","A pale blue with green and golden mottling gemstone.","extra_damage_multiplier 1","https://5e.tools/items.html#opal_xdmg"
"Orb of Direction","Dungeon Master's Guide (2024)","Wondrous Item","Common","No","67 gp","53 gp / 67 gp / 80 gp","Amalgamated (MSRP,DMPG)","random","This orb can be used as an Arcane Focus.

While holding this orb, you can take a Magic action to determine which way is magnetic north. Nothing happens if the orb is used in a location that has no magnetic north.","is_wondrous 1, extra_damage_multiplier 1","https://5e.tools/items.html#orb%20of%20direction_xdmg"
"Order of the Gauntlet Trinket","Forgotten Realms: Heroes of Faerûn","Adventuring Gear","Mundane","No","1.0 gp","80 cp / 1.0 gp / 1.2 gp","Algorithm","random","##### Order of the Gauntlet Trinkets
| 1d6 | Trinket                               |
|: :| |
|  1  | A white feather as heavy as lead      |
|  2  | An empty vial made from stained glass |
|  3  | A single cone of gold-flecked incense |
|  4  | A silken blindfold                    |
|  5  | One half of a pair of manacles        |
|  6  | A tarnished aspergillum               |","extra_damage_multiplier 1","https://5e.tools/items.html#order%20of%20the%20gauntlet%20trinket_frhof"
"Ori Boots","Exploring Eberron (2024)","Wondrous Item","Uncommon","Yes","3,115 gp","2,492 gp / 3,115 gp / 3,738 gp","Algorithm","random","While you wear these boots, you can take a Bonus Action to click the boots' heels together. If you do, the boots double your Speed, and any creature that makes an Opportunity Attack against you has Disadvantage on the attack roll. If you click your heels together again, you end the effect.

When you've used the boots' property for a total of 10 minutes, the magic ceases to function for you until you finish a Long Rest.
*Duplicated from *Boots of Speed**","is_wondrous 1, extra_damage_multiplier 1","https://5e.tools/items.html#ori%20boots_exploringeberron24"
"Orostead Iced Tea (Common)","The Griffon's Saddlebag: Book Two","Potion","Common","No","971 gp","777 gp / 971 gp / 1,165 gp","Algorithm","ml-variance","The typical Orostead iced tea, a common potion, is a specialty alcoholic beverage that creates harmless sensory effects with each sip. When made, a tea has enough for 6 + 1d4 sips before it's used up, instead of a single use. You can take a sip as an action. When you drink this potion, roll on the table below to determine which one of the following effects occur: 1 You suddenly become drenched with illusory salt water. After 1 minute, it dries. 2 You're suddenly overwhelmingly warm (50) or cold (50) for 1 minute. 3 You remain frozen in place for 1 second, as if briefly removed from time. 4 You gain the effect of the speak with animals spell for 1 minute. 5 You suddenly teleport 5 feet into an unoccupied space next to you. 6 Any clothing you wear becomes various shades of gray for 1 minute. 7 Static charge builds up on you. Touching or being touched by anything for the next minute causes a sharp shock of electricity to leap between you. 8 Your skin, hair, and eye colors are inverted. In addition, roll a d12. You grow or shrink a number of inches equal to the result of the die, shrinking by odd numbers or growing by even ones. After 1 minute, your appearance returns to normal. The drink is incredibly refreshing with notes of lemon, tea, and cherry, and has virtually no alcoholic bite to it. Regardless, due to its magical nature, the alcohol within this potion affects a creature twice as much as the alcohol within a nonmagical beverage.","extra_damage_multiplier 1, teleportation 1","https://5e.tools/items.html#orostead%20iced%20tea%20(common)_griffonssaddlebag2"
"Paper Cartridge Bullet, Armor-Piercing","Grim Hollow: Player's Guide (2024)","Ammunition","Mundane","No","50 gp","40 gp / 50 gp / 60 gp","Official","floor-tripwire","This ammunition works like an AP Melee weapon, but you fire the ammunition as a projectile from a Ranged weapon.","is_ammunition 1, extra_damage_multiplier 1","https://5e.tools/items.html#paper%20cartridge%20bullet,%20armor-piercing_grimhollowpg24"
"Paper Cartridge Bullet, Blessed","Grim Hollow: Player's Guide (2024)","Ammunition","Mundane","No","50 gp","40 gp / 50 gp / 60 gp","Official","floor-tripwire","When you hit with Blessed ammunition, the weapon's damage type becomes Radiant. Also, if the target is Fiend, Fey, or Undead, that creature's Speed is reduced by 10 feet until the end of its next turn, and the creature can't take Reaction until the start of its next turn.","is_ammunition 1, extra_damage_multiplier 1","https://5e.tools/items.html#paper%20cartridge%20bullet,%20blessed_grimhollowpg24"
"Paper Cartridge Bullet, Brutal","Grim Hollow: Player's Guide (2024)","Ammunition","Mundane","No","50 gp","40 gp / 50 gp / 60 gp","Official","floor-tripwire","Designed to open wide wounds, such as with a broad-bladed arrowhead, Brutal ammunition works like a Brutal Melee weapon.","is_ammunition 1, extra_damage_multiplier 1","https://5e.tools/items.html#paper%20cartridge%20bullet,%20brutal_grimhollowpg24"
"Paper Cartridge Bullet, Desecrated","Grim Hollow: Player's Guide (2024)","Ammunition","Mundane","No","50 gp","40 gp / 50 gp / 60 gp","Official","floor-tripwire","When you hit with Desecrated ammunition, the weapon's damage type becomes Necrotic. Also, if the target is Celestial, Humanoid, or Plant, that creature's Speed is reduced by 10 feet until the end of its next turn, and the creature can't take Reaction until the start of its next turn.","is_ammunition 1, extra_damage_multiplier 1","https://5e.tools/items.html#paper%20cartridge%20bullet,%20desecrated_grimhollowpg24"
"Paper Cartridge Bullet, Incendiary","Grim Hollow: Player's Guide (2024)","Ammunition","Mundane","No","50 gp","40 gp / 50 gp / 60 gp","Official","floor-tripwire","When you hit with Incendiary ammunition, the target takes an additional 1d4 Fire damage.","extra_damage_avg 2.5, extra_damage_priced_avg 2.5, is_ammunition 1, extra_damage_multiplier 1","https://5e.tools/items.html#paper%20cartridge%20bullet,%20incendiary_grimhollowpg24"
"Pearl of Undead Detection","Waterdeep: Dungeon of the Mad Mage","Other","Unknown Magic","No","373 gp","298 gp / 373 gp / 448 gp","Algorithm","random","This black pearl glows faintly when undead are within 120 feet of it.","extra_damage_multiplier 1","https://5e.tools/items.html#pearl%20of%20undead%20detection_wdmm"
"Pendant of the Tempered Fury","The Griffon's Saddlebag: Book One","Wondrous Item","Very Rare","Yes","14,017 gp","11,214 gp / 14,017 gp / 16,821 gp","Algorithm","random","This magic silvered pendant glows with a simmering flame of rage trapped inside its clenched fist. Small sparks shoot out from between the pendant's metal fingers. The fiery anger from the pendant tightens your focus and allows you to shrug off some of the damage you take. If you aren't wearing armor or wielding a Shield while you wear this pendant, all Bludgeoning, Piercing, and Slashing damage you take is reduced by 3. In addition, the pendant has 3 charges and regains 1d3 expended charges daily at dawn. You can take a Bonus Action and expend 1 charge to ignite your hands in a magical flame, causing them to shed Bright Light in a 10-foot radius and Dim Light for an additional 10 feet. Whenever you deal damage with your Unarmed Strike while your hands are wreathed in this fire, it can deal your choice of Fire damage or its normal damage type, and it deals an extra 1d4 Fire damage on a hit. Your hands remain lit for 1 minute or until you take a Bonus Action to quench them. Any flame created by the pendant, whether it be on your hands or on the pendant itself, is harmless to you.","extra_damage_avg 2.5, extra_damage_priced_avg 2.5, is_wondrous 1, extra_damage_multiplier 1","https://5e.tools/items.html#pendant%20of%20the%20tempered%20fury_24griffonssaddlebag1"
"Peregrine Mask","Guildmasters' Guide to Ravnica","Wondrous Item","Very Rare","Yes","8,637 gp","6,910 gp / 8,637 gp / 10,365 gp","Single source (DMPG)","random","While wearing this winged helm, you have a flying speed of 60 feet. In addition, you have advantage on initiative rolls.","is_wondrous 1, extra_damage_multiplier 1, flight_full 1, initiative_advantage 1","https://5e.tools/items.html#peregrine%20mask_ggr"
"Periapt of Wound Closure","Dungeon Master's Guide (2024)","Wondrous Item","Uncommon","Yes","1,487 gp","1,190 gp / 1,487 gp / 1,785 gp","Amalgamated (DSA,MSRP,DMPG)","random","While wearing this pendant, you gain the following benefits.

***Life Preservation.*** Whenever you make a Death Saving Throw, you can change a roll of 9 or lower to a 10, turning a failed save into a successful one.

***Natural Healing Boost.*** Whenever you roll a Hit Point Die to regain Hit Points, double the number of Hit Points it restores.","is_wondrous 1, extra_damage_multiplier 1","https://5e.tools/items.html#periapt%20of%20wound%20closure_xdmg"
"Pipe of Smoke Monsters","Dungeon Master's Guide (2024)","Wondrous Item","Common","No","67 gp","53 gp / 67 gp / 80 gp","Amalgamated (MSRP,DMPG)","random","While smoking this pipe, you can take a Magic action to exhale a puff of smoke that takes the form of a creature, such as a dragon, a flumph, or a slaad. The form must be small enough to fit in a 1-foot cube and loses its shape after a few seconds, becoming an ordinary puff of smoke.","is_wondrous 1, extra_damage_multiplier 1","https://5e.tools/items.html#pipe%20of%20smoke%20monsters_xdmg"
"Pipes of the Sewers","Dungeon Master's Guide (2024)","Wondrous Item","Uncommon","Yes","1,058 gp","847 gp / 1,058 gp / 1,270 gp","Amalgamated (DSA,MSRP,DMPG)","random","While these pipes are on your person, ordinary **rats** and **giant rats** are Indifferent toward you and won't attack you unless you threaten or harm them.

The pipes have 3 charges and regain 1d3 expended charges daily at dawn. If you play the pipes as a Magic action, you can take a Bonus Action to expend 1 to 3 charges, calling forth one **Swarm of Rats** with each expended charge if enough rats are within half a mile of you to be called in this fashion (as determined by the DM). If there aren't enough rats to form a swarm, the charge is wasted. Called swarms move toward the music by the shortest available route but aren't under your control otherwise.

Whenever a Swarm of Rats that isn't under another creature's control comes within 30 feet of you while you are playing the pipes, the swarm makes a DC 15 Wisdom saving throw. On a successful save, the swarm behaves as it normally would and can't be swayed by the pipes' music for the next 24 hours. On a failed save, the swarm is swayed by the pipes' music and becomes Friendly to you and your allies for as long as you continue to play the pipes each round as a Magic action. A Friendly swarm obeys your commands. If you issue no commands to a Friendly swarm, it defends itself but otherwise takes no actions. If a Friendly swarm starts its turn more than 30 feet away from you, your control over that swarm ends, and the swarm behaves as it normally would and can't be swayed by the pipes' music for the next 24 hours.","save_dc 15, is_wondrous 1, extra_damage_multiplier 1","https://5e.tools/items.html#pipes%20of%20the%20sewers_xdmg"
"Pistol","Heliana's Guide to Monster Hunting","MF","Mundane","No","200 gp","160 gp / 200 gp / 240 gp","Official","floor-tripwire","***Range.*** A Range weapon has a range in parentheses after the Ammunition or Thrown property. The range lists two numbers. The first is the weapon's normal range in feet, and the second is the weapon's long range. When attacking a target beyond normal range, you have Disadvantage on the attack roll. You can't attack a target beyond the long range.

***Ammunition.*** You can use a weapon that has the Ammunition property to make a ranged attack only if you have ammunition to fire from it. The type of ammunition required is specified with the weapon's range. Each attack expends one piece of ammunition. Drawing the ammunition is part of the attack (you need a free hand to load a one-handed weapon). After a fight, you can spend 1 minute to recover half the ammunition (round down) you used in the fight; the rest is lost.

***Loading.*** You can fire only one piece of ammunition from a Loading weapon when you use an action, a Bonus Action, or a Reaction to fire it, regardless of the number of attacks you can normally make.

***Mastery: Vex.*** If you hit a creature with this weapon and deal damage to the creature, you have Advantage on your next attack roll against that creature before the end of your next turn.","is_firearm 1, extra_damage_multiplier 1","https://5e.tools/items.html#pistol_helianasguidetomonsterhunting"
"Piwafwi (Cloak of Elvenkind)","Out of the Abyss","Wondrous Item","Uncommon","Yes","4,072 gp","3,257 gp / 4,072 gp / 4,886 gp","Amalgamated (MSRP,DMPG)","reskin","This dark spider silk cloak is made by **drow**. It is a *cloak of elvenkind*. It loses its magic if exposed to sunlight for 1 hour without interruption.

While you wear this cloak with its hood up, Wisdom (Perception) checks made to see you have disadvantage. and you have advantage on Dexterity (Stealth) checks made to hide, as the cloak's color shifts to camouflage you. Pulling the hood up or down requires an action.","is_wondrous 1, extra_damage_multiplier 1, stealth_advantage 1","https://5e.tools/items.html#piwafwi%20(cloak%20of%20elvenkind)_oota"
"Plainscow","Tal'Dorei Campaign Setting Reborn","Mount or Vehicle (Land)","Mundane","No","200 gp","160 gp / 200 gp / 240 gp","Official","floor-tripwire","The hulking plainscow is an exceptionally sturdy beast of burden native to the Dividing Plains and used by the people of central Tal'Dorei for centuries. Though many wild herds still roam the plains, domesticated plainscows are more common, used as Mounts and Vehicles, pack animals, and livestock. Plainscows are unusually empathetic for beasts, and often bond with a rider for life. They stand 6 feet tall, weigh about two tons, and live for 70 years. Plainscows can be bought in Westruun for 200 gp. A plainscow has a carrying capacity of 1,500 pounds.","extra_damage_multiplier 1","https://5e.tools/items.html#plainscow_taldoreicampaignsettingreborn"
"Plate Armor of Fire Resistance","Dungeon Master's Guide (2024)","Heavy Armor","Rare","Yes","8,162 gp","6,529 gp / 8,162 gp / 9,794 gp","Single source (DSA)","random","You have Resistance to fire damage while you wear this armor.

The wearer has disadvantage on Dexterity (Stealth) checks.

If the wearer has a Strength score lower than 15, their speed is reduced by 10 feet.","armor_ac 18, armor_strength_req 15, strength_req 15, stealth_penalty 1, extra_damage_multiplier 1","https://5e.tools/items.html#plate%20armor%20of%20fire%20resistance_xdmg"
"Pnakotic Manuscripts","Cthulhu by Torchlight","Wondrous Item","Uncommon","Yes","2,513 gp","2,010 gp / 2,513 gp / 3,016 gp","Algorithm","ml-variance","The Pnakotic Manuscripts originate from a long-lost species that once walked the world, long before the rise of humans, elves, and other intelligences. These creatures communed with the Cthulhu Mythos and were perhaps their servitors. This strange tome was written before time began its proper flow and grants insights into its workings. By reading it, you learn to move between time's beats. Primordial. Intelligence (Religion) DC 15. To end your Attunement to the Pnakotic Manuscripts, you must be the target of a Remove Curse spell. While attuned to the Pnakotic Manuscripts, you gain the following benefits: You age at an accelerated rate. After one week, you age an additional week. After two weeks, you age an additional four weeks. After three weeks, you age an additional six weeks, and so on. If you remove your Attunement to this item and later attune to it again, you preserve this drawback's progress. You hate any activity that takes more than a few moments. You grow impatient as your attention fades and you seek something new to do, leaving critical work unattended as you start a new project or seek out something new to do. The Pnakotic Manuscript allows you to automatically succeed all checks made to learn about time and its nature.","save_dc 15, ac_bonus 1, is_wondrous 1, extra_damage_multiplier 1, teleportation 1, save_advantage_broad 1","https://5e.tools/items.html#pnakotic%20manuscripts_cthulhutorchlight"
"Poisoner's Kit","Player's Handbook (2024)","Tool","Mundane","No","50 gp","40 gp / 50 gp / 60 gp","Official","floor-tripwire","- **Ability:** Intelligence
- **Utilize:** Detect a poisoned object (DC 10)
- **Craft:** *Basic Poison*

If you have proficiency with a tool, add your Proficiency Bonus to any ability check you make that uses the tool. If you have proficiency in a skill that's used with that check, you have Advantage on the check too.","save_dc 10, extra_damage_multiplier 1","https://5e.tools/items.html#poisoner's%20kit_xphb"
"Portfolio Keeper","Acquisitions Incorporated","Wondrous Item","Varies","No","2,750 gp","2,200 gp / 2,750 gp / 3,300 gp","Algorithm","random","At rank 2, you gain the use of a weathered leather pouch that is an uncommon magic item. The portfolio keeper holds and organizes notes, brochures, and business cards bearing your contact information. It also has an inexhaustible supply of brochures related to your franchise's current branding scheme.

When you meet someone for the first time, their details and a rough sketch are magically stored on a small parchment card in the portfolio keeper. You can access the details of any such stored card as a bonus action.

***Cards of Sending.*** At rank 3, the power of your portfolio keeper becomes more potent, making it a rare magic item. When you give out a business card stored in your portfolio keeper, you can choose to have the card allow its recipient to contact you through your *sending stone* as if they had cast a *sending* spell. A business card loses this power seven days after it has been given out, and no more than five cards can have this power at one time.

You can also use your *sending stone* to cast *sending* and contact anyone who has one of your business cards. Once you use this feature of the stone, you cannot use it again until dawn seven days later.

***Charming Introduction.*** Also at rank 4, you are able to make a focused effort to keep a potential customer's attention. When you provide a humanoid with a business card from your portfolio keeper, you can cast *charm person* on them (save DC 15). The spell ends prematurely if the character loses the business card.","save_dc 15, is_wondrous 1, extra_damage_multiplier 1","https://5e.tools/items.html#portfolio%20keeper_ai"
"Potion of Aqueous Form","Mythic Odysseys of Theros","Potion","Rare","No","1,266 gp","1,013 gp / 1,266 gp / 1,519 gp","Single source (DMPG)","random","When you drink this potion, you transform into a pool of water. You return to your true form after 10 minutes or if you are incapacitated or die.

You're under the following effects while in this form:

- **Liquid Movement.** You have a swimming speed of 30 feet. You can move over or through other liquids. You can enter and occupy the space of another creature. You can rise up to your normal height, and you can pass through even Tiny openings. You extinguish nonmagical flames in any space you enter.
- **Watery Resilience.** You have resistance to nonmagical damage. You also have advantage on Strength, Dexterity, and Constitution saving throws.
- **Limitations.** You can't talk, attack, cast spells, or activate magic items. Any objects you were carrying or wearing meld into your new form and are inaccessible, though you continue to be affected by anything you're wearing, such as armor.","save_advantage_broad 3, extra_damage_multiplier 1, swim_speed 1","https://5e.tools/items.html#potion%20of%20aqueous%20form_mot"
"Potion of Dragon's Breath","The Griffon's Saddlebag: Book One","Potion","Varies","No","375 gp","300 gp / 375 gp / 450 gp","Algorithm","random","Drinking this potion grants you a brief surge of draconic power. Once within the next minute, you can replace one of your attacks when you take the Attack action with an exhalation of magical energy, which has the same effects as the Dragonborn's Breath Weapon trait. The damage type for the exhalation is randomly determined from the Draconic Ancestors table in the Dragonborn species description when this potion is created. The amount of damage the exhalation deals and its save DC are determined by the potion's rarity, as shown in the table below. Potion of Dragon's Breath (Uncommon) 2d10 13 Potion of Dragon's Breath (Rare) 3d10 15 Potion of Dragon's Breath (Very Rare) 4d10 16 When crafting a Potion of Dragon's Breath, you can use the harvested stomach and gizzard of a fallen dragon in place of the raw materials normally needed to craft a magic item. If you do, the exhalation's damage type is determined by the kind of dragon the materials were sourced from, and the potion's rarity is determined by the dragon's age category: Uncommon (young dragon), Rare (adult dragon), or Very Rare (ancient dragon). Once you start crafting a Potion of Dragon's Breath in this way, if you don't spend at least 2 hours working to craft it on a given day before finishing it, roll 1d20. On a 1, the harvested materials are destroyed, and the potion spoils.","extra_damage_multiplier 1","https://5e.tools/items.html#potion%20of%20dragon's%20breath_24griffonssaddlebag1"
"Potion of Fire Giant Strength","Dungeon Master's Guide (2024)","Potion","Rare","No","1,499 gp","1,199 gp / 1,499 gp / 1,799 gp","Amalgamated (MSRP,DMPG)","random","When you drink this potion, your Strength score changes to 25 for 1 hour. The potion has no effect on you if your Strength is equal to or greater than that score.

This potion's transparent liquid has floating in it a sliver of fingernail from a fire giant.","extra_damage_multiplier 1","https://5e.tools/items.html#potion%20of%20fire%20giant%20strength_xdmg"
"Potion of Poison Resistance","Dungeon Master's Guide (2024)","Potion","Uncommon","No","594 gp","475 gp / 594 gp / 713 gp","Amalgamated (DSA,MSRP,DMPG)","random","When you drink this potion, you have Resistance to poison damage for 1 hour.","extra_damage_multiplier 1","https://5e.tools/items.html#potion%20of%20poison%20resistance_xdmg"
"Potion of Watchful Rest","Waterdeep: Dungeon of the Mad Mage","Potion","Common","No","141 gp","112 gp / 141 gp / 169 gp","Single source (MSRP)","random","When you drink this potion, you gain the following benefits for the next 8 hours: magic can't put you to sleep, and you can remain awake during a long rest and still gain its benefits. This sweet, amber-colored brew has no effect on creatures that don't require sleep, such as elves.","extra_damage_multiplier 1","https://5e.tools/items.html#potion%20of%20watchful%20rest_wdmm"
"Pride Silk Outfit","Explorer's Guide to Wildemount","Adventuring Gear","Mundane","No","500 gp","400 gp / 500 gp / 600 gp","Official","random","An outfit made of pride silk weighs 4 pounds and costs 500 gp. If you aren't wearing armor, your base Armor Class is 11 + your Dexterity modifier while wearing it.","extra_damage_multiplier 1","https://5e.tools/items.html#pride%20silk%20outfit_egw"
"Propeller Helm","Waterdeep: Dungeon of the Mad Mage","Wondrous Item","Uncommon","Yes","744 gp","595 gp / 744 gp / 893 gp","Algorithm","random","While worn, the helm allows its wearer to use an action to cast the *levitate* spell, requiring no components. The helm's propeller spins and whirs loudly until the spell ends. Each time the spell ends, there is a 50 percent chance that the helm loses its magic and becomes nonmagical.","is_wondrous 1, extra_damage_multiplier 1","https://5e.tools/items.html#propeller%20helm_wdmm"
"Psi Lenses","Where Evil Lives: The MCDM Book of Boss Battles","Wondrous Item","Uncommon","No","2,616 gp","2,093 gp / 2,616 gp / 3,140 gp","Algorithm","ml-variance","Psi lenses come in pairs, with each shard of iridescent glass made to fit flush with the other's irregularly chiseled edge. When you touch one lens while the other is on the same plane of existence as you, you can use an action to teleport to the space containing the other lens, or the closest unoccupied space if the lens's space is occupied. After a lens is used to teleport, the pair can't be used again until the next dawn.","is_wondrous 1, extra_damage_multiplier 1, teleportation 1","https://5e.tools/items.html#psi%20lenses_whereevillives"
"Pyremaul (Exalted)","Tal'Dorei Campaign Setting Reborn","Melee Weapon","Legendary","Yes","103,540 gp","82,832 gp / 103,540 gp / 124,249 gp","Algorithm","random","Forged from deep red iron, this massive hammer is set with a brilliant fire opal that shimmers with eternal flame. It is rumored to be currently wielded by Grand Legate Phaestor, the fire giant ruler of Vulkanon, somewhere beneath the Cliffkeep Mountains. While Pyremaul is in a dormant state, you gain a +1 bonus to attack rolls made with this magic weapon. When you hit with an attack using this weapon, the target takes an extra 1d6 fire damage. Additionally, you can choose to have this weapon shed bright light in a 30-foot radius and dim light for an additional 30 feet (no action required). When Pyremaul reaches an awakened state, you gain the following benefits: When Pyremaul reaches an exalted state, you gain the following benefits:","extra_damage_avg 14, extra_damage_priced_avg 14, weapon_attack_bonus 3, extra_damage_multiplier 1","https://5e.tools/items.html#pyremaul%20(exalted)_taldoreicampaignsettingreborn"
"Quarterstaff of the Acrobat","Dungeon Master's Guide (2024)","Melee Weapon","Very Rare","Yes","15,275 gp","12,220 gp / 15,275 gp / 18,330 gp","Single source (DSA)","random","You have a +2 bonus to attack rolls and damage rolls made with this magic weapon.

While holding this weapon, you can cause it to emit green Dim Light out to 10 feet, either as a Bonus Action or after you roll Initiative, or you can extinguish the light as a Bonus Action.

While holding this weapon, you can take a Bonus Action to alter its form, turning it into a 6-inch rod (for ease of storage) or a 10-foot pole, or reverting it a Quarterstaff; the weapon will elongate only as far as the surrounding space allows.

In certain forms, the weapon has the following additional properties.

***Acrobatic Assist (Quarterstaff and 10-Foot Pole Forms Only).*** While holding this weapon, you have Advantage on Dexterity (Acrobatics) checks.

***Attack Deflection (Quarterstaff Form Only).*** When you are hit by an attack while holding the weapon, you can take a Reaction to twirl the weapon around you, gaining a +5 bonus to your Armor Class against the triggering attack, potentially causing the attack to miss you. You can't use this property again until you finish a Short or Long Rest.

***Ranged Weapon (Quarterstaff Form Only).*** This weapon has Thrown with a normal range of 30 feet and a long range of 120 feet. Immediately after you make a ranged attack with the weapon, it flies back to your hand.

***Thrown.*** If a weapon has the Thrown property, you can throw the weapon to make a ranged attack, and you can draw that weapon as part of the attack. If the weapon is a Melee weapon, use the same ability modifier for the attack and damage rolls that you use for a melee attack with that weapon.

***Versatile.*** A Versatile weapon can be used with one or two hands. A damage value in parentheses appears with the property. The weapon deals that damage when used with two hands to make a melee attack.

***Mastery: Topple.*** If you hit a creature with this weapon, you can force the creature to make a Constitution saving throw (DC 8 plus the ability modifier used to make the attack roll and your Proficiency Bonus). On a failed save, the creature has the Prone condition.","save_dc 8, ac_bonus 5, weapon_bonus 2, extra_damage_multiplier 1","https://5e.tools/items.html#quarterstaff%20of%20the%20acrobat_xdmg"
"Quartz","Dungeon Master's Guide (2024)","$G","Mundane","No","50 gp","40 gp / 50 gp / 60 gp","Official","floor-tripwire","A white, smoky gray, or yellow gemstone.","extra_damage_multiplier 1","https://5e.tools/items.html#quartz_xdmg"
"Quickstep Dagger","Book of Ebon Tides","Melee Weapon","Uncommon","Yes","620 gp","496 gp / 620 gp / 744 gp","Algorithm","random","When you wield this weapon and a creature you can see targets you with an attack, you can use your reaction to move to an unoccupied space within 5 feet of your position without provoking opportunity attacks. If this movement would put you out of reach of the attacker, the attack is at disadvantage.

***Finesse.*** When making an attack with a Finesse weapon, use your choice of your Strength or Dexterity modifier for the attack and damage rolls. You must use the same modifier for both rolls.

***Light.*** When you take the Attack action on your turn and attack with a Light weapon, you can make one extra attack as a Bonus Action later on the same turn. That extra attack must be made with a different Light weapon, and you don't add your ability modifier to the extra attack's damage unless that modifier is negative. For example, you can attack with a *Shortsword* in one hand and a *Dagger* in the other using the Attack action and a Bonus Action, but you don't add your Strength or Dexterity modifier to the damage roll of the Bonus Action unless that modifier is negative.

***Thrown.*** If a weapon has the Thrown property, you can throw the weapon to make a ranged attack, and you can draw that weapon as part of the attack. If the weapon is a Melee weapon, use the same ability modifier for the attack and damage rolls that you use for a melee attack with that weapon.

***Mastery: Nick.*** When you make the extra attack of the Light property, you can make it as part of the Attack action instead of as a Bonus Action. You can make this extra attack only once per turn.","extra_damage_multiplier 1","https://5e.tools/items.html#quickstep%20dagger_bookofebontides"
"Rapid Withdrawal","Obojima: Tales from the Tall Grass","Potion","Uncommon","No","1,318 gp","1,055 gp / 1,318 gp / 1,582 gp","Algorithm","ml-variance","When you drink this potion, motes of pink light erupt from your body and orbit around you. For 1 minute, whenever you take damage from a hostile creature, you can use your reaction to teleport up to 15 feet to an unoccupied space you can see. {@style 48|SneakerProMedium}","extra_damage_multiplier 1, teleportation 1","https://5e.tools/items.html#rapid%20withdrawal_obojimatallgrass"
"Repeater Crossbow, Heavy","Grim Hollow: Player's Guide (2024)","Ranged Weapon","Mundane","No","1,000 gp","800 gp / 1,000 gp / 1,200 gp","Official","floor-tripwire","—","extra_damage_multiplier 1","https://5e.tools/items.html#repeater%20crossbow,%20heavy_grimhollowpg24"
"Repeating Musket","Eberron: Forge of the Artificer","Ranged Weapon","Uncommon","Yes","1,000 gp","800 gp / 1,000 gp / 1,200 gp","Algorithm","floor-tripwire","This magic weapon grants a +1 bonus to attack and damage rolls made with it when it's used to make a ranged attack, and it ignores the Loading property if it has that property.

If the weapon lacks ammunition, it produces its own, automatically creating one piece of magic ammunition when the wielder makes a ranged attack roll with it. The ammunition created by the weapon vanishes the instant after it hits or misses a target.

***Range.*** A Range weapon has a range in parentheses after the Ammunition or Thrown property. The range lists two numbers. The first is the weapon's normal range in feet, and the second is the weapon's long range. When attacking a target beyond normal range, you have Disadvantage on the attack roll. You can't attack a target beyond the long range.

***Ammunition.*** You can use a weapon that has the Ammunition property to make a ranged attack only if you have ammunition to fire from it. The type of ammunition required is specified with the weapon's range. Each attack expends one piece of ammunition. Drawing the ammunition is part of the attack (you need a free hand to load a one-handed weapon). After a fight, you can spend 1 minute to recover half the ammunition (round down) you used in the fight; the rest is lost.

***Loading.*** You can fire only one piece of ammunition from a Loading weapon when you use an action, a Bonus Action, or a Reaction to fire it, regardless of the number of attacks you can normally make.

***Two-Handed.*** A Two-Handed weapon requires two hands when you attack with it.

***Mastery: Slow.*** If you hit a creature with this weapon and deal damage to it, you can reduce its Speed by 10 feet until the start of your next turn. If the creature is hit more than once by weapons that have this property, the Speed reduction doesn't exceed 10 feet.","weapon_bonus 1, is_firearm 1, extra_damage_multiplier 1","https://5e.tools/items.html#repeating%20musket_efa"
"Requiem Clay","Book of Ebon Tides","Adventuring Gear","Mundane","No","1.0 gp","80 cp / 1.0 gp / 1.2 gp","Algorithm","random","When you smoke requiem clay, you summon the spirit of a single deceased person that you personally knew in life. The spirit's image is visible, and its voice can be heard in whispers, but it cannot touch you. You can ask the spirit up to five questions, as the speak with dead spell. The spirit knows only what it knew in life, including the languages it knew. Answers are usually brief, cryptic, or repetitive, and the spirit is under no compulsion to offer a truthful answer if you are hostile to it or if it recognizes you as an enemy. The spirit can't learn new information, doesn't comprehend anything that has happened since it died, and can't speculate about future events. Afterward, you suffer 3 (1d6) poison damage per question asked and must succeed on a Constitution saving throw (DC 10 + 1 per question asked) or become addicted to the drug. If you become addicted, you suffer one level of exhaustion 1d4 days after you last smoked the drug and gain a further level of exhaustion for each week that requiem is not smoked. Levels of exhaustion gained through requiem use do not reduce as normal after taking a long rest. Smoking requiem again eliminates levels of exhaustion gained from abstaining. At the end of each week, you can make a DC 13 Constitution saving throw. Two consecutive weekly successful saving throws are necessary to break the addiction through abstinence. Alternatively, the addiction can be broken with a lesser restoration or heal spell.","save_dc 13, extra_damage_multiplier 1","https://5e.tools/items.html#requiem%20clay_bookofebontides"
"Residuum","Tal'Dorei Campaign Setting Reborn","Trade Goods","Unknown Magic","No","500 gp","400 gp / 500 gp / 600 gp","Official","random","The sheer amount of leftover arcane power within the whitestone of the mountains is incredibly receptive to enchantment. Magic items that incorporate at least an ounce of whitestone into their construction require only one-quarter the creation time of other magic items. Some alchemists in Emon have discovered that dissolving whitestone with specific acids can leave behind pure residuum, which can substitute for expensive spell components when such materials are not readily available. If a spell has a component cost that consumes the component, its caster can substitute the required component for an amount of residuum of an equal value. One pound of pure residuum is worth approximately 500 gp in most markets, though it becomes extremely expensive and difficult to find outside of Emon or the city of Whitestone itself. Residuum can also be heated and blown into glass, forming a shimmering, greenish surface. Residuum slates or orbs can be used in stationary enchanting tables. Archmages willing to pay exorbitant rates—easily 20,000 gp or more—may acquire an Residuum enchanting slate that can be used to expedite the creation of all magic items. Using such a table allows anyone crafting a magic item to do so in one-quarter of the usual time.","extra_damage_multiplier 1","https://5e.tools/items.html#residuum_taldoreicampaignsettingreborn"
"Resuscitation Bomb","Grim Hollow: Campaign Guide (2024/Transformed)","Explosive","Rare","No","10,086 gp","8,069 gp / 10,086 gp / 12,104 gp","Algorithm","ml-variance","This foul-smelling concoction is made from the remains of stinking sludge. As an action, you can throw the vial up to 10 feet, where it breaks and releases a noxious vapor that fills a 30-foot-radius Sphere [Area of Effect]. Each creature in the area with the Incapacitated, Stunned, or Unconscious condition ends those conditions. Each dying creature in the area has Advantage on its next Death Saving Throw. Each creature that was not dying and did not have any of those conditions must instead succeed on a 15 Constitution saving throw or have the Poisoned condition for 1 minute.","is_wondrous 1, extra_damage_multiplier 1","https://5e.tools/items.html#resuscitation%20bomb_grimhollowcg24"
"Retaliating Bloom Shield","The Griffon's Saddlebag: Book One","Shield","Rare","No","3,890 gp","3,112 gp / 3,890 gp / 4,669 gp","Algorithm","random","This steel Shield hides a slim chamber in its center where magical flora grow, accumulating toxic pollen. The chamber is covered with an intricate, interlocking series of metal plates and flaps that can be released, unfurling to a shape that resembles a flower. While holding the Shield with its plates collapsed, you can take a Reaction when a Large or smaller creature you can see within 5 feet of you misses you with an attack roll to release the interlocked plates and fire the accumulated pollen at the attacker. When you do, that creature must make a DC 15 Constitution saving throw. On a failed save, the creature takes 3d10 Poison damage and has the Poisoned condition for 1 minute. On a successful save, the creature takes half as much damage only. Once this property is used, it can't be used again until the next dusk when the flowers accumulate another wave of pollen. Curious, whirring mechanisms inside the Shield automatically retract the chamber's unfurled metallic plates at dusk. Alternatively, you can manually collapse the Shield's plates over the course of 1 minute.","save_dc 15, is_shield 1, extra_damage_multiplier 1","https://5e.tools/items.html#retaliating%20bloom%20shield_24griffonssaddlebag1"
"Rifle","Heliana's Guide to Monster Hunting","MF","Mundane","No","1,000 gp","800 gp / 1,000 gp / 1,200 gp","Official","floor-tripwire","—","reload 6, is_firearm 1, extra_damage_multiplier 1","https://5e.tools/items.html#rifle_helianasguidetomonsterhunting"
"Ring of Acid Resistance","Dungeon Master's Guide (2024)","Ring","Rare","No","4,531 gp","3,625 gp / 4,531 gp / 5,438 gp","Amalgamated (DSA,MSRP,DMPG)","random","You have Resistance to acid damage while wearing this ring. The ring is set with pearl.","extra_damage_multiplier 1","https://5e.tools/items.html#ring%20of%20acid%20resistance_xdmg"
"Ring of Djinni Summoning","Dungeon Master's Guide (2024)","Ring","Legendary","Yes","105,853 gp","84,682 gp / 105,853 gp / 127,024 gp","Amalgamated (DSA,MSRP,DMPG)","random","While wearing this ring, you can take a Magic action to summon a particular **Djinni** from the Elemental Plane of Air. The djinni appears in an unoccupied space you choose within 120 feet of yourself. It remains as long as you maintain Concentration, to a maximum of 1 hour, or until it drops to 0 Hit Points.

While summoned, the djinni is Friendly to you and your allies, and it obeys your commands. If you fail to command it, the djinni defends itself against attackers but takes no other actions.

After the djinni departs, it can't be summoned again for 24 hours, and the ring becomes nonmagical if the djinni dies.

Rings of Djinni Summoning are often created by the djinn they summon and given to mortals as gifts of friendship or tokens of esteem.","extra_damage_multiplier 1","https://5e.tools/items.html#ring%20of%20djinni%20summoning_xdmg"
"Rod of Seven Parts","Vecna: Eve of Ruin","Rod","Artifact","Yes","955,000 gp","764,000 gp / 955,000 gp / 1,146,000 gp","Algorithm","family-min","Eons ago, a war between the primordials and the gods scarred the planes of existence. A demon lord named **Miska the Wolf-Spider** eventually pushed the primordials' enemies to the brink of annihilation.

Desperate to save themselves and their allies, powerful elemental beings called the Wind Dukes of Aaqa rose against Miska. Committed to the concept of law, the Wind Dukes descended from a people called the vaati, who once ruled many worlds. Seven Wind Dukes wove their power into an artifact called the Rod of Law. The dukes used the rod to imprison Miska on the plane of Pandemonium. As a result, the rod shattered into seven parts that were scattered throughout the multiverse. The rod thus became known as the Rod of Seven Parts.

***Possessing the Broken Rod.*** The rod can't be attuned to while it is broken. While holding one piece of the broken rod, you know the general location of the next consecutive piece, as the rod yearns to be a complete artifact. Multiple rod pieces can be assembled into one piece or disassembled again, each requiring an action, although a partially complete rod doesn't gain any other abilities.

Additionally, while holding one piece of the broken rod, you can use an action to cast the spell associated with that piece, as listed on the Rod Pieces table. Once that piece of the rod has been used to cast a spell, it can't be used that way again until the next dawn.

##### Rod Pieces
| Piece   | Spell                                |
| | --|
| First   | *Commune*                            |
| Second  | *Arcane Gate*                        |
| Third   | *Reverse Gravity* (spell save DC 18) |
| Fourth  | *Regenerate*                         |
| Fifth   | *Find the Path*                      |
| Sixth   | *Mirage Arcane*                      |
| Seventh | *Simulacrum*                         |

***Possessing the Whole Rod.*** Once all seven pieces are reassembled, a creature can attune to the Rod of Seven Parts. While attuned to the rod, you gain the following benefits:

***Magic Weapon.*** The Rod of Seven Parts functions for you as a magic quarterstaff that grants a +3 bonus to attack and damage rolls made with it.

***Rod Spellcasting.*** The Rod of Seven Parts has 7 charges and regains 1d4 + 3 expended charges daily at dawn. While holding the rod, you can use an action to expend 1 charge and cast any of the spells in the Rod Pieces table. You can also use an action to cast *Detect Evil and Good* from the rod without using any charges.

***Ultimate Law.*** If you are not of a lawful alignment, you find your worldview shifting toward keeping a personal code. You are more apt to keep your promises, follow through on your declarations, and adhere to your beliefs.

***Destroying the Rod.*** The only way to destroy the Rod of Seven Parts is to immerse the assembled rod in lava in the Abyss. It must remain in the lava for fifty years before it finally is consumed.

A piece of the rod may be temporarily destroyed in this way, but each piece re-forms one year after it has succumbed. A re-formed piece teleports to a random place in the multiverse.

***Versatile.*** This weapon can be used with one or two hands. A damage value in parentheses appears with the property—the damage when the weapon is used with two hands to make a melee attack.","save_dc 18, weapon_bonus 3, extra_damage_multiplier 1","https://5e.tools/items.html#rod%20of%20seven%20parts_veor"
"Rod of the Vonindod","Storm King's Thunder","Rod","Rare","Yes","4,928 gp","3,942 gp / 4,928 gp / 5,913 gp","Single source (DMPG)","random","The **fire giant** Duke Zalto hired a wizard to craft several of these adamantine rods. Each measures 4 feet long, weighs 100 pounds, and is sized to fit comfortably in a **fire giant's** hand. The rod has two prongs at one end and a molded handle grip on the opposite end.

The rod has 10 charges and regains 1d6 + 4 of its expended charges daily at dawn. As an action, you can grasp it by the handle and expend 1 charge to cast the *locate object* spell from it. When the rod is used to detect objects made of adamantine, such as fragments of the Vonindod construct, its range increases to 10 miles.","extra_damage_multiplier 1","https://5e.tools/items.html#rod%20of%20the%20vonindod_skt"
"Rowboat","Call from the Deep","Ship/Vehicle (Water)","Mundane","No","50 gp","40 gp / 50 gp / 60 gp","Official","floor-tripwire","***Speed.*** A ship sailing against a strong wind moves at half speed. In a dead calm (no wind), waterborne ships can't move under sail and must be rowed. Keelboats and Rowboats are used on lakes and rivers. If going downstream, add the speed of the current (typically 3 miles per hour) to the speed of the vehicle. These vehicles can't be rowed against any significant current, but they can be pulled upstream by draft animals on the shores. A Rowboat can be carried and weighs 100 pounds.

***Crew.*** A ship larger than a Keelboat or Rowboat needs a crew of skilled hirelings (see ""*Services*"") to function. The minimum number of skilled hirelings needed to crew a ship depends on the type of ship.

***Passengers.*** The number of Small and Medium passengers the ship can accommodate using hammocks. A ship outfitted with private accommodations can carry one-fifth as many passengers. A passenger usually pays 5 SP per day for a hammock, but prices can vary from ship to ship. A small private cabin usually costs 2 GP per day.

***Damage Threshold.*** See the rules glossary.

***Ship Repair.*** Repairs to a damaged ship can be made while the vessel is berthed. Repairing 1 Hit Point of damage requires 1 day and costs 20 GP for materials and labor. If the repairs are made in a location where supplies and skilled labor are abundant, such as a city shipyard, the repair time and cost are halved.","vehicle_hp 50, vehicle_ac 11, vehicle_speed 1.5, vehicle_crew 1, extra_damage_multiplier 1","https://5e.tools/items.html#rowboat_callfromthedeep"
"Rowboat","Player's Handbook (2024)","Ship/Vehicle (Water)","Mundane","No","50 gp","40 gp / 50 gp / 60 gp","Official","floor-tripwire","***Speed.*** A ship sailing against a strong wind moves at half speed. In a dead calm (no wind), waterborne ships can't move under sail and must be rowed. Keelboats and Rowboats are used on lakes and rivers. If going downstream, add the speed of the current (typically 3 miles per hour) to the speed of the vehicle. These vehicles can't be rowed against any significant current, but they can be pulled upstream by draft animals on the shores. A Rowboat can be carried and weighs 100 pounds.

***Crew.*** A ship larger than a Keelboat or Rowboat needs a crew of skilled hirelings (see ""*Services*"") to function. The minimum number of skilled hirelings needed to crew a ship depends on the type of ship.

***Passengers.*** The number of Small and Medium passengers the ship can accommodate using hammocks. A ship outfitted with private accommodations can carry one-fifth as many passengers. A passenger usually pays 5 SP per day for a hammock, but prices can vary from ship to ship. A small private cabin usually costs 2 GP per day.

***Damage Threshold.*** See the rules glossary.

***Ship Repair.*** Repairs to a damaged ship can be made while the vessel is berthed. Repairing 1 Hit Point of damage requires 1 day and costs 20 GP for materials and labor. If the repairs are made in a location where supplies and skilled labor are abundant, such as a city shipyard, the repair time and cost are halved.","vehicle_hp 50, vehicle_ac 11, vehicle_speed 1.5, vehicle_crew 1, extra_damage_multiplier 1","https://5e.tools/items.html#rowboat_xphb"
"Royal Incinerator","The Griffon's Saddlebag: Book Two","Melee Weapon","Legendary","Yes","75,557 gp","60,445 gp / 75,557 gp / 90,668 gp","Algorithm","random","This crimson and gold staff exudes authority and is always warm to the touch. While held, a mote of harmless fire sparks into life and floats above its crownlike head. This staff can be wielded as a magic quarterstaff that grants a +2 bonus to attack and damage rolls made with it. On a hit, the target takes an extra 1d8 fire damage. You have resistance to fire damage while you hold this staff. The staff has 15 charges for the following properties. The staff regains 2d6 + 3 expended charges daily at dawn. If you expend the last charge, roll a d20. On a 1, the staff erupts into a pillar of flame and is destroyed. The flames erupt in a 20-foot-radius cylinder that's 80 feet tall. Each creature in the area must make a DC 17 Dexterity saving throw, taking 8d6 fire damage on a failed save, or half as much damage on a successful one. When a creature that you can see hits you with an attack while you're holding the staff, you can use your reaction to expend any number of charges from the staff to reduce the attack's damage against you by an amount equal to 5 times the number of charges you expend. If the attacker is within 5 feet of you, it also takes fire damage equal to the amount of damage that was reduced in this way While holding this staff, you can use an action to expend 1 or more of its charges to cast one of the following spells from it, using your spell save DC and spell attack bonus: fire shield (4 charges, warm shield only), fireball (3 or more charges), or scorching ray (2 or more charges). When you cast fireball or scorching ray from the staff in this way, you can increase the spell slot level by one for each additional charge you expend.","save_dc 17, extra_damage_avg 4.5, extra_damage_priced_avg 4.5, weapon_bonus 2, extra_damage_multiplier 1","https://5e.tools/items.html#royal%20incinerator_griffonssaddlebag2"
"Ruby of the War Mage","Dungeon Master's Guide (2024)","Spellcasting Focus","Common","Yes","153 gp","123 gp / 153 gp / 184 gp","Amalgamated (DSA,MSRP,DMPG)","random","Etched with eldritch runes, this 1-inch-diameter ruby allows you to use a Simple or Martial weapon as a Spellcasting Focus for your spells. For this property to work, you must attach the ruby to the weapon by pressing the ruby against it for at least 10 minutes. Thereafter, the ruby can't be removed unless you detach it as a Magic action, the weapon is destroyed, or your Attunement to the ruby ends.","is_wondrous 1, is_focus 1, extra_damage_multiplier 1, is_focus_prose 1","https://5e.tools/items.html#ruby%20of%20the%20war%20mage_xdmg"
"Rusted Hulk","Forgotten Realms: Adventures in Faerûn","Ship/Vehicle (Water)","Mundane","No","50,000 gp","40,000 gp / 50,000 gp / 60,000 gp","Official","floor-tripwire","***Speed.*** A ship sailing against a strong wind moves at half speed. In a dead calm (no wind), waterborne ships can't move under sail and must be rowed. Keelboats and Rowboats are used on lakes and rivers. If going downstream, add the speed of the current (typically 3 miles per hour) to the speed of the vehicle. These vehicles can't be rowed against any significant current, but they can be pulled upstream by draft animals on the shores. A Rowboat can be carried and weighs 100 pounds.

***Crew.*** A ship larger than a Keelboat or Rowboat needs a crew of skilled hirelings (see ""*Services*"") to function. The minimum number of skilled hirelings needed to crew a ship depends on the type of ship.

***Passengers.*** The number of Small and Medium passengers the ship can accommodate using hammocks. A ship outfitted with private accommodations can carry one-fifth as many passengers. A passenger usually pays 5 SP per day for a hammock, but prices can vary from ship to ship. A small private cabin usually costs 2 GP per day.

***Damage Threshold.*** See the rules glossary.

***Ship Repair.*** Repairs to a damaged ship can be made while the vessel is berthed. Repairing 1 Hit Point of damage requires 1 day and costs 20 GP for materials and labor. If the repairs are made in a location where supplies and skilled labor are abundant, such as a city shipyard, the repair time and cost are halved.","vehicle_hp 500, vehicle_cargo_capacity 250, vehicle_crew 60, vehicle_ac 18, vehicle_speed 2, extra_damage_multiplier 1","https://5e.tools/items.html#rusted%20hulk_fraif"
"Ryath Root","Tomb of Annihilation","Adventuring Gear","Mundane","No","50 gp","40 gp / 50 gp / 60 gp","Official","floor-tripwire","Any creature that ingests a ryath root gains 2d4 temporary hit points. A creature that consumes more than one ryath root in a 24-hour period must succeed on a DC 13 Constitution saving throw or suffer the poisoned condition for 1 hour.","save_dc 13, temp_hp_avg 5, extra_damage_multiplier 1","https://5e.tools/items.html#ryath%20root_toa"
"Sabre","Grim Hollow: Player's Guide (2024)","Melee Weapon","Mundane","No","500 gp","400 gp / 500 gp / 600 gp","Official","random","—","extra_damage_multiplier 1","https://5e.tools/items.html#sabre_grimhollowpg24"
"Sardonyx","Dungeon Master's Guide (2024)","$G","Mundane","No","50 gp","40 gp / 50 gp / 60 gp","Official","floor-tripwire","A bands of red and white gemstone.","extra_damage_multiplier 1","https://5e.tools/items.html#sardonyx_xdmg"
"Scale Mail","Player's Handbook (2024)","Medium Armor","Mundane","No","50 gp","40 gp / 50 gp / 60 gp","Official","floor-tripwire","The wearer has disadvantage on Dexterity (Stealth) checks.","armor_ac 14, stealth_penalty 1, extra_damage_multiplier 1","https://5e.tools/items.html#scale%20mail_xphb"
"Scale Mail Barding","Player's Handbook","Tack & Harness","Mundane","No","200 gp","160 gp / 200 gp / 240 gp","Official","floor-tripwire","Barding is armor designed to protect an animal's head, neck, chest, and body. Any type of armor shown on the Armor table in this chapter can be purchased as barding. The cost is four times the equivalent armor made for humanoids, and it weighs twice as much.","armor_ac 14, stealth_penalty 1, extra_damage_multiplier 1","https://5e.tools/items.html#scale%20mail%20barding_phb"
"Scimitar of Sharpness","Dungeon Master's Guide (2024)","Melee Weapon","Very Rare","Yes","11,161 gp","8,929 gp / 11,161 gp / 13,393 gp","Algorithm","random","When you attack an object with this magic weapon and hit, maximize your weapon damage dice against the target.

When you attack a creature with this weapon and roll a 20 on the d20 for the attack roll, that target takes an extra 14 Slashing damage and gains 1 Exhaustion level.

***Finesse.*** When making an attack with a Finesse weapon, use your choice of your Strength or Dexterity modifier for the attack and damage rolls. You must use the same modifier for both rolls.

***Light.*** When you take the Attack action on your turn and attack with a Light weapon, you can make one extra attack as a Bonus Action later on the same turn. That extra attack must be made with a different Light weapon, and you don't add your ability modifier to the extra attack's damage unless that modifier is negative. For example, you can attack with a *Shortsword* in one hand and a *Dagger* in the other using the Attack action and a Bonus Action, but you don't add your Strength or Dexterity modifier to the damage roll of the Bonus Action unless that modifier is negative.

***Mastery: Nick.*** When you make the extra attack of the Light property, you can make it as part of the Attack action instead of as a Bonus Action. You can make this extra attack only once per turn.","extra_damage_multiplier 1","https://5e.tools/items.html#scimitar%20of%20sharpness_xdmg"
"Scribe's Pen","Eberron: Rising from the Last War","Wondrous Item","Common","Yes","76 gp","61 gp / 76 gp / 92 gp","Amalgamated (MSRP,DMPG)","random","You can use this pen to write on any surface. You decide whether the writing is visible or invisible, but the writing is always visible to a person with the Mark of Scribing.

Any creature with the Mark of Scribing can use an action to touch the invisible writing, making it visible to all.

If you use the pen to write on a creature that isn't a construct, the writing fades after 7 days.","is_wondrous 1, extra_damage_multiplier 1","https://5e.tools/items.html#scribe's%20pen_erlw"
"Scroll of Protection (Giants)","Dungeon Master's Guide (2024)","Scroll","Rare","No","215 gp","172 gp / 215 gp / 258 gp","Amalgamated (DSA,MSRP)","random","Using a Magic action to read the scroll creates a 5-foot Emanation originating from you. For 5 minutes, Giants can't enter or affect anything in the area. However, if you move in such a way that an Giant would be inside the area, the effect ends.

As a Magic action, a creature within 5 feet of the Emanation can attempt to overcome it, which forces the creature to make a DC 15 Charisma saving throw. On a successful save, the creature ceases to be affected by the Emanation.","save_dc 15, extra_damage_multiplier 1","https://5e.tools/items.html#scroll%20of%20protection%20(giants)_xdmg"
"Scroll of Protection (Monstrosities)","Dungeon Master's Guide (2024)","Scroll","Rare","No","1,248 gp","998 gp / 1,248 gp / 1,498 gp","Algorithm","random","Using a Magic action to read the scroll creates a 5-foot Emanation originating from you. For 5 minutes, Monstrosities can't enter or affect anything in the area. However, if you move in such a way that an Monstrosity would be inside the area, the effect ends.

As a Magic action, a creature within 5 feet of the Emanation can attempt to overcome it, which forces the creature to make a DC 15 Charisma saving throw. On a successful save, the creature ceases to be affected by the Emanation.","save_dc 15, extra_damage_multiplier 1","https://5e.tools/items.html#scroll%20of%20protection%20(monstrosities)_xdmg"
"Scroll of Titan Summoning (Tarrasque)","Dungeon Master's Guide (2024)","Scroll","Legendary","No","78,982 gp","63,185 gp / 78,982 gp / 94,778 gp","Single source (DMPG)","random","When you take a Magic action to read this scroll, a **Tarrasque** appears in an unoccupied space on the ground or in water that you can see within 1 mile of yourself.

The **Tarrasque** is Hostile toward all other creatures and disappears when it drops to 0 Hit Points. If the **Tarrasque** is summoned into a space that isn't large enough to contain it, the summoning fails, and the scroll is wasted.","extra_damage_multiplier 1","https://5e.tools/items.html#scroll%20of%20titan%20summoning%20(tarrasque)_xdmg"
"Secret Path","Obojima: Tales from the Tall Grass","Potion","Common","No","678 gp","542 gp / 678 gp / 814 gp","Algorithm","ml-variance","When this potion is applied to a pair of boots, it allows their wearer to leave a trail of magical tracks that are invisible to the naked eye. This trail is only visible to a creature who can see invisible objects (such as one benefiting from see invisibility or truesight) or has imbibed a pathseeking potion. When this potion is brewed, the creator can choose the color of the tracks. The boots leave tracks for 24 hours, and the tracks last for one month before fading from view. {@style 17|SneakerProMedium}","extra_damage_multiplier 1, truesight 1","https://5e.tools/items.html#secret%20path_obojimatallgrass"
"Serpent Venom","Dungeon Master's Guide (2024)","Adventuring Gear","Mundane","No","200 gp","160 gp / 200 gp / 240 gp","Official","floor-tripwire","A creature subjected to Serpent Venom must succeed on a DC 11 Constitution saving throw, taking 10 (3d6) Poison damage on a failed save or half as much damage on a successful one.","save_dc 11, is_poison 1, extra_damage_multiplier 1","https://5e.tools/items.html#serpent%20venom_xdmg"
"Shadow Grimoire","Tales from the Shadows","Wondrous Item","Varies","Yes","6,142 gp","4,914 gp / 6,142 gp / 7,371 gp","Algorithm","random","This thick tome is covered in inky black nightmare hide and bound with iron overlaid with silver. Delicate silver runes are inlaid in a circular pattern across the cover. The pages within are written in silver ink on jet-black paper. The book is extremely well-crafted, durable, and waterproof and measures just over 12 inches tall, 9 inches wide and 1 inch thick. While the grimoire is on your person, you have advantage on all skill checks pertaining to shadow or darkness magic, geography, history, and denizens of the Shadow Realm. The Shadow Grimoire is a sentient neutral spellbook with an Intelligence of 15, a Wisdom of 15, and a Charisma of 14. It has an Armor Class of 15 and 20 hit points. It regains 1d8 + 4 hit points each evening at dusk. It has hearing and normal vision out to a range of 30 feet and darkvision out to a range of 60 feet. The book can speak, read, and understand Common and Umbral and can communicate with its owner telepathically out to a range of 60 feet. The Shadow Grimoire is intelligent, haughty, and extremely proud of its abilities and its unique nature. Once it decides to reveal its sentience and awareness, it expects to be treated in every way like a highly regarded equal. If the grimoire is confident its owner shares its outlook and goals, it reveals its abilities and complies with most requests. It is often mysterious, cryptic, and prone to falling silent for long periods of time without cause or explanation. If it feels it is being mistreated or not shown the proper level of respect, the grimoire snaps itself shut and refuses to open or use any of its abilities until the situation changes to its satisfaction. The grimoire has little interest in good or evil, law or chaos. Its primary interests lie in magic, specifically shadow and darkness magic or anything pertaining to the Shadow Realm. The grimoire is single-minded in its desire to learn all it can about shadow magic, and it expects its owner to share this desire. It insists that its owner prepare at least a few of the spells contained within its pages every day (the more, the better, of course). If the owner refuses, the grimoire may (at the GM's discretion) demand to be given to someone more worthy of it, make it impossible for its owner to attune to it, suppress one or more of its properties, or attempt to take control of its owner. If the Shadow Grimoire attempts to take control of its owner, the owner must make a Charisma saving throw with a DC equal to 12 + the grimoire's Charisma modifier. On a failed save, the owner is charmed by the grimoire for 1d12 hours. While charmed, the owner must try to follow the grimoire's commands. Whether the attempt to control its owner succeeds or fails, the Shadow Grimoire can't use this power again until the next dusk. As an action, the Shadow Grimoire can open and close itself and flip instantly to any page it desires, including the current scroll page (see below). A DC 25 Strength check is required to close it, pry it open, or tear out a page against its will. The Shadow Grimoire can move from one shadow into another. As a bonus action, when the grimoire is in Vision and Light or darkness, it can teleport up to 60 feet to an unoccupied space it can see that is also in Vision and Light or darkness. The Shadow Grimoire must always remain cloaked in shadow or the darkness of night. The grimoire is damaged if exposed to direct sunlight (not merely a daylight spell). For every minute the Shadow Grimoire is exposed to sunlight, it takes 1d8 radiant damage. If this damage exceeds the book's total hit points, the Shadow Grimoire bursts into gray flame and is forever destroyed. The Shadow Grimoire is protected by a glyph of warding. The glyph can be triggered by the grimoire if it feels threatened. The glyph causes explosive runes to erupt in a 20-foot-radius sphere of crackling, shadowy energy. Each creature in the area must make a DC 13 Dexterity saving throw. A creature takes 5d8 cold damage on a failed save, or half as much damage on a successful one. Once the glyph of warding goes off, it can't be used again until the next dusk. The Shadow Grimoire's secrets cling to your mind like the shadow realm itself. Only you can read its contents; to all others, its pages appear pure black. As your level increases, you gain the following benefits while holding or carrying this book. The Shadow Grimoire is a spellbook that contains the following spells (see Deep Magic by Kobold Press): Cantrips: claws of darkness, douse light, shadow bite, shadow blindness 1st level: black ribbons, cloak of shadow, shadow armor, shadow hands 2nd level: dark path, darkbolt, negative image, shadow puppets, slither 3rd level: call shadow mastiff, shadow tendrils, shadow trove 4th level: black hand, hide in one's shadow, shadow step 5th level: dark dementing, shadow gateway 6th level: become nightwing, black well 7th level: conjure shadow titan, dying of the light 8th level: creeping darkness 9th level: umbral storm In addition, the Shadow Grimoire contains a special scroll page—a single spell from among the spells transcribed within it, that you may cast directly from the book as if it were a scroll. Once the spell is cast, another spell (other than the one just cast) randomly becomes the next spell that can be cast directly from the book. The spell is always of a level you can cast. You must spend an action to flip pages and find the new scroll-page spell. Once found, the scroll page can be marked for future reference. You do not need to provide a material component and casting the spell does not remove it from the spellbook. Once you have used the scroll page 3 times, it can't be used again until the next dusk. You gain darkvision out to a range of 30 feet. If you already have darkvision, you can see in magical darkness out to a range of 30 feet as if in Vision and Light. In addition, the Shadow Grimoire's glyph of warding saving throw DC increases to 14, and the cold damage increases to 6d8. When the area you occupy is in Vision and Light or darkness, you can use a bonus action to step through the shadow and emerge from another shadow up to 200 feet away. In addition, the Shadow Grimoire's Intelligence becomes 16, its Wisdom 16, its Charisma 15, its Armor Class 17, and its hit points 25. Finally, the grimoire's glyph of warding saving throw DC increases to 15, and the cold damage increases to 7d8. You can use an action to transport yourself and up to eight willing creatures to the Shadow Realm as if you had cast the plane shift spell. You can't do this again until you finish a long rest. In addition, as an action, you may now choose which spell in the grimoire becomes a scroll page. The Shadow Grimoire is a powerful magic item. It is important to remember the Shadow Grimoire is the final authority on if and when its powers are used. The grimoire typically acquiesces to the owner's wishes, but that is hardly absolute—it always retains full control of its abilities. Essentially, the GM should treat the Shadow Grimoire as an NPC as well as a magic item, which makes it an excellent tool for dispensing special clues and other campaign information that might not be easy to convey otherwise. The grimoire can be a teacher and mentor as well as a mysterious source of secrets and knowledge. If a PC decides to keep the grimoire, the GM should observe and cultivate the symbiotic relationship between them carefully. While the Shadow Grimoire retains control over its special abilities, it still relies on its owner to carry it around so it can learn and influence events. The Shadow Grimoire is a fabled item. Fabled items are a special kind of magic item that scales in power as the character does. Fabled items encompass all levels of rarity. The Dusk Queen received the Shadow Grimoire as a gift while she still dwelt in the realm of shadow. Little is known about who gave her the grimoire or the motives behind the gift. Some say it was to aid the Dusk Queen in bringing darkness to the realms of light, others say it was secretly a means for her enemies to thwart her plans. Whatever the case, the mysterious Dusk Queen bonded with the dark tome and used its strange abilities to amass great power on the Material Plane. Many whisper that the Shadow Grimoire was perhaps the Dusk Queen's most prized possession. Properties and Attunement A fabled magic item begins as a common magic item. It grants a small but useful property to any character that possesses it. This minor property does not require attunement to use. To utilize any of the higher-level properties, a character must attune to the fabled item per the standard magic item attunement rules. Once attuned to the fabled magic item, the character can use the fabled item's more powerful properties as the character increases in level. When an attuned character reaches a property's specified level, the property listed at that level becomes immediately available to the character. If a character of a level higher than 1st attunes to a fabled item, the item's level-dependent properties, up to the character's current level, become available to the character. If a character chooses not to become attuned to the fabled item, the item remains a common magic item, granting the character only its minor property, regardless of the character's level. Unless otherwise noted, all properties granted by a fabled item are in effect if the character is wearing, carrying, or touching the item. For much more information about fabled items, see Vault of Magic from Kobold Press. Base — 5th Level Spellbook, Spell Scroll Pages 9th Level Darkvision, Glyph of Warding Increase 13th Level Bonus Action, Shadow Grimoire Stat Increase, Glyph of Warding Increase 17th Level Action, Spell Scroll Page Choice","darkvision_feet 60, save_dc 25, healing_consumable_avg 8.5, is_sentient 1, is_wondrous 1, extra_damage_multiplier 1","https://5e.tools/items.html#shadow%20grimoire_talesfromtheshadows"
"Sheathed Staff Armblade","Eberron: Rising from the Last War","Melee Weapon","Common","Yes","256 gp","205 gp / 256 gp / 307 gp","Algorithm","random","*The *base item* can be found in Grim Hollow: Player’s Guide (2024), page 128.*

An armblade is a magic weapon that attaches to your arm, becoming inseparable from you as long as you're attuned to it. To attune to this item, you must hold it against your forearm for the entire attunement period.

As a bonus action, you can retract the armblade into your forearm or extend it from there. While it is extended, you can use the weapon as if you were holding it, and you can't use that hand for other purposes.

***Double.*** A Double weapon functions as two Light weapons, one in each hand, for the purposes of two-weapon fighting. If a Double weapon has Reach, you can use only one of these properties per turn.

***Mastery: Topple.*** If you hit a creature with this weapon, you can force the creature to make a Constitution saving throw (DC 8 plus the ability modifier used to make the attack roll and your Proficiency Bonus). On a failed save, the creature has the Prone condition.","save_dc 8, extra_damage_multiplier 1","https://5e.tools/items.html#sheathed%20staff%20armblade_erlw"
"Shield of Swans","Book of Ebon Tides","Shield","Common","No","3,941 gp","3,152 gp / 3,941 gp / 4,729 gp","Algorithm","ml-variance","This shield has 3 charges, and it regains 1d3 expended charges daily at dawn. When you speak its command word and expend one charge, you gain a fly speed of 60 feet for 1d4 rounds (and you know when this ends). In addition, while holding this shield you can speak with swans and other aquatic birds.","is_shield 1, extra_damage_multiplier 1, flight_full 1","https://5e.tools/items.html#shield%20of%20swans_bookofebontides"
"Shield of the Hidden Lord","Baldur's Gate: Descent Into Avernus","Shield","Legendary","Yes","80,884 gp","64,707 gp / 80,884 gp / 97,061 gp","Single source (DMPG)","random","The Shield of the Hidden Lord is of celestial origin and serves as a prison for the pit fiend Gargauth, whose mortal followers revere it as a god. Over time, Gargauth's evil has warped the shield's appearance, so that its celestial motif and designs have become twisted into a fiendish face that subtly moves in disturbing ways.

While holding this shield, you gain a +2 bonus to AC and resistance to fire damage.

***Sentience.*** The Shield of the Hidden Lord is sentient as long as it imprisons Gargauth. While sentient, the shield has the following properties:

- The shield has an Intelligence of 22, a Wisdom of 18, and a Charisma of 24, as well as hearing and truesight out to a range of 120 feet.
- The shield can speak, read, and understand Common and Infernal, and it can communicate telepathically with any creature it can sense within 120 feet of it. Its voice is a deep, hollow whisper.
- The shield has 3 charges. You can use an action to expend 1 charge to cast *fireball* or 2 charges to cast *wall of fire* from the shield (save DC 21 for each). The *wall of fire* spell lasts for 1 minute (no concentration required). The shield regains all expended charges daily at dawn.
- Anytime during your turn, the shield can choose to radiate an aura of dread for 1 minute. (This is not a power of the shield that you control.) Any creature hostile to you that starts its turn within 20 feet of the shield must make a DC 18 Wisdom saving throw. On a failed save, the creature is frightened until the start of its next turn. On a successful save, the creature is immune to this power of the shield for the next 24 hours. Once the shield uses this power, it can't use it again until the next dawn.

***Gargauth's Personality.*** Gargauth desperately seeks freedom but can't escape on its own. The pit fiend won't reveal its true nature, referring to itself only as the Hidden Lord. It drops hints and subtle suggestions that it is an angel trapped in an unholy prison. If released from the shield, the pit fiend honors the terms of whatever bargain it struck to facilitate its escape.

While trapped in the shield, Gargauth carefully steers the shield's current owner toward committing acts of cruelty and domination, hoping to condemn the individual's soul to the Nine Hells. Conflict occurs if the shield's owner does anything that would make it more difficult for Gargauth to escape its prison, such as leaving the shield in a place where others are unlikely to find it.

Gargauth doesn't know how to escape from the shield. The pit fiend believes (incorrectly) that it can break free of the shield if it's brought to the Nine Hells, for it's convinced that the shield's powers are weaker there.

***Freeing Gargauth.*** Casting *dispel evil and good* on the shield has a 1 percent chance of freeing the pit fiend, or automatically succeeds if the spell is cast by a **solar**, a **planetar**, or an archdevil. A god can release the pit fiend by touching the shield and speaking Gargauth's name. When released, Gargauth appears in a random, unoccupied space as close to the shield as possible.","save_dc 21, ac_bonus 2, is_sentient 1, is_shield 1, extra_damage_multiplier 1, truesight 1","https://5e.tools/items.html#shield%20of%20the%20hidden%20lord_bgdia"
"Shooting Star","The Griffon's Saddlebag: Book Two","Ranged Weapon","Very Rare","Yes","14,819 gp","11,855 gp / 14,819 gp / 17,783 gp","Algorithm","random","Tiny specks of starlight gleam from the dark surface of this magic longbow at night. The bow is strung with an invisible string that appears only when it's drawn. When pulled, the string emits a soft yellow glow as motes of starlight appear and float around the bow's frame. Drawing the bow without first nocking an arrow creates a magic arrow of pure starlight in its place and intensifies the bow's glow. The starlit arrow shines bright light in a 20-foot radius and dim light for an additional 20 feet. You gain a +2 bonus to attack and damage rolls made with this weapon when you use a starlit arrow, which deals radiant damage instead of piercing damage. Hit or miss, the starlit arrow disappears immediately after the attack. As an action, you can speak the bow's command word and fire a starlit arrow into the air above you, choosing a point that you can see within 60 feet of you. The arrow immediately vanishes and creates a shower of tiny, magical stars that fall and land in a 30-foot-radius circle on the ground centered on the point you chose. Each creature of your choice within the area must make a DC 16 Dexterity saving throw. A target takes 3d6 radiant damage and 3d6 force damage on a failed save, or half as much damage on a successful one, as a shower of magical stars slam into the ground around them. This property can't be used again until the next dusk. In addition, when you use a starlit arrow and roll a 20 on an attack roll made with this weapon, a tiny magical star appears and strikes the target. The target must make a DC 16 Dexterity saving throw, taking 1d6 radiant damage and 1d6 force damage on a failed save, or half as much damage on a successful one. Immediately after a falling star hits the ground or a target, it disappears.","save_dc 16, weapon_bonus 2, extra_damage_multiplier 1","https://5e.tools/items.html#shooting%20star_griffonssaddlebag2"
"Sibling Purses","Obojima: Tales from the Tall Grass","Wondrous Item","Uncommon","No","2,616 gp","2,093 gp / 2,616 gp / 3,140 gp","Algorithm","ml-variance","These two sibling coin pouches open up 5 inches wide and can hold up to 5 pounds each. When you place an object into one of the pouches, and the other pouch is within 20 feet of it, you can cause the object to teleport into the other pouch, provided there is room to accommodate the object.","is_wondrous 1, extra_damage_multiplier 1, teleportation 1","https://5e.tools/items.html#sibling%20purses_obojimatallgrass"
"Silent Musket","Exploring Eberron (2024)","Ranged Weapon","Uncommon","No","1,000 gp","800 gp / 1,000 gp / 1,200 gp","Algorithm","floor-tripwire","*The *base item* can be found in The Gunslinger Class: Valda’s Spire of Secrets.*

This magic weapon grants a +1 bonus to attack and damage rolls made with it. When you are hidden from a creature and miss it with a Ranged weapon attack made with this weapon, making the attack doesn't reveal your position.

***Range.*** A Range weapon has a range in parentheses after the Ammunition or Thrown property. The range lists two numbers. The first is the weapon's normal range in feet, and the second is the weapon's long range. When attacking a target beyond normal range, you have Disadvantage on the attack roll. You can't attack a target beyond the long range.

***Ammunition.*** You can use a weapon that has the Ammunition property to make a ranged attack only if you have ammunition to fire from it. The type of ammunition required is specified with the weapon's range. Each attack expends one piece of ammunition. Drawing the ammunition is part of the attack (you need a free hand to load a one-handed weapon). After a fight, you can spend 1 minute to recover half the ammunition (round down) you used in the fight; the rest is lost.

***Loading.*** You can fire only one piece of ammunition from a Loading weapon when you use an action, a Bonus Action, or a Reaction to fire it, regardless of the number of attacks you can normally make.

***Two-Handed.*** A Two-Handed weapon requires two hands when you attack with it.

***Mastery: Slow.*** If you hit a creature with this weapon and deal damage to it, you can reduce its Speed by 10 feet until the start of your next turn. If the creature is hit more than once by weapons that have this property, the Speed reduction doesn't exceed 10 feet.","weapon_bonus 1, is_firearm 1, extra_damage_multiplier 1","https://5e.tools/items.html#silent%20musket_exploringeberron24"
"Silken Spite (Awakened)","Explorer's Guide to Wildemount","Melee Weapon","Artifact","Yes","345,000 gp","276,000 gp / 345,000 gp / 414,000 gp","Algorithm","random","The blade of this rapier is made of spider silk. Its onyx pommel is tipped with a ruby cut in the shape of a spider, and the blade carries the blessing of Lolth.

***Sentience.*** Silken Spite is a sentient chaotic evil weapon with an Intelligence of 13, a Wisdom of 15, and a Charisma of 15. It has hearing and darkvision out to a range of 120 feet.

The weapon communicates telepathically with its wielder and can speak, read, and understand Abyssal, Common, Elvish, and Undercommon.

***Personality.*** A murderous **yochlol** named Sinnafex lives within Silken Spite. The weapon speaks in whispers, pushing its wielder to trust no one and to kill those who cause the slightest personal offense.

***Dormant.*** The rapier grants the following benefits in its dormant state:

- You can speak, read, and write Abyssal, Elvish, and Undercommon.
- You have darkvision out to a range of 60 feet. If you already have darkvision, being attuned to the rapier increases the range of your darkvision by 60 feet.
- You gain a +1 bonus to attack and damage rolls made with this magic weapon.
- You can use an action to cause poison to coat the rapier's blade. The poison remains for 1 minute or until an attack using this weapon hits a creature. That creature must succeed on a DC 13 Constitution saving throw or become poisoned for 1 hour. If the saving throw fails by 5 or more, the creature is also unconscious while poisoned in this way. The creature wakes up if it takes damage or if another creature uses its action to shake the creature awake.
- While carrying the rapier, you can move up, down, and across vertical surfaces and upside down along ceilings, while leaving your hands free. You have a climbing speed equal to your walking speed. Additionally, you can't be caught in webs of any sort and can move through webs as if they were difficult terrain.

> ##### Betrayer Artifact Properties
>
>The Arms of the Betrayers advance in power in the same manner as the Vestiges of Divergence. In its dormant state, each of these artifacts has one minor beneficial property and one minor detrimental property. When the artifact attains an awakened state, it gains an additional minor beneficial property and an additional minor detrimental property. When the item reaches its exalted state, it gains a major beneficial property. See ""Artifact Properties"" in chapter 7 of the Dungeon Master's Guide for more information.
>

***Awakened.*** The rapier grants the following benefits in its awakened state:

- The weapon's bonus to attack and damage rolls increases to +2.
- The saving throw DC for the weapon's poison increases to 15.
- While holding the rapier, you can use an action to cast one of the following spells from it (save DC 15): *cloudkill*, *darkness*, *levitate*, or *web*. Once a spell has been cast using the rapier, that spell can't be cast from the rapier again until the next dawn.

***Finesse.*** When making an attack with a finesse weapon, you use your choice of your Strength or Dexterity modifier for the attack and damage rolls. You must use the same modifier for both rolls.

***Vestige of Divergence.*** *This item is a Vestige of Divergence, see *Vestiges of Divergence* for more information.*","darkvision_feet 120, save_dc 15, weapon_bonus 2, grants_language 1, is_sentient 1, extra_damage_multiplier 1","https://5e.tools/items.html#silken%20spite%20(awakened)_egw"
"Silken Spite (Exalted)","Explorer's Guide to Wildemount","Melee Weapon","Artifact","Yes","458,000 gp","366,400 gp / 458,000 gp / 549,600 gp","Algorithm","family-min","The blade of this rapier is made of spider silk. Its onyx pommel is tipped with a ruby cut in the shape of a spider, and the blade carries the blessing of Lolth.

***Sentience.*** Silken Spite is a sentient chaotic evil weapon with an Intelligence of 13, a Wisdom of 15, and a Charisma of 15. It has hearing and darkvision out to a range of 120 feet.

The weapon communicates telepathically with its wielder and can speak, read, and understand Abyssal, Common, Elvish, and Undercommon.

***Personality.*** A murderous **yochlol** named Sinnafex lives within Silken Spite. The weapon speaks in whispers, pushing its wielder to trust no one and to kill those who cause the slightest personal offense.

***Dormant.*** The rapier grants the following benefits in its dormant state:

- You can speak, read, and write Abyssal, Elvish, and Undercommon.
- You have darkvision out to a range of 60 feet. If you already have darkvision, being attuned to the rapier increases the range of your darkvision by 60 feet.
- You gain a +1 bonus to attack and damage rolls made with this magic weapon.
- You can use an action to cause poison to coat the rapier's blade. The poison remains for 1 minute or until an attack using this weapon hits a creature. That creature must succeed on a DC 13 Constitution saving throw or become poisoned for 1 hour. If the saving throw fails by 5 or more, the creature is also unconscious while poisoned in this way. The creature wakes up if it takes damage or if another creature uses its action to shake the creature awake.
- While carrying the rapier, you can move up, down, and across vertical surfaces and upside down along ceilings, while leaving your hands free. You have a climbing speed equal to your walking speed. Additionally, you can't be caught in webs of any sort and can move through webs as if they were difficult terrain.

> ##### Betrayer Artifact Properties
>
>The Arms of the Betrayers advance in power in the same manner as the Vestiges of Divergence. In its dormant state, each of these artifacts has one minor beneficial property and one minor detrimental property. When the artifact attains an awakened state, it gains an additional minor beneficial property and an additional minor detrimental property. When the item reaches its exalted state, it gains a major beneficial property. See ""Artifact Properties"" in chapter 7 of the Dungeon Master's Guide for more information.
>

***Awakened.*** The rapier grants the following benefits in its awakened state:

- The weapon's bonus to attack and damage rolls increases to +2.
- The saving throw DC for the weapon's poison increases to 15.
- While holding the rapier, you can use an action to cast one of the following spells from it (save DC 15): *cloudkill*, *darkness*, *levitate*, or *web*. Once a spell has been cast using the rapier, that spell can't be cast from the rapier again until the next dawn.

***Exalted.*** The rapier grants the following benefits in its exalted state:

- The weapon's bonus to attack and damage rolls increases to +3.
- The saving throw DC for the weapon's poison and spells cast from the weapon increases to 17.
- Magical darkness doesn't impede your darkvision.
- While holding the weapon in dim light or darkness, you can use a bonus action to teleport up to 60 feet to an unoccupied space you can see that is also in dim light or darkness. This property can't be used again until the next dawn.

***Finesse.*** When making an attack with a finesse weapon, you use your choice of your Strength or Dexterity modifier for the attack and damage rolls. You must use the same modifier for both rolls.

***Vestige of Divergence.*** *This item is a Vestige of Divergence, see *Vestiges of Divergence* for more information.*","darkvision_feet 120, save_dc 15, weapon_bonus 3, grants_language 1, is_sentient 1, extra_damage_multiplier 1","https://5e.tools/items.html#silken%20spite%20(exalted)_egw"
"Silver Eagle Musket","The Griffon's Saddlebag: Book One","Ranged Weapon","Uncommon","No","1,000 gp","800 gp / 1,000 gp / 1,200 gp","Algorithm","floor-tripwire","—","weapon_bonus 1, is_firearm 1, extra_damage_multiplier 1","https://5e.tools/items.html#silver%20eagle%20musket_24griffonssaddlebag1"
"Silver Eagle Studded Cuirass","The Griffon's Saddlebag: Book Two","Light Armor","Uncommon","Yes","2,466 gp","1,973 gp / 2,466 gp / 2,960 gp","Algorithm","ml-variance","This studded leather armor is worn by an elite guard of a longstanding alliance between elves and humans. While you're wearing it, any critical hit against you becomes a normal hit. In addition, when a creature you can see hits you with a melee attack while you're wearing this armor, you can use your reaction to speak its command word. When you do, a pair of ghostly eagle wings appear from the back of the armor. The wings beat the air around you and push you back up to 10 feet away from the attacking creature, without provoking opportunity attacks. In addition, the sudden movement takes you out of harms way, reducing the damage you take from the triggering attack by 2d6. Once this property of the armor has been used, it can't be used again until the next dawn.","armor_ac 12, extra_damage_multiplier 1, crit_immunity 1","https://5e.tools/items.html#silver%20eagle%20studded%20cuirass_griffonssaddlebag2"
"Silvered Firearm Bullet","Player's Handbook","Ammunition","Common","No","50 gp","40 gp / 50 gp / 60 gp","Algorithm","floor-tripwire","Firearm Bullets are destroyed upon use in a modern firearm.","is_ammunition 1, extra_damage_multiplier 1","https://5e.tools/items.html#silvered%20firearm%20bullet_phb"
"Silvered Flare","Player's Handbook","Ammunition","Common","No","12 gp","10 gp / 12 gp / 15 gp","Algorithm","random","*The *base item* can be found in The Gunslinger Class: Valda’s Spire of Secrets.*

Ammunition is required by a weapon that has Ammunition. A weapon's description specifies the type of ammunition used by the weapon.

Firearm ammunition is destroyed upon use.","is_ammunition 1, extra_damage_multiplier 1","https://5e.tools/items.html#silvered%20flare_phb"
"Silvered Heavy Crossbow","Dungeon Master's Guide (2024)","Ranged Weapon","Common","No","249 gp","199 gp / 249 gp / 299 gp","Algorithm","random","An alchemical process has bonded silver to this magic weapon. When you score a Critical Hit with it against a creature that is shape-shifted, the weapon deals one additional die of damage.

***Range.*** A Range weapon has a range in parentheses after the Ammunition or Thrown property. The range lists two numbers. The first is the weapon's normal range in feet, and the second is the weapon's long range. When attacking a target beyond normal range, you have Disadvantage on the attack roll. You can't attack a target beyond the long range.

***Ammunition.*** You can use a weapon that has the Ammunition property to make a ranged attack only if you have ammunition to fire from it. The type of ammunition required is specified with the weapon's range. Each attack expends one piece of ammunition. Drawing the ammunition is part of the attack (you need a free hand to load a one-handed weapon). After a fight, you can spend 1 minute to recover half the ammunition (round down) you used in the fight; the rest is lost.

***Heavy.*** You have Disadvantage on attack rolls with a Heavy weapon if it's a Melee weapon and your Strength score isn't at least 13 or if it's a Ranged weapon and your Dexterity score isn't at least 13.

***Loading.*** You can fire only one piece of ammunition from a Loading weapon when you use an action, a Bonus Action, or a Reaction to fire it, regardless of the number of attacks you can normally make.

***Two-Handed.*** A Two-Handed weapon requires two hands when you attack with it.

***Mastery: Push.*** If you hit a creature with this weapon, you can push the creature up to 10 feet straight away from yourself if it is Large or smaller.","extra_damage_multiplier 1","https://5e.tools/items.html#silvered%20heavy%20crossbow_xdmg"
"Silvered Mace","Dungeon Master's Guide (2024)","Melee Weapon","Common","No","235 gp","188 gp / 235 gp / 282 gp","Algorithm","random","An alchemical process has bonded silver to this magic weapon. When you score a Critical Hit with it against a creature that is shape-shifted, the weapon deals one additional die of damage.

***Mastery: Sap.*** If you hit a creature with this weapon, that creature has Disadvantage on its next attack roll before the start of your next turn.","extra_damage_multiplier 1","https://5e.tools/items.html#silvered%20mace_xdmg"
"Silvered Shepherd Crook","Dungeon Master's Guide (2024)","Melee Weapon","Common","No","235 gp","188 gp / 235 gp / 282 gp","Algorithm","random","*The *base item* can be found in Obojima: Tales from the Tall Grass, page 159.*

An alchemical process has bonded silver to this magic weapon. When you score a Critical Hit with it against a creature that is shape-shifted, the weapon deals one additional die of damage.

***Special.*** As a bonus action, you can make a contested Strength check against a creature within range, moving the target to another unoccupied space within 5 feet of you on a success.

***Reach.*** This weapon adds 5 feet to your reach when you attack with it. This property also determines your reach for opportunity attacks with a reach weapon.","extra_damage_multiplier 1","https://5e.tools/items.html#silvered%20shepherd%20crook_xdmg"
"Silvered Steel Jaws","Dungeon Master's Guide (2024)","Melee Weapon","Common","No","245 gp","196 gp / 245 gp / 295 gp","Algorithm","random","Because they have no hands, worgs cannot wield weapons in the same way that most player characters can. However, worgs can wield a specially designed Martial Melee weapon called ""Steel Jaws."" Only Worg can wield Steel Jaws, fitting as they do over a Worg's teeth. A Worg cannot use its Bite trait while it is wielding Steel Jaws.","extra_damage_multiplier 1","https://5e.tools/items.html#silvered%20steel%20jaws_xdmg"
"Silverwind, the Cleansing Breeze","The Griffon's Saddlebag: Book Two","Melee Weapon","Artifact","No","418,000 gp","334,400 gp / 418,000 gp / 501,600 gp","Algorithm","family-min","This mighty longsword once belonged to Syre, the fey lord of the now fallen Syre Wood. This ancient blade was used to lead the charge against a legion of invading fiends, and still holds a power over such creatures. You gain a +1 bonus to attack and damage rolls made with this magic weapon, which has the finesse property. When you hit a fiend with an attack using this sword, that creature takes an extra 1d6 radiant damage. If you pull Silverwind, the Cleansing Breeze from the body of Malfuriel the Betrayer, you are immediately attuned to it. When this happens, you can choose to immediately end your attunement to one of your other magical items, even if it's cursed (as if by the remove curse spell or similar magic). If you are already attuned to your maximum number of magic items, you must end your attunement to one of them in this way. Some properties of this artifact are locked behind layers of dormant magic. As you grow stronger and reach certain milestones, these properties may become available to you. This weapon can have up to 3 of the following properties active at a time. When you attune to Silverwind, up to the first 3 properties available to you are activated. Whenever you finish a long rest, you can replace any of the activated properties with another one. The only way to destroy Silverwind, the Cleansing Breeze is to melt it in the fires of the Magmarath Caldera, a raging volcano in the Lower Planes overrun with fiends. It must remain submerged in the magma for 10 years before it succumbs to the fire and is destroyed. When it does, the volcano erupts.","extra_damage_avg 21, extra_damage_priced_avg 21, save_dc 16, weapon_bonus 1, extra_damage_multiplier 1, teleportation 1","https://5e.tools/items.html#silverwind,%20the%20cleansing%20breeze_griffonssaddlebag2"
"Sky Swimming","Obojima: Tales from the Tall Grass","Potion","Common","No","280 gp","224 gp / 280 gp / 336 gp","Algorithm","ml-variance","After drinking this potion, you feel the sudden and unpleasant feeling of wearing soaking-wet clothing. For the next 10 minutes, you gain a flying speed of 15 feet and can hover, but it looks and feels as if you're swimming through the sky. While flying in this way, you must also obey the rules for underwater combat. {@style 27|SneakerProMedium}","extra_damage_multiplier 1, flight_limited 1","https://5e.tools/items.html#sky%20swimming_obojimatallgrass"
"Sled Dog","Forgotten Realms: Heroes of Faerûn","Mount or Vehicle (Land)","Mundane","No","50 gp","40 gp / 50 gp / 60 gp","Official","floor-tripwire","A sled dog uses the **Wolf** stat block (see the Monster Manual). A sled dog pulling a sled alone must take a Short Rest after pulling a sled for 1 hour; otherwise, it gains 1 Exhaustion level.","extra_damage_multiplier 1","https://5e.tools/items.html#sled%20dog_frhof"
"Slumbering Dragon's Wrath Bellow Flute","Fizban's Treasury of Dragons","Melee Weapon","Uncommon","Yes","727 gp","581 gp / 727 gp / 872 gp","Algorithm","random","*The *base item* can be found in Obojima: Tales from the Tall Grass, page 159.*

This weapon is decorated with dragon heads, claws, wings, scales, or Draconic letters. When it steeps in a dragon's hoard, it absorbs the energy of the dragon's breath weapon and deals damage of that type with its special properties.

Whenever you roll a 20 on your attack roll with this weapon, each creature of your choice within 5 feet of the target takes 5 damage of the type dealt by the dragon's breath weapon.

The traditional Obojiman instrument has gotten a second life as a swift club-like weapon commonly used by traveling performers. It is crafted from a special coral found all across the shallows, which naturally forms with dozens of tiny holes that run throughout the body of the instrumental weapon. When swung it emits a beautiful harmonic sound.

***Finesse.*** When making an attack with a finesse weapon, you use your choice of your Strength or Dexterity modifier for the attack and damage rolls. You must use the same modifier for both rolls.","extra_damage_multiplier 1","https://5e.tools/items.html#slumbering%20dragon's%20wrath%20bellow%20flute_ftd"
"Slumbering Dragon's Wrath Flail","Fizban's Treasury of Dragons","Melee Weapon","Uncommon","Yes","758 gp","607 gp / 758 gp / 910 gp","Algorithm","random","This weapon is decorated with dragon heads, claws, wings, scales, or Draconic letters. When it steeps in a dragon's hoard, it absorbs the energy of the dragon's breath weapon and deals damage of that type with its special properties.

Whenever you roll a 20 on your attack roll with this weapon, each creature of your choice within 5 feet of the target takes 5 damage of the type dealt by the dragon's breath weapon.

***Mastery: Sap.*** If you hit a creature with this weapon, that creature has Disadvantage on its next attack roll before the start of your next turn.","extra_damage_multiplier 1","https://5e.tools/items.html#slumbering%20dragon's%20wrath%20flail_ftd"
"Slumbering Dragon's Wrath Musket","Fizban's Treasury of Dragons","Ranged Weapon","Uncommon","Yes","1,000 gp","800 gp / 1,000 gp / 1,200 gp","Algorithm","floor-tripwire","This weapon is decorated with dragon heads, claws, wings, scales, or Draconic letters. When it steeps in a dragon's hoard, it absorbs the energy of the dragon's breath weapon and deals damage of that type with its special properties.

Whenever you roll a 20 on your attack roll with this weapon, each creature of your choice within 5 feet of the target takes 5 damage of the type dealt by the dragon's breath weapon.

***Range.*** A Range weapon has a range in parentheses after the Ammunition or Thrown property. The range lists two numbers. The first is the weapon's normal range in feet, and the second is the weapon's long range. When attacking a target beyond normal range, you have Disadvantage on the attack roll. You can't attack a target beyond the long range.

***Ammunition.*** You can use a weapon that has the Ammunition property to make a ranged attack only if you have ammunition to fire from it. The type of ammunition required is specified with the weapon's range. Each attack expends one piece of ammunition. Drawing the ammunition is part of the attack (you need a free hand to load a one-handed weapon). After a fight, you can spend 1 minute to recover half the ammunition (round down) you used in the fight; the rest is lost.

***Loading.*** You can fire only one piece of ammunition from a Loading weapon when you use an action, a Bonus Action, or a Reaction to fire it, regardless of the number of attacks you can normally make.

***Two-Handed.*** A Two-Handed weapon requires two hands when you attack with it.

***Mastery: Slow.*** If you hit a creature with this weapon and deal damage to it, you can reduce its Speed by 10 feet until the start of your next turn. If the creature is hit more than once by weapons that have this property, the Speed reduction doesn't exceed 10 feet.","is_firearm 1, extra_damage_multiplier 1","https://5e.tools/items.html#slumbering%20dragon's%20wrath%20musket_ftd"
"Slumbering Dragon's Wrath Tapper Sack","Fizban's Treasury of Dragons","Melee Weapon","Uncommon","Yes","750 gp","600 gp / 750 gp / 901 gp","Algorithm","random","*The *base item* can be found in Obojima: Tales from the Tall Grass, page 159.*

This weapon is decorated with dragon heads, claws, wings, scales, or Draconic letters. When it steeps in a dragon's hoard, it absorbs the energy of the dragon's breath weapon and deals damage of that type with its special properties.

Whenever you roll a 20 on your attack roll with this weapon, each creature of your choice within 5 feet of the target takes 5 damage of the type dealt by the dragon's breath weapon.

A tapper sack is a simple tool and weapon used by farmers. At the end of a fine, yet sturdy, braided cord is a simple bag which has been filled with sand. Although it's not very flashy, in the hands of a skilled adventurer this humble weapon packs quite a punch.

***Reach.*** This weapon adds 5 feet to your reach when you attack with it. This property also determines your reach for opportunity attacks with a reach weapon.

***Versatile.*** This weapon can be used with one or two hands. A damage value in parentheses appears with the property—the damage when the weapon is used with two hands to make a melee attack.","extra_damage_multiplier 1","https://5e.tools/items.html#slumbering%20dragon's%20wrath%20tapper%20sack_ftd"
"Smoke Bomb","Grim Hollow: Player's Guide (2024)","AdvEq","Mundane","No","50 gp","40 gp / 50 gp / 60 gp","Official","floor-tripwire","As a Utilize action, you can throw this smoky glass vial to a space up to 30 feet away. When the vial breaks, the concoction creates a 10-foot-radius Sphere [Area of Effect] of smoke. The area is Heavily Obscured. The smoke lasts for 1d4 + 2 rounds, or half as long in a windy area.","extra_damage_multiplier 1","https://5e.tools/items.html#smoke%20bomb_grimhollowpg24"
"Smoke Grenade","Dungeon Master's Guide (2024)","Explosive","Mundane","No","50 gp","40 gp / 50 gp / 60 gp","Official","floor-tripwire","As an action, you can either throw a grenade at a point up to 60 feet away or use a Grenade Launcher to propel the grenade to a point up to 1,000 feet away. The grenade explodes at that point, creating a particular effect in a 20-foot-radius Sphere.

The area of the Sphere is Heavily Obscured by smoke for 1 minute. A strong wind (such as the *Gust of Wind* spell) disperses the smoke.","extra_damage_multiplier 1","https://5e.tools/items.html#smoke%20grenade_xdmg"
"Soulstone Grimoire","Where Evil Lives: The MCDM Book of Boss Battles","Adventuring Gear","Unknown Magic","No","289 gp","231 gp / 289 gp / 346 gp","Algorithm","random","Scrawled in devil's ichor, this tome describes the rites necessary to achieve immortality in undeath. The book includes instructions for crafting a soulstone and imbuing it with power, transforming the ritual caster into a lich. In a final, terrible act, the completion of the ritual requires tearing out one's own heart and the heart of a loved one. To decipher the grimoire, you must be a spellcaster who can cast spells of 7th level or higher. If you spend 80 hours over a period of 30 days or fewer studying the book, you learn the ritual to create a soulstone and turn yourself into a lich. The ritual takes 1 hour to perform and requires you kill a loved one during the procedure. In addition, the ritual requires components and gems worth 100,000 gp, which the ritual consumes.","extra_damage_multiplier 1","https://5e.tools/items.html#soulstone%20grimoire_whereevillives"
"Speaking Stone","Eberron: Rising from the Last War","Wondrous Item","Very Rare","No","7,317 gp","5,854 gp / 7,317 gp / 8,781 gp","Single source (DMPG)","random","The key to long-distance, virtually instantaneous communication across Khorvaire is House Sivis's network of message stations. Each station contains at least one speaking stone, which is carved from a Siberys dragonshard and inscribed with arcane symbols that uniquely identify it. If you're a gnome with the Mark of Scribing, you can touch the stone and use an action to cast the *sending* spell from it. The target is any other speaking stone whose location or unique sequence of symbols you know. A creature within 5 feet of the stone hears the message as if they were the target.

In a Sivis message station, a gnome is always on duty by the speaking stone, listening for messages that might come in and transcribing them for delivery to their intended recipients.","is_wondrous 1, extra_damage_multiplier 1","https://5e.tools/items.html#speaking%20stone_erlw"
"Spell Gem (Diamond)","Out of the Abyss","Wondrous Item","Legendary","Yes","100,000 gp","80,000 gp / 100,000 gp / 120,000 gp","Algorithm","battery-parity","A diamond spell gem can contain one spell from any class's spell list. You become aware of the spell when you learn the gem's properties. While holding the gem, you can cast the spell from it as an action if you know the spell or if the spell is on your class's spell list. Doing so doesn't require any components, and doesn't require attunement. The spell then disappears from the gem.

If the spell is of a higher level than you can normally cast, you must make an ability check using your spellcasting ability to determine whether you cast it successfully. The DC equals 10 + the spell's level. On a failed check, the spell disappears from the gem with no other effect.

A diamond spell gem can store up to 9th level spells. Spells cast from the spell gem have a save DC of 19 and an attack bonus of +11.

You can imbue the gem with a spell if you're attuned to it and it's empty. To do so, you cast the spell while holding the gem. The spell is stored in the gem instead of having any effect. Casting the spell must require either 1 action or 1 minute or longer, and the spell's level must be no higher than the gem's maximum. If the spell belongs to the school of abjuration and requires material components that are consumed, you must provide them, but they can be worth half as much as normal.

Once imbued with a spell, the gem can't be imbued again until the next dawn.

Deep gnomes created these magic gemstones and keep the creation process a secret.","save_dc 19, spell_battery_max_level 9, is_wondrous 1, extra_damage_multiplier 1","https://5e.tools/items.html#spell%20gem%20(diamond)_oota"
"Spell Gem (Ruby)","Out of the Abyss","Wondrous Item","Legendary","Yes","45,000 gp","36,000 gp / 45,000 gp / 54,000 gp","Algorithm","battery-parity","A ruby spell gem can contain one spell from any class's spell list. You become aware of the spell when you learn the gem's properties. While holding the gem, you can cast the spell from it as an action if you know the spell or if the spell is on your class's spell list. Doing so doesn't require any components, and doesn't require attunement. The spell then disappears from the gem.

If the spell is of a higher level than you can normally cast, you must make an ability check using your spellcasting ability to determine whether you cast it successfully. The DC equals 10 + the spell's level. On a failed check, the spell disappears from the gem with no other effect.

A ruby spell gem can store up to 8th level spells. Spells cast from the spell gem have a save DC of 18 and an attack bonus of +10.

You can imbue the gem with a spell if you're attuned to it and it's empty. To do so, you cast the spell while holding the gem. The spell is stored in the gem instead of having any effect. Casting the spell must require either 1 action or 1 minute or longer, and the spell's level must be no higher than the gem's maximum. If the spell belongs to the school of abjuration and requires material components that are consumed, you must provide them, but they can be worth half as much as normal.

Once imbued with a spell, the gem can't be imbued again until the next dawn.

Deep gnomes created these magic gemstones and keep the creation process a secret.","save_dc 18, spell_battery_max_level 8, is_wondrous 1, extra_damage_multiplier 1","https://5e.tools/items.html#spell%20gem%20(ruby)_oota"
"Spell Scroll (Cantrip)","Dungeon Master's Guide (2024)","Scroll","Common","No","29 gp","23 gp / 29 gp / 34 gp","Single source (DSA)","random","A Spell Scroll bears the words of a single spell, written in a mystical cipher. If the spell is on your spell list, you can read the scroll and cast its spell without Material components. Otherwise, the scroll is unintelligible. Casting the spell by reading the scroll requires the spell's normal casting time. Once the spell is cast, the scroll crumbles to dust. If the casting is interrupted, the scroll isn't lost.

If the spell is on your spell list but of a higher level than you can normally cast, you make a DC 10 ability check using your spellcasting ability to determine whether you cast the spell. On a failed check, the spell disappears from the scroll with no other effect.

If the spell requires a saving throw or an attack roll, the spell save DC is 13, and the attack bonus is +5.","save_dc 10, extra_damage_multiplier 1","https://5e.tools/items.html#spell%20scroll%20(cantrip)_xdmg"
"Spell Scroll (Level 1)","Dungeon Master's Guide (2024)","Scroll","Common","No","65 gp","52 gp / 65 gp / 78 gp","Amalgamated (MSRP,DMPG)","random","A Spell Scroll bears the words of a single spell, written in a mystical cipher. If the spell is on your spell list, you can read the scroll and cast its spell without Material components. Otherwise, the scroll is unintelligible. Casting the spell by reading the scroll requires the spell's normal casting time. Once the spell is cast, the scroll crumbles to dust. If the casting is interrupted, the scroll isn't lost.

If the spell is on your spell list but of a higher level than you can normally cast, you make a DC 11 ability check using your spellcasting ability to determine whether you cast the spell. On a failed check, the spell disappears from the scroll with no other effect.

If the spell requires a saving throw or an attack roll, the spell save DC is 13, and the attack bonus is +5.

***Copying a Scroll into a Spellbook.*** A Wizard spell on a Spell Scroll can be copied into a spellbook. When a level 1 spell is copied in this way, the copier must succeed on a DC 11 Intelligence (Arcana). On a successful check, the spell is copied. Whether the check succeeds or fails, the Spell Scroll is destroyed.","save_dc 11, spell_scroll_level 1, extra_damage_multiplier 1","https://5e.tools/items.html#spell%20scroll%20(level%201)_xdmg"
"Spellbook","Player's Handbook","Adventuring Gear","Mundane","No","50 gp","40 gp / 50 gp / 60 gp","Official","floor-tripwire","Essential for wizards, a spellbook is a leather-bound tome with 100 blank vellum pages suitable for recording spells.","extra_damage_multiplier 1","https://5e.tools/items.html#spellbook_phb"
"Spellwrought Tattoo (Cantrip)","Tasha's Cauldron of Everything","Wondrous Item","Common","No","117 gp","93 gp / 117 gp / 140 gp","Single source (DSA)","random","Produced by a special needle, this magic tattoo contains a single cantrip, wrought on your skin by a magic needle. To use the tattoo, you must hold the needle against your skin and speak the command word. The needle turns into ink that becomes the tattoo, which appears on the skin in whatever design you like. Once the tattoo is there, you can cast its spell, requiring no material components. The tattoo glows faintly while you cast the spell and for the spell's duration. Once the spell ends, the tattoo vanishes from your skin.

The Ability modifier for this spell is +3; the Save DC is 13 and the attack bonus is +5.","is_tattoo 1, is_wondrous 1, extra_damage_multiplier 1","https://5e.tools/items.html#spellwrought%20tattoo%20(cantrip)_tce"
"Splint Armor","Player's Handbook (2024)","Heavy Armor","Mundane","No","200 gp","160 gp / 200 gp / 240 gp","Official","floor-tripwire","The wearer has disadvantage on Dexterity (Stealth) checks.

If the wearer has a Strength score lower than 15, their speed is reduced by 10 feet.","armor_ac 17, armor_strength_req 15, strength_req 15, stealth_penalty 1, extra_damage_multiplier 1","https://5e.tools/items.html#splint%20armor_xphb"
"Spyglass","Player's Handbook (2024)","Adventuring Gear","Mundane","No","1,000 gp","800 gp / 1,000 gp / 1,200 gp","Official","floor-tripwire","Objects viewed through a Spyglass are magnified to twice their size.","extra_damage_multiplier 1","https://5e.tools/items.html#spyglass_xphb"
"Staff of the Dream Shepherd","The Griffon's Saddlebag: Book Two","Wondrous Item","Uncommon","Yes","5,994 gp","4,795 gp / 5,994 gp / 7,193 gp","Algorithm","ml-variance","This staff's cushioned handle is lined with soft wool and decorated with star and moon patches. While the staff is within 5 feet of you, you can use an action to immediately fall asleep, but otherwise can't be put to sleep by magical means. While attuned to the staff, you regain 1 extra Hit Die whenever you finish a long rest. In addition, while holding the staff, you can use an action to summon a flock of spectral sheep. The sheep run in a line 20 feet long and 10 feet wide originating from you before disappearing. Each creature of your choice in the area must make a Wisdom saving throw against your spell save DC, taking 2d6 psychic damage on a failed save, or half as much damage on a successful one. If a creature fails the saving throw and has 20 hit points or fewer after taking this damage, it also falls asleep. Undead and creatures immune to being charmed can't be put to sleep in this way. A sleeping creature is unconscious and stays asleep for 1 minute, until it takes damage, or until someone uses an action to shake or slap the creature awake. Once this property of the staff has been used, it can't be used again until the next dawn.","extra_damage_multiplier 1","https://5e.tools/items.html#staff%20of%20the%20dream%20shepherd_griffonssaddlebag2"
"Star Map of Creation","Where Evil Lives: The MCDM Book of Boss Battles","Adventuring Gear","Unknown Magic","No","289 gp","231 gp / 289 gp / 346 gp","Algorithm","random","This scroll displays what the night sky looked like at the creation of the Mundane World. If you have proficiency with the Arcana or Nature skill, you can spend 1 minute holding and studying the map and search it for an omen about the results of a specific course of action that you plan to take within the next 30 minutes. The GM chooses from the following possible outcomes: The omen doesn't take into account any possible circumstances that might change the outcome, such as the loss or gain of equipment or a companion. If the map is used two or more times in 24 hours, there is a cumulative 25 chance for each reading after the first that you get a random reading. The GM makes this roll in secret.","extra_damage_multiplier 1","https://5e.tools/items.html#star%20map%20of%20creation_whereevillives"
"Star rose quartz","Dungeon Master's Guide (2024)","$G","Mundane","No","50 gp","40 gp / 50 gp / 60 gp","Official","floor-tripwire","A rosy stone with white star-shaped center gemstone.","extra_damage_multiplier 1","https://5e.tools/items.html#star%20rose%20quartz_xdmg"
"Star Ruby","Dungeon Master's Guide (2024)","$G","Mundane","No","1,000 gp","800 gp / 1,000 gp / 1,200 gp","Official","floor-tripwire","A ruby with white star-shaped center gemstone.","extra_damage_multiplier 1","https://5e.tools/items.html#star%20ruby_xdmg"
"Star Sapphire","Dungeon Master's Guide (2024)","$G","Mundane","No","1,000 gp","800 gp / 1,000 gp / 1,200 gp","Official","floor-tripwire","A blue sapphire with white star-shaped center gemstone.","extra_damage_multiplier 1","https://5e.tools/items.html#star%20sapphire_xdmg"
"Sunbaked Cassette","Obojima: Tales from the Tall Grass","Wondrous Item","Uncommon","Yes","2,170 gp","1,736 gp / 2,170 gp / 2,605 gp","Algorithm","ml-variance","This sun-damaged cassette is beginning to lose hold of the magic stored inside it. As a bonus action, you can hold the cassette out in front of you in an attempt to draw out its power. Roll a d4; on a roll of 3 or lower, you regain an expended spell slot of a level equal to the number rolled (if you don't have any expended spell slots of that level, you instead regain a spell slot of the next-highest level that you have expended). On a roll of 4, you teleport 30 feet in a random direction. Once you regain a spell slot in this way you can't do so again until the next dawn.","is_wondrous 1, extra_damage_multiplier 1, teleportation 1","https://5e.tools/items.html#sunbaked%20cassette_obojimatallgrass"
"Sunbeam Compass","Tal'Dorei Campaign Setting Reborn","Other","Unknown Magic","No","289 gp","231 gp / 289 gp / 346 gp","Algorithm","random","A device that always directs the user to the sun by emitting a small light at the tip of the needle in a glass orb, allowing it to rotate in all directions—a very useful tool when exploring subterranean territory. Created by Karaline von Ethro.","is_wondrous 1, extra_damage_multiplier 1","https://5e.tools/items.html#sunbeam%20compass_taldoreicampaignsettingreborn"
"Sunfeather Shroud (uncommon)","Heliana's Guide to Monster Hunting","Wondrous Item","Uncommon","Yes","2,552 gp","2,041 gp / 2,552 gp / 3,062 gp","Algorithm","ml-variance","The feathers of a suneater owlbear possess a brilliant dichromatic effect causing it to sparkle in the sunlight, conferring the ability to dance between patches of sunlight. Particularly well-crafted specimens can augment the magic of the featherfronds, allowing them to generate blinding flashes of light. When you are in bright light, you can use a bonus action to teleport up to 60 feet to an unoccupied space you can see that is also in bright light. When you do so, roll a d6. On a 1, you can't use the Sunstep property again until the next dawn.","is_wondrous 1, extra_damage_multiplier 1, teleportation 1","https://5e.tools/items.html#sunfeather%20shroud%20(uncommon)_helianasguidetomonsterhunting"
"Surgeon's Tools","Heliana's Guide to Monster Hunting","Tool","Mundane","No","50 gp","40 gp / 50 gp / 60 gp","Official","floor-tripwire","This set of instruments includes the blades, saws, and sutures needed to remove shrapnel or stitch up wounds. Proficiency with these tools lets you add your proficiency bonus to any checks you make to stabilise a creature or perform other surgery.","extra_damage_multiplier 1","https://5e.tools/items.html#surgeon's%20tools_helianasguidetomonsterhunting"
"Suude (Brown)","Tal'Dorei Campaign Setting Reborn","IDG","Unknown Magic","No","6,851 gp","5,481 gp / 6,851 gp / 8,221 gp","Algorithm","random","Exandria's most infamous drug, suude is a glittering powder made from residuum. It was first developed by power-hungry archmages in the Age of Arcanum as an incense burned to enhance focus during ritual spellcasting. The secret to its refinement has been lost and rediscovered a variety of times since the Calamity, and many different types of suude have been developed by arcanists in search of ever-greater power. It has terrible addictive and mentally degenerative properties, even when used sparingly. After burning suude within a vessel and inhaling its fumes as an action, you take 22 (4d10) psychic damage and must make a 10 Constitution saving throws. On a failure, you become poisoned for 1 hour and fall unconscious for 1 minute, or until you are shaken awake as an action. During this time, the world seems to move in slow motion, and your vision is twisted in kaleidoscopic colors—yet your focus is never distorted. If one dose of suude, or more, is used within 1 hour of another, the DC of the Constitution saving throws is increased by 5 per additional dose. If you fail this save by 10 or more, you instantly drop to 0 hit points. On a success, you gain the ability to use one of the following Metamagic options as a sorcerer for the next minute, requiring no sorcery points. The type of Metamagic you gain access to depends on the type of suude, and once you use it, you can't use it again until you inhale suude again. Brown suude allows you to use the Extended Spell Metamagic option.","extra_damage_multiplier 1","https://5e.tools/items.html#suude%20(brown)_taldoreicampaignsettingreborn"
"Suude (Red)","Tal'Dorei Campaign Setting Reborn","IDG","Unknown Magic","No","6,851 gp","5,481 gp / 6,851 gp / 8,221 gp","Algorithm","random","Exandria's most infamous drug, suude is a glittering powder made from residuum. It was first developed by power-hungry archmages in the Age of Arcanum as an incense burned to enhance focus during ritual spellcasting. The secret to its refinement has been lost and rediscovered a variety of times since the Calamity, and many different types of suude have been developed by arcanists in search of ever-greater power. It has terrible addictive and mentally degenerative properties, even when used sparingly. After burning suude within a vessel and inhaling its fumes as an action, you take 22 (4d10) psychic damage and must make a 10 Constitution saving throws. On a failure, you become poisoned for 1 hour and fall unconscious for 1 minute, or until you are shaken awake as an action. During this time, the world seems to move in slow motion, and your vision is twisted in kaleidoscopic colors—yet your focus is never distorted. If one dose of suude, or more, is used within 1 hour of another, the DC of the Constitution saving throws is increased by 5 per additional dose. If you fail this save by 10 or more, you instantly drop to 0 hit points. On a success, you gain the ability to use one of the following Metamagic options as a sorcerer for the next minute, requiring no sorcery points. The type of Metamagic you gain access to depends on the type of suude, and once you use it, you can't use it again until you inhale suude again. Red suude allows you to use the Distant Spell Metamagic option.","extra_damage_multiplier 1","https://5e.tools/items.html#suude%20(red)_taldoreicampaignsettingreborn"
"Sword of Kas","Dungeon Master's Guide (2024)","Melee Weapon","Artifact","Yes","970,000 gp","776,000 gp / 970,000 gp / 1,164,000 gp","Algorithm","family-min","Kas was a powerful warrior who served *Vecna* and whose loyalty was rewarded with this sword. As Kas's power grew, so did his hubris. The sword urged Kas to destroy Vecna and usurp his throne. Legend says Vecna's destruction came at Kas's hand, but Vecna also wrought his rebellious lieutenant's doom, leaving only Kas's sword behind.

***Bloodthirst.*** The sword thirsts for blood. If the sword doesn't taste blood on its blade within 1 minute of being drawn from its scabbard, its wielder makes a DC 15 Charisma saving throw. On a successful save, the wielder takes 3d6 Psychic damage. On a failed save, the wielder is dominated by the sword, as if by the *Dominate Monster* spell, and the sword demands blood. The spell effect ends when the sword's demand is met.

***Magic Weapon.*** You gain a +3 bonus to attack rolls and damage rolls made with the sword, which scores a Critical Hit on a roll of 19 or 20 on the d20 and deals an extra 2d10 Slashing damage to Undead.

***Random Properties.*** The sword has the following random properties:

- 1 minor beneficial property
- 1 major beneficial property
- 1 minor detrimental property
- 1 major detrimental property

***Spells.*** While the sword is on your person, you can cast the following spells (save DC 18) from it:

- *Call Lightning*
- *Divine Word*
- *Finger of Death*

Once you use the sword to cast a spell, you can't cast that spell again from it until the next dawn.

***Spirit of Kas.*** While the sword is on your person, you gain the following benefits:

- **Battle Hunger.** You add 1d10 to your Initiative rolls.
- **Blade of Defense.** When you take an action to attack with the sword, you can transfer some or all of its attack bonus to your Armor Class instead. The adjusted bonuses remain in effect until the start of your next turn.
- **Necrotic Resistance.** You have Resistance to Necrotic damage.

***Sentience.*** The Sword of Kas is a sentient Chaotic Evil weapon with an Intelligence of 15, a Wisdom of 13, and a Charisma of 16. It has hearing and Darkvision out to 120 feet.

The weapon communicates telepathically with its wielder and speaks Common.

***Personality.*** The sword's purpose is to bring ruin to Vecna. Killing Vecna's worshipers, destroying the lich's works, and foiling his machinations all help to fulfill this goal.

The Sword of Kas also seeks to destroy anyone corrupted by the *Eye and Hand of Vecna*.

***Destroying the Sword.*** A creature attuned to both the *Eye of Vecna* and the *Hand of Vecna* can use the *Wish* property of those combined Artifacts to unmake the Sword of Kas, provided the sword is within 30 feet of the spell's caster. Upon casting Wish, the creature makes a DC 18 Charisma saving throw. On a failed save, nothing happens, and the *Wish* spell is wasted. On a successful save, the Sword of Kas is destroyed.

***Versatile.*** A Versatile weapon can be used with one or two hands. A damage value in parentheses appears with the property. The weapon deals that damage when used with two hands to make a melee attack.

***Mastery: Sap.*** If you hit a creature with this weapon, that creature has Disadvantage on its next attack roll before the start of your next turn.","darkvision_feet 120, crit_threshold 19, save_dc 18, extra_damage_avg 11, extra_damage_priced_avg 11, weapon_bonus 3","https://5e.tools/items.html#sword%20of%20kas_xdmg"
"Sword of Zariel","Baldur's Gate: Descent Into Avernus","Melee Weapon","Artifact","Yes","462,500 gp","370,000 gp / 462,500 gp / 555,000 gp","Algorithm","random","This longsword belonged to the angel Zariel before her fall from grace. Fashioned from celestial steel, it gives off a faint glow and hum. The weapon chooses who can attune to it and who can't. It desires a wielder who embodies bravery and heroism.

***Attunement.*** The sword allows you to attune to it immediately, without having to take a short rest. The first time you attune to the sword, you are transformed into a heavenly, idealized version of yourself, blessed with otherworldly beauty and a touch of heaven in your heart. Neither magic nor divine intervention can reverse this transformation. Your alignment becomes lawful good, and you gain the following traits:

- **Angelic Language.** You can speak, read, and write Celestial.
- **Celestial Resistance.** You have resistance to necrotic and radiant damage.
- **Divine Presence.** Your Charisma score becomes 20, unless it is already 20 or higher.
- **Feathered Wings.** You sprout a beautiful pair of feathered wings that grant you a flying speed of 90 feet and the ability to hover. If you already have a different kind of wings, these new wings replace the old ones, which fall off.
- **Truesight.** Your eyes become luminous pools of silver. You can see in normal and magical darkness, see invisible creatures and objects, automatically detect visual illusions and succeed on saving throws against them, perceive the original form of a shapechanger or a creature that is transformed by magic, and see into the Ethereal Plane, all within a range of 60 feet.
- **New Personality.** You gain new personality traits, determined by rolling once on each of the following tables. These traits override any conflicting personality trait, ideal, bond, or flaw.

##### Personality Traits
|  d8 | Personality Trait                                                       |
|: :| -|
|  1  | I treat all beings, even enemies, with respect.                         |
|  2  | I won't tell a lie.                                                     |
|  3  | I enjoy sharing my philosophical worldview and experiences with others. |
|  4  | I cut right to the chase in every conversation.                         |
|  5  | I often quote (or misquote) religious texts.                            |
|  6  | I anger quickly when I witness cruelty or injustice.                    |
|  7  | My praise and trust are earned and never given freely.                  |
|  8  | I like everything clean and organized.                                  |

##### Ideals
|  d6 | Ideal                                                                                          |
|: :| |
|  1  | Charity. I always help those in need. (Good)                                                   |
|  2  | Faith. I choose to follow the tenets of a particular lawful good deity to the letter. (Lawful) |
|  3  | Responsibility. It is the duty of the strong to protect the weak. (Lawful)                     |
|  4  | Respect. All people deserve to be treated with dignity. (Good)                                 |
|  5  | Honor. The way I conduct myself determines my reward in the afterlife. (Lawful)                |
|  6  | Redemption. All creatures are capable of change for the better. (Good)                         |

##### Bonds
|  d6 | Bond                                                                                                                                |
|: :| -|
|  1  | I have a favorite religious hymn that I constantly hum.                                                                             |
|  2  | I must keep a written record of my beliefs and the sins that I witness. When finished, this book will be my gift to the multiverse. |
|  3  | I have cherished memories of Idyllglen, though I've only seen this bucolic town in dreams.                                          |
|  4  | I would die for those who fight beside me, regardless of their faults.                                                              |
|  5  | I seek to honor the angel Zariel by destroying fiends and other evildoers wherever I find them.                                     |
|  6  | The Sword of Zariel has chosen me. I shall not fail to wield it justly.                                                             |

##### Flaws
|  d6 | Flaw                                                                                     |
|: :| |
|  1  | I am too quick to judge others.                                                          |
|  2  | I offer forgiveness too readily.                                                         |
|  3  | I will sacrifice innocent lives for the greater good.                                    |
|  4  | Flaw? What flaw? I am flawless. Utter perfection!                                        |
|  5  | I allow nothing to stand in the way of my crusade to eradicate evil from the multiverse. |
|  6  | I ignore those who do not support my plans, for my calling is higher than all others.    |

***Holy Light.*** The sword sheds bright light in a 5-foot radius and dim light for an additional 5 feet. Fiends find the sword's light disconcerting and painful, even if they can't see it, and have disadvantage on attack rolls made within the weapon's radius of bright light.

As a bonus action, you can intensify the sword's light, causing it to shed bright light in a 15-foot radius and dim light for an additional 15 feet, or reduce its glow to its normal intensity.

***Random Properties.*** The sword has 2 minor beneficial properties.

***Searing Radiance.*** The sword deals an extra 9 (2d8) radiant damage to any creature it hits, or 16 (3d10) radiant damage if you're wielding the weapon with two hands. An evil creature that takes this radiant damage must succeed on a DC 17 Constitution saving throw or be blinded until the end of its next turn.

***Sentience.*** The Sword of Zariel is a sentient, lawful good item with an Intelligence of 10, a Wisdom of 20, and a Charisma of 18. It has hearing and normal vision out to a range of 30 feet.

The sword communicates by transmitting emotion to the creature carrying or wielding it.

***Truth Seer.*** While holding the sword, you gain advantage on all Wisdom (Insight) checks.

***Destroying the Sword.*** Zariel can destroy the sword simply by grasping it. She couldn't bring herself to do so when she was an angel, but as an archdevil she has no compunction about ridding the multiverse of the weapon. The sword is also destroyed if it's used to shatter the Companion (see ""*Shattering the Companion*""), unless the blade is wielded by an angel of challenge rating 15 or higher, or a good-aligned cleric or paladin of at least 10th level.

If Zariel is killed for good (that is, if she dies in the Nine Hells), the sword becomes no harder to destroy than a normal longsword.

***Versatile.*** This weapon can be used with one or two hands. A damage value in parentheses appears with the property—the damage when the weapon is used with two hands to make a melee attack.","save_dc 17, minor_beneficial 2, grants_language 1, is_sentient 1, extra_damage_multiplier 1, flight_limited 1","https://5e.tools/items.html#sword%20of%20zariel_bgdia"
"Talons of the Squall","Humblewood Tales","Wondrous Item","Uncommon","Yes","4,247 gp","3,398 gp / 4,247 gp / 5,097 gp","Algorithm","ml-variance","Awarded to those who pass the test of endurance administered by priests of Altus, these leg-bracers seem to crackle with faint energy. While you wear them, you gain the following benefits:","is_wondrous 1, extra_damage_multiplier 1, flight_full 1, save_advantage_broad 1","https://5e.tools/items.html#talons%20of%20the%20squall_humblewoodtales"
"Tectonic Gauntlets","The Griffon's Saddlebag: Book One","Wondrous Item","Artifact","Yes","250,000 gp","200,000 gp / 250,000 gp / 300,000 gp","Algorithm","random","This magical set of stone gauntlets imbues your fists with the power of the Elemental Plane of Earth. While wearing the gauntlets, your Unarmed Strike with your fists deal 1d8 Bludgeoning damage instead of the usual Bludgeoning damage (unless it's already higher), and they deal double damage to objects and structures. In addition, these gauntlets have 15 charges and regain 1d10 + 5 expended charges daily at dawn. When you make an Unarmed Strike using your fists, you can expend up to 5 charges to extend your fist's reach by 5 feet for each expended charge. When you hit a target with an Unarmed Strike, you can expend up to 3 charges to deal an extra 1d8 Bludgeoning damage for each charge spent. If you spend any charges in this way, the target must also succeed on a DC 18 Strength saving throw or be pushed 5 feet away from you. You can expend 1 or more charges to cast one of the following spells (save DC 18) from them: Earthquake (8 charges), Move Earth (6 charges), Shatter (2 charges), Spike Growth (2 charges, with stone projections), or Wall of Stone (5 charges). As a Magic action, you can cause rocks to envelop and protect your body. For 1 hour, you have Resistance to Bludgeoning, Piercing, and Slashing damage, your Speed is halved, and you have Disadvantage on Dexterity checks and Dexterity saving throws. You can end this property early as a Bonus Action. While enveloped in this way, you can burrow through nonmagical, unworked earth and stone using a Burrow Speed of 30 feet. While doing so, you don't disturb the material you move through. If you end this property while burrowed in this way, you're shunted to the nearest unoccupied space and take 1d10 Force damage. Once this property is used, it can't be used again until you finish a Short Rest or Long Rest. These gauntlets are cursed. Your mind and body become sluggish once you attune to the gauntlets. The gauntlets become one with your flesh and prevent you from removing them. Your Speed is reduced by 5 feet, and your Intelligence score is reduced by 4 (to a minimum of 7) while cursed. The curse remains even if the attunement ends but can be undone by any effect that removes a curse such as a Greater Restoration or Remove Curse spell, allowing you to remove the gauntlets and end the curse on you. The gauntlets have the following random properties: The gauntlets can only be destroyed in the depths of the crystalline mines of Durhun on the Elemental Plane of Earth where they were first created.","save_dc 18, extra_damage_avg 4.5, extra_damage_priced_avg 4.5, is_cursed 1, is_wondrous 1, extra_damage_multiplier 1","https://5e.tools/items.html#tectonic%20gauntlets_24griffonssaddlebag1"
"The Bloody End (Awakened)","Explorer's Guide to Wildemount","Melee Weapon","Artifact","Yes","340,000 gp","272,000 gp / 340,000 gp / 408,000 gp","Algorithm","random","Carrying the power of Bane, this adamantine morningstar sports foot-long spikes and has a jagged blade on its pommel.

***Sentience.*** The Bloody End is a sentient lawful evil weapon with an Intelligence of 22, a Wisdom of 18, and a Charisma of 24. It has hearing and darkvision out to a range of 120 feet.

The weapon communicates telepathically with its wielder and can speak, read, and understand Common and Infernal.

***Personality.*** A tyrannical **pit fiend** named Izeelzee lives within The Bloody End. The weapon boisterously pushes its wielder to subjugate others and to never back down from a challenge. If the wielder doesn't demand fealty from others, the weapon is happy to demand it on their behalf.

***Dormant.*** The morningstar grants the following benefits in its dormant state:

- You can speak, read, and write Infernal.
- You gain a +1 bonus to attack and damage rolls made with this magic weapon.
- While holding the morningstar, you can use an action to cast one of the following spells from it (save DC 13): *charm person*, *dominate person*, or *fear*. Once a spell has been cast using the morningstar, that spell can't be cast from it again until the next dawn.
- While holding the morningstar, you have advantage on Charisma (Intimidation) checks.

> ##### Betrayer Artifact Properties
>
>The Arms of the Betrayers advance in power in the same manner as the Vestiges of Divergence. In its dormant state, each of these artifacts has one minor beneficial property and one minor detrimental property. When the artifact attains an awakened state, it gains an additional minor beneficial property and an additional minor detrimental property. When the item reaches its exalted state, it gains a major beneficial property. See ""Artifact Properties"" in chapter 7 of the Dungeon Master's Guide for more information.
>

***Awakened.*** When the morningstar reaches an awakened state, it gains the following properties:

- The weapon's bonus to attack and damage rolls increases to +2.
- The saving throw DC for spells cast from the morningstar increases to 15.
- When you reduce a creature to 0 hit points with an attack using The Bloody End, you can cause the following effect: each creature of your choice within 15 feet of you must succeed on a DC 15 Wisdom saving throw or be frightened of you until the end of your next turn. This property can't be used again until the next dawn.
- When a creature hits you with a melee attack, you can use your reaction to deal 1d6 psychic damage to the attacker.

***Vestige of Divergence.*** *This item is a Vestige of Divergence, see *Vestiges of Divergence* for more information.*","darkvision_feet 120, save_dc 15, weapon_bonus 2, grants_language 1, is_sentient 1, extra_damage_multiplier 1","https://5e.tools/items.html#the%20bloody%20end%20(awakened)_egw"
"The Bloody End (Exalted)","Explorer's Guide to Wildemount","Melee Weapon","Artifact","Yes","452,000 gp","361,600 gp / 452,000 gp / 542,400 gp","Algorithm","family-min","Carrying the power of Bane, this adamantine morningstar sports foot-long spikes and has a jagged blade on its pommel.

***Sentience.*** The Bloody End is a sentient lawful evil weapon with an Intelligence of 22, a Wisdom of 18, and a Charisma of 24. It has hearing and darkvision out to a range of 120 feet.

The weapon communicates telepathically with its wielder and can speak, read, and understand Common and Infernal.

***Personality.*** A tyrannical **pit fiend** named Izeelzee lives within The Bloody End. The weapon boisterously pushes its wielder to subjugate others and to never back down from a challenge. If the wielder doesn't demand fealty from others, the weapon is happy to demand it on their behalf.

***Dormant.*** The morningstar grants the following benefits in its dormant state:

- You can speak, read, and write Infernal.
- You gain a +1 bonus to attack and damage rolls made with this magic weapon.
- While holding the morningstar, you can use an action to cast one of the following spells from it (save DC 13): *charm person*, *dominate person*, or *fear*. Once a spell has been cast using the morningstar, that spell can't be cast from it again until the next dawn.
- While holding the morningstar, you have advantage on Charisma (Intimidation) checks.

> ##### Betrayer Artifact Properties
>
>The Arms of the Betrayers advance in power in the same manner as the Vestiges of Divergence. In its dormant state, each of these artifacts has one minor beneficial property and one minor detrimental property. When the artifact attains an awakened state, it gains an additional minor beneficial property and an additional minor detrimental property. When the item reaches its exalted state, it gains a major beneficial property. See ""Artifact Properties"" in chapter 7 of the Dungeon Master's Guide for more information.
>

***Awakened.*** When the morningstar reaches an awakened state, it gains the following properties:

- The weapon's bonus to attack and damage rolls increases to +2.
- The saving throw DC for spells cast from the morningstar increases to 15.
- When you reduce a creature to 0 hit points with an attack using The Bloody End, you can cause the following effect: each creature of your choice within 15 feet of you must succeed on a DC 15 Wisdom saving throw or be frightened of you until the end of your next turn. This property can't be used again until the next dawn.
- When a creature hits you with a melee attack, you can use your reaction to deal 1d6 psychic damage to the attacker.

***Exalted.*** When the morningstar reaches an exalted state, it gains the following properties:

- The weapon's bonus to attack and damage rolls increases to +3.
- Add *dominate monster* to the list of spells that can be cast from the morningstar.
- The saving throw DC for spells cast from the morningstar, as well as for creatures to avoid being frightened by it, increases to 17.
- When you use your reaction to deal psychic damage to a creature that hits you with a melee attack, the amount of psychic damage increases to 2d6.

***Vestige of Divergence.*** *This item is a Vestige of Divergence, see *Vestiges of Divergence* for more information.*","darkvision_feet 120, save_dc 15, weapon_bonus 3, grants_language 1, is_sentient 1, extra_damage_multiplier 1","https://5e.tools/items.html#the%20bloody%20end%20(exalted)_egw"
"The Codicil of White","Icewind Dale: Rime of the Frostmaiden","Wondrous Item","Unknown Magic","No","289 gp","231 gp / 289 gp / 346 gp","Algorithm","random","The Codicil of White is a tall, thin volume bound in white ermine fur over seasoned boards of white pine and sealed with a clasp and lock of tarnished silver. The book is cold to the touch, and the fur is worn about the edges from use. The twenty-seven pages within are of vellum painted with silver gilt on the outer edges. The whole is sewn to a leather binding with strips of sinews, making it quite durable.

A creature with the codicil in its possession has resistance to cold damage.

The codicil was written by followers of Auril as a primer on her worship. The first page is a title page with the snowflake symbol of Auril on it. The remaining pages describe various priestly rituals and ceremonies in chilling detail. Nestled among these descriptions is a spell that wizards can learn (*frost fingers*), and a poem called ""Rime of the Frostmaiden"" (see appendix E). The poem is an incantation, the power of which can be used to split a glacier (see chapter 6). The poem might have other capabilities, at your discretion","is_wondrous 1, extra_damage_multiplier 1","https://5e.tools/items.html#the%20codicil%20of%20white_idrotf"
"The Thorn of Kren","Humblewood Tales","Wondrous Item","Artifact","Yes","50,000 gp","40,000 gp / 50,000 gp / 60,000 gp","Algorithm","floor-tripwire","A pitch black thorn that thrums with eldritch power. When you touch the thorn, you must succeed on a 18 Wisdom saving throw or become automatically attuned to the thorn. If becoming attuned to this item causes you to go over your maximum number of attuned items, the GM chooses one of your currently attuned items to instantly unattune in order to make room for the thorn. Handling the thorn with gloves or wrapping it up in a blanket or cloth protects against this effect. While attuned to this item, your senses become heightened and your body becomes more suited for hunting and killing. You have advantage on all Wisdom (Perception) and Wisdom (Survival) checks. Your teeth sharpen and become vicious, granting you a bite attack. Your bite is a natural weapon you can use to make unarmed strikes against creatures within 5 feet of you. On a hit, your bite deals 1d8 piercing damage, and you can use your Strength or Dexterity modifier for its attack and damage rolls. You can use your bonus action on each of your turns to make a bite attack. You gain a +2 bonus to attack and damage rolls you make with unarmed strikes and natural melee weapons while attuned to the thorn. This bonus does not stack with bonuses provided by other magic items. This item has been cursed by the Amaranthine Kren and turns otherwise docile creatures into violent predators. Attuning to this item extends this curse to you. As long as you are cursed, you are driven by an insatiable hunger. You gain the following flaw: ""My hunger is never satiated. I must feast on the flesh of beasts at every opportunity."" For each hour you go without eating fresh meat from a beast, you must succeed on a 13 Wisdom saving throw or fall into an overpowering bloodlust. While in this frenzy, you have disadvantage on all ability checks that don't relate to the hunt for fresh meat. In combat with a beast, you have advantage on all attacks, but all attacks made against you also have advantage. Every hour that you stave off the frenzy adds +1 to the save DC to resist it. After you give in to the frenzy and feed, the DC resets back down to 13. The destruction of the thorn requires a complex ritual to which only ancient orders like the Tenders have access. This strenuous ritual involves placing the thorn at the heart of an Evertree and allowing the tree's natural magics to purify the artifact. Beyond the ritual, only the magic of a wish spell can destroy the thorn of Kren.","weapon_bonus 2, unarmed_strike_bonus 2, is_cursed 1, is_wondrous 1, extra_damage_multiplier 1","https://5e.tools/items.html#the%20thorn%20of%20kren_humblewoodtales"
"Theki Root","Explorer's Guide to Wildemount","Adventuring Gear","Mundane","No","3.0 gp","2.4 gp / 3.0 gp / 3.6 gp","Official","random","This thick marsh root tastes bitter but is thought to aid digestive health. When you use an action to consume a dose, you gain advantage on saving throws against the effects of poisonous or toxic substances for 8 hours.","extra_damage_multiplier 1","https://5e.tools/items.html#theki%20root_egw"
"Thermal Cube","Icewind Dale: Rime of the Frostmaiden","Wondrous Item","Common","No","97 gp","77 gp / 97 gp / 116 gp","Single source (DMPG)","random","This 3-inch cube of solid brimstone generates enough dry heat to keep the temperature within 15 feet of it at 95 degrees Fahrenheit (35 degrees Celsius).","is_wondrous 1, extra_damage_multiplier 1","https://5e.tools/items.html#thermal%20cube_idrotf"
"Throwing Scarab","Exploring Eberron (2024)","Wondrous Item","Uncommon","Yes","909 gp","727 gp / 909 gp / 1,091 gp","Algorithm","random","Bred by the daelkyr Valaara, this bizarre symbiont burrows into the palm of its host, secreting razor-sharp chitin blades that can also be used as throwing weapons. When you attune to the scarab, it fuses with one of your hands, visible only as an iridescent, chitinous growth on your palm.

For every attack you make as part of the Attack action on your turn, you can extrude a shard of razor-sharp chitin from the symbiont into your empty hand, using it for the attack. The shard counts as a magical Simple Melee weapon with which you are proficient. It has the Finesse, Light, and Thrown properties with a normal range of 20 feet and a long range of 60 feet. On a hit, it deals 1d4 Piercing damage and 1d4 Acid damage. The shard dissolves as soon as it hits or misses its target.

***Symbiotic Nature.*** Once you attune to this symbiote, you can't remove it unless you are targeted by a *Remove Curse* spell or similar magic.","is_wondrous 1, extra_damage_multiplier 1","https://5e.tools/items.html#throwing%20scarab_exploringeberron24"
"Thunderous Flail","The Griffon's Saddlebag: Book One","Melee Weapon","Rare","Yes","7,466 gp","5,973 gp / 7,466 gp / 8,960 gp","Algorithm","random","This Flail has 3 charges and regains 1d3 expended charges daily at dawn. As long as the Flail has at least 1 charge, you deal an extra 1d6 Lightning damage to the first target you hit with it on each of your turns. While holding the weapon, you can expend 1 charge to cast the Thunderwave spell (save DC 15) from the ball of the Flail. Alternatively, if you make a melee attack using the Flail, you can immediately expend 1 charge to cast Thunderwave as a Bonus Action in the direction of the attack's target. The ball of the Flail is attached to its chain with a powerful magnetic connection that can be released at will. The Flail can be used to make special ranged attacks by releasing the ball mid-swing. You're proficient with these attacks, which have a normal range of 20 feet and a long range of 60 feet, use your Strength modifier for their attack rolls and damage rolls, and deal 1d8 Bludgeoning damage on a hit. While the ball is within 60 feet of you, you can magically pull it up to 20 feet toward you as a Bonus Action. It bounces harmlessly off of creatures and other objects in its path. The ball magically reattaches itself to the chain when it enters your space. While the ball is detached, you can still use the Flail to cast Thunderwave. When you do, the spell originates from the ball, affecting creatures in a 10-foot-radius Sphere [Area of Effect] centered on the ball instead of the spell having its normal area of effect.","save_dc 15, extra_damage_avg 3.5, extra_damage_priced_avg 3.5, extra_damage_multiplier 1","https://5e.tools/items.html#thunderous%20flail_24griffonssaddlebag1"
"Tinker's Tools","Player's Handbook (2024)","Artisan's Tools","Mundane","No","50 gp","40 gp / 50 gp / 60 gp","Official","floor-tripwire","- **Ability:** Dexterity
- **Utilize:** Assemble a Tiny item composed of scrap, which falls apart in 1 minute (DC 20)
- **Craft:** *Musket*, *Pistol*, *Bell*, *Bullseye Lantern*, *Flask*, *Hooded Lantern*, *Hunting Trap*, *Lock*, *Manacles*, *Mirror*, *Shovel*, *Signal Whistle*, *Tinderbox*

Artisan's Tools are each focused on crafting items and pursuing a trade. Each type of Artisan's Tools tools requires a separate proficiency.

If you have proficiency with a tool, add your Proficiency Bonus to any ability check you make that uses the tool. If you have proficiency in a skill that's used with that check, you have Advantage on the check too.","save_dc 20, extra_damage_multiplier 1","https://5e.tools/items.html#tinker's%20tools_xphb"
"Tormach's Blessed Double Blade","Grim Hollow: Campaign Guide (2024/Transformed)","Melee Weapon","Common","No","97 gp","78 gp / 97 gp / 117 gp","Algorithm","random","—","extra_damage_multiplier 1","https://5e.tools/items.html#tormach's%20blessed%20double%20blade_grimhollowcg24"
"Tormach's Blessed Steel Jaws","Grim Hollow: Campaign Guide (2024/Transformed)","Melee Weapon","Common","No","102 gp","82 gp / 102 gp / 123 gp","Algorithm","random","Because they have no hands, worgs cannot wield weapons in the same way that most player characters can. However, worgs can wield a specially designed Martial Melee weapon called ""Steel Jaws."" Only Worg can wield Steel Jaws, fitting as they do over a Worg's teeth. A Worg cannot use its Bite trait while it is wielding Steel Jaws.","extra_damage_multiplier 1","https://5e.tools/items.html#tormach's%20blessed%20steel%20jaws_grimhollowcg24"
"Tower Shield","Grim Hollow: Player's Guide (2024)","AdvEq","Mundane","No","200 gp","160 gp / 200 gp / 240 gp","Official","floor-tripwire","This large shield provides more protection than a typical shield. While wielding a Tower Shield, you gain +3 to Armor Class. If you use an action to set the Tower Shield, you have Cover until the start of your next turn. Additionally, your Speed becomes 0 and cannot be increased during that time. To wield a Tower Shield, you must have a Strength of at least 15 and your Speed is reduced by 10 feet while wielding the shield.","armor_strength_req 15, strength_req 15, ac_bonus 3, extra_damage_multiplier 1","https://5e.tools/items.html#tower%20shield_grimhollowpg24"
"Travel Alchemical Kit","Acquisitions Incorporated","Wondrous Item","Uncommon","No","656 gp","525 gp / 656 gp / 788 gp","Single source (MSRP)","random","Also at rank 3, Head Office provides you with a travel alchemical kit—an uncommon magic item containing miniaturized versions of both *alchemist's supplies* and a *poisoner's kit* (glass vials, a mortar and pestle, chemicals, and a glass stirring rod). You gain proficiency with a *poisoner's kit* as part of this upgrade.

You can use this magical kit as long as it is on your person, with no need to draw or stow it. If you are ever searched, finding your travel alchemical kit requires a successful DC 20 Intelligence (Investigation) or Wisdom (Insight) check.","save_dc 20, grants_proficiency 1, is_wondrous 1, extra_damage_multiplier 1","https://5e.tools/items.html#travel%20alchemical%20kit_ai"
"Traveler's Clothes","Player's Handbook (2024)","Adventuring Gear","Mundane","No","2.0 gp","1.6 gp / 2.0 gp / 2.4 gp","Official","random","Traveler's Clothes are resilient garments designed for travel in various environments.","extra_damage_multiplier 1","https://5e.tools/items.html#traveler's%20clothes_xphb"
"True Name Musket","The Illrigger Revised","Ranged Weapon","Uncommon","Yes","1,000 gp","800 gp / 1,000 gp / 1,200 gp","Algorithm","floor-tripwire","—","is_firearm 1, extra_damage_multiplier 1","https://5e.tools/items.html#true%20name%20musket_illriggerrevised"
"Tulkhan's Map","Call from the Deep","Other","Unknown","No","1.0 gp","80 cp / 1.0 gp / 1.2 gp","Algorithm","random","A faithful map of the Nelanthers which gives characters advantage on checks made to navigate and avoid hazards while in a ship near the islands. The map once belonged Tulkhan.","extra_damage_multiplier 1","https://5e.tools/items.html#tulkhan's%20map_callfromthedeep"
"Ulcrun","Forgotten Realms: Adventures in Faerûn","Adventuring Gear","Mundane","No","1,000 gp","800 gp / 1,000 gp / 1,200 gp","Official","floor-tripwire","A creature subjected to Ulcrun must succeed on a DC 15 Constitution saving throw or take 21 (6d6) Poison damage and gain 1 Exhaustion level.","save_dc 15, is_poison 1, extra_damage_multiplier 1","https://5e.tools/items.html#ulcrun_fraif"
"Unknown Elixir","Obojima: Tales from the Tall Grass","Potion","Uncommon","No","8,500 gp","6,800 gp / 8,500 gp / 10,200 gp","Algorithm","battery-parity","This bizarre blend of flavors reminds you of freshly cut grass, petroleum jelly, and honey. When consumed, it sits in your stomach like a rock and slowly swells in power. You gain the ability to cast one random spell of 6th level or lower, without expending a spell slot. This spell uses a save DC of 17 and a spell attack bonus of +9. The effects of this potion last until the spell is cast. This doesn't count against the number of potions you can have affecting your body at once. {@style 49|SneakerProMedium}","save_dc 17, spell_battery_max_level 6, extra_damage_multiplier 1","https://5e.tools/items.html#unknown%20elixir_obojimatallgrass"
"Unsigned Infernal Contract","Where Evil Lives: The MCDM Book of Boss Battles","Adventuring Gear","Unknown Magic","No","289 gp","231 gp / 289 gp / 346 gp","Algorithm","random","The archdevil who created Shadowkeep for Count Rhodar von Glauer wrote up another contract on human skin that Rhodar hasn't signed. The contract is written in Infernal. When you sign this contract using your blood as ink, you lose all levels in your current classes and have the option of gaining levels equal to your character level in any combination of the illrigger, paladin, and warlock classes. Additionally, you can reassign your six ability scores. You are bound by the contract until the archdevil dies or the contract is broken by a wish spell. The contract can only be signed by one creature.","extra_damage_multiplier 1","https://5e.tools/items.html#unsigned%20infernal%20contract_whereevillives"
"Vanisher Hat","Tome of Beasts 1 (2023 Edition)","Wondrous Item","Uncommon","Yes","3,885 gp","3,108 gp / 3,885 gp / 4,662 gp","Algorithm","ml-variance","This plain hat appears to be a rough burlap tam. A creature that can see through illusions sees the hat as a golden, bejeweled coronet. While wearing this hat, you can use an action to speak its command word to become invisible and gain a flying speed of 40 feet for up to 1 minute. Anything you are wearing or carrying is invisible with you. You remain invisible and capable of flying until you repeat the command word as an action or until you attack or cast a spell. Once used, the hat can't be used again until the next dawn.","is_wondrous 1, extra_damage_multiplier 1, flight_limited 1, invisibility_atwill 1","https://5e.tools/items.html#vanisher%20hat_tob1-2023"
"Verminshroud (Awakened)","Explorer's Guide to Wildemount","Wondrous Item","Legendary","Yes","54,167 gp","43,334 gp / 54,167 gp / 65,001 gp","Algorithm","random","This patchy cloak was pieced together from the pelts of rats found feasting on the dead in Blightshore and is dotted with the bloated corpses of magically preserved insects along its seams.

***Dormant.*** While wearing the Verminshroud in its dormant state, you gain the following benefits:

- You have advantage on Wisdom (Perception) checks that rely on smell, you are immune to disease, and you have darkvision out to a range of 60 feet. If you already have darkvision, wearing the cloak increases the range of your darkvision by 60 feet.
- As an action, you can use the Verminshroud to cast *polymorph* on yourself, transforming into a **giant rat** or **rat** while retaining your Intelligence, Wisdom, and Charisma scores, as well as the properties of the cloak. This property can't be used again until the next dawn.

***Awakened.*** While wearing the Verminshroud in its awakened state, you gain the following benefits:

- You have resistance to poison damage.
- You can use an action to cast the *insect plague* spell (save DC 15) from the Verminshroud, requiring no material components. This property can't be used again until the next dawn.
- When you cast the *polymorph* spell using the Verminshroud, you can transform into a **giant wasp**.

***Vestige of Divergence.*** *This item is a Vestige of Divergence, see *Vestiges of Divergence* for more information.*","darkvision_feet 60, save_dc 15, is_wondrous 1, extra_damage_multiplier 1, immune_to_disease 1","https://5e.tools/items.html#verminshroud%20(awakened)_egw"
"Vicious +1 Claymore","Acquisitions Incorporated","Melee Weapon","Uncommon","No","622 gp","498 gp / 622 gp / 747 gp","Amalgamated (DSA,MSRP,DMPG)","random","*The *base item* can be found in Grim Hollow: Player’s Guide (2024), page 128.*

You have a +1 bonus to attack and damage rolls made with this weapon.

When you roll a 20 with this magic weapon, the target takes an extra 7 slashing damage.

*Note: According to the SRD, it is an extra 2d6 slashing damage, although [https://rpg.stackexchange.com/a/174522/53884](this is incorrect).*

***Heavy.*** You have Disadvantage on attack rolls with a Heavy weapon if it's a Melee weapon and your Strength score isn't at least 13 or if it's a Ranged weapon and your Dexterity score isn't at least 13.

***Two-Handed.*** A Two-Handed weapon requires two hands when you attack with it.

***Mastery: Brutal.*** A Brutal weapon is designed for maximum damage. Brutal weapons score Critical Hits on a natural roll of 19 or 20. If your Critical Range is already increased, instead increase it by 1 point (such as from 19-20 to 18-20).

When you score a Critical Hit with a Brutal weapon against a creature, the weapon deals one additional die of damage.","extra_damage_avg 7, extra_damage_priced_avg 7, weapon_bonus 1, extra_damage_multiplier 1","https://5e.tools/items.html#vicious%20+1%20claymore_ai"
"Vicious +1 War Pick","Acquisitions Incorporated","Melee Weapon","Uncommon","No","622 gp","498 gp / 622 gp / 747 gp","Amalgamated (DSA,MSRP,DMPG)","random","You have a +1 bonus to attack and damage rolls made with this weapon.

When you roll a 20 with this magic weapon, the target takes an extra 7 piercing damage.

*Note: According to the SRD, it is an extra 2d6 piercing damage, although [https://rpg.stackexchange.com/a/174522/53884](this is incorrect).*

***Versatile.*** A Versatile weapon can be used with one or two hands. A damage value in parentheses appears with the property. The weapon deals that damage when used with two hands to make a melee attack.

***Mastery: Sap.*** If you hit a creature with this weapon, that creature has Disadvantage on its next attack roll before the start of your next turn.","extra_damage_avg 7, extra_damage_priced_avg 7, weapon_bonus 1, extra_damage_multiplier 1","https://5e.tools/items.html#vicious%20+1%20war%20pick_ai"
"Vola'khesh","Exploring Eberron (2024)","Wondrous Item","Common","No","118 gp","95 gp / 118 gp / 142 gp","Algorithm","random","This small carved stone is typically bound to a leather strap worn around the wrist or neck. Designed by the Dhakaani duur'kala, the Vola'khesh facilitates communication between elite units. They are created in linked sets; up to ten stones can be bound together, and once established, this link cannot be changed. At present, the Vola'khesh are only used by the Kech Dhakaan and are unknown to the people of the Five Nations. If the enchantments were replicated, these tools could be put into use by spies and law enforcement agencies of the Five Nations.

While wearing a Vola'khesh, you can take a Bonus Action to whisper a message. This message is heard by all creatures within 120 feet wearing a linked Vola'khesh. Magical silence, 1 foot of stone, 1 inch of common metal, or 3 feet of wood will block this effect, but the magic doesn't have to follow a straight line and can travel freely around corners or through openings.

> ##### Kra'uul: Dreambound Items
>
>The chot'uul monks, who guard the dreams of Dhakaan, craft objects that are drawn to Dal Quor with a dreamer. When you dream, your Kra'uul objects accompany you. The physical object remains with your body in Eberron, but the idea of it travels with you and you can use it while exploring Dal Quor.
>
>Any Kra'uul made of an otherwise-mundane object is a Common magic item. Kra'uul made of other magic items are the same rarity as the standard version. While the techniques of crafting Kra'uul objects are known only to the chot'uul, the DM can introduce other dreambound objects. A cursed sword might follow its bearer even into dreams, while a powerful Artifact could be even more glorious when seen in Dal Quor.
>","is_wondrous 1, extra_damage_multiplier 1","https://5e.tools/items.html#vola'khesh_exploringeberron24"
"Volcanic Boots","The Griffon's Saddlebag: Book One","Wondrous Item","Rare","Yes","12,070 gp","9,656 gp / 12,070 gp / 14,484 gp","Algorithm","ml-variance","These heavy volcanic stones rearrange themselves to better fit your feet once you've attuned to them. Despite their appearance, the boots are comfortably light and warm. While wearing the boots, you have Resistance to Fire damage. The boots have 10 charges and regain 1d6 + 4 expended charges daily at dawn. When you walk at least 5 feet on solid ground while wearing the boots, you can expend 1 or more charges as part of that movement. Choose an unoccupied space you just walked through for each expended charge. The ground and air in a 5-foot Cube [Area of Effect] within the chosen space or spaces become volcanic and impossibly hot for 1 minute. Any creature other than you that enters one of these Cube [Area of Effect] or starts its turn there must succeed on a DC 15 Dexterity saving throw or take 2d6 Fire damage. The Cube [Area of Effect] return to normal if you have the Unconscious condition or end the effect early as a Bonus Action.","save_dc 15, is_wondrous 1, extra_damage_multiplier 1","https://5e.tools/items.html#volcanic%20boots_24griffonssaddlebag1"
"Wand of Orcus","Dungeon Master's Guide (2024)","Wand","Artifact","Yes","985,000 gp","788,000 gp / 985,000 gp / 1,182,000 gp","Algorithm","family-min","Crafted and wielded by **Orcus**, this ghastly wand slips from the demon lord's grasp from time to time. When it does, it magically appears wherever the demon lord senses an opportunity to achieve some fell goal.

The wand is topped with a skull that once belonged to a human hero slain by Orcus. The wand can magically change in size to better conform to the grip of its user. All Holy Water within 10 feet of the wand is destroyed.

Any creature besides Orcus that tries to attune to the wand makes a DC 17 Constitution saving throw. On a successful save, the creature takes 10d6 Necrotic damage. On a failed save, the creature dies and, if it is a Humanoid, turns into a **Zombie**.

***Magic Weapon.*** You can wield the wand as a magic *Mace* that grants a +3 bonus to attack rolls and damage rolls made with it. The wand deals an extra 2d12 Necrotic damage on a hit.

***Random Properties.*** The Wand of Orcus has the following random properties:

- 2 minor beneficial properties
- 1 major beneficial property
- 2 minor detrimental properties
- 1 major detrimental property

The detrimental properties of the Wand of Orcus are suppressed while the wand is attuned to Orcus.

***Protection.*** You gain a +3 bonus to Armor Class while holding the wand.

***Spells.*** The wand has 7 charges and regains 1d4 + 3 expended charges daily at dawn. While holding the wand, you can cast one of the spells on the following table from it (save DC 18). The table indicates how many charges you must expend to cast the spell.

| Spell             | Charge Cost |
| -|: --:|
| *Animate Dead*    |      1      |
| *Blight*          |      2      |
| *Circle of Death* |      3      |
| *Finger of Death* |      3      |
| *Power Word Kill* |      4      |
| *Speak with Dead* |      1      |

While attuned to the wand, Orcus or a follower blessed by him can cast each of the wand's spells using 2 fewer charges (minimum of 0).

***Call Undead.*** While holding the wand, you can take a Magic action to conjure 15 **Skeletons** and 15 **Zombies**. These Undead magically rise up from the ground or otherwise form in unoccupied spaces within 300 feet of you and obey your commands until they are destroyed or until the next dawn, when they collapse into inanimate piles of bones and rotting corpses. Once you use this property, you can't use it again until the next dawn.

While holding the wand, Orcus can summon any kind of Undead, not just skeletons and zombies. These Undead don't perish at dawn the following day, remaining until Orcus dismisses them.

***Sentience.*** The Wand of Orcus is a sentient Chaotic Evil item with an Intelligence of 16, a Wisdom of 12, and a Charisma of 16. It has hearing and Darkvision out to 120 feet.

The wand communicates telepathically with its wielder and speaks Abyssal and Common.

***Personality.*** The wand's purpose is to help satisfy Orcus's desire to slay everything in the multiverse. The wand is cruel, nihilistic, and bereft of humor.

To further Orcus's goals, the wand feigns devotion to its current user and makes grandiose promises that it has no intention of fulfilling, such as vowing to help its user overthrow Orcus.

***Destroying the Wand.*** Destroying the Wand of Orcus requires that it be taken to the Positive Energy Plane by the ancient hero whose skull surmounts it. For this to happen, the long-lost hero must first be restored to life—no easy task, given the fact that Orcus has imprisoned the hero's soul and keeps it hidden and well guarded.

Bathing the wand in positive energy (such as that which permeates the Positive Plane) causes it to crack and explode, but unless the above conditions are met, the wand instantly re-forms on Orcus's layer of the Abyss.","darkvision_feet 120, save_dc 18, extra_damage_avg 13, extra_damage_priced_avg 13, weapon_bonus 3, ac_bonus 3","https://5e.tools/items.html#wand%20of%20orcus_xdmg"
"Wand Sheath","Eberron: Rising from the Last War","Wondrous Item","Common","Yes","107 gp","86 gp / 107 gp / 129 gp","Single source (DMPG)","random","A wand sheath clamps onto your arm and imparts the following benefits:

- The wand sheath can't be removed from you while you're attuned to it.
- You can insert a wand into the sheath as an action. The sheath can hold only one wand at a time.
- You can retract or extend a wand from the sheath as a bonus action. While the wand is extended, you can use it as if you were holding it, but your hand remains free.

If a sheathed wand requires attunement, you must attune to the wand before you can use it. However, the wand sheath and the attached wand count as a single magic item with regard to the number of magic items you can attune to. If you remove the wand from the sheath, your attunement to the wand ends.","is_wondrous 1, extra_damage_multiplier 1","https://5e.tools/items.html#wand%20sheath_erlw"
"Wave","Dungeon Master's Guide (2024)","Melee Weapon","Artifact","Yes","440,000 gp","352,000 gp / 440,000 gp / 528,000 gp","Algorithm","family-min","Held in the dungeon of White Plume Mountain, Wave is engraved with images of waves, shells, and sea creatures.

You gain a +3 bonus to attack rolls and damage rolls made with this magic weapon. When you roll a 20 on the d20 for an attack roll with this weapon, the target takes an extra 21 Necrotic damage.

While holding Wave, you gain the following benefits:

- **Combat Ready.** You have Advantage on Initiative rolls.
- **Underwater Adaptation.** A bubble of air forms around your head while you are underwater, allowing you to breathe normally in that environment.

***Aquatic Command.*** Wave has 3 charges and regains 1d3 expended charges daily at dawn. While you carry it, you can expend 1 charge to cast *Dominate Beast* (save DC 20) from it on a Beast that has a Swim Speed.

***Globe of Invulnerability.*** While holding Wave, you can cast the level 9 version of *Globe of Invulnerability* from it. Once used, this property can't be used again until the next dawn.

***Sentience.*** Wave is a sentient weapon of Neutral alignment, with an Intelligence of 14, a Wisdom of 10, and a Charisma of 18. It has hearing and Darkvision out to 120 feet.

The weapon communicates telepathically with its wielder and speaks Aquan.

***Personality.*** Wave zealously encourages mortals to worship sea gods and has a habit of humming sea chanteys. Conflict arises if the wielder fails to further the weapon's objectives in the world.

***Destroying Wave.*** Wave can be destroyed only on the island of Thunderforge, where it was forged. The weapon must be melted down by a **storm giant** or someone imbued with a storm giant's strength. Destroying Wave angers a god of the sea, who sends powerful agents to attack the island and punish the destroyers.

***Thrown.*** If a weapon has the Thrown property, you can throw the weapon to make a ranged attack, and you can draw that weapon as part of the attack. If the weapon is a Melee weapon, use the same ability modifier for the attack and damage rolls that you use for a melee attack with that weapon.

***Versatile.*** A Versatile weapon can be used with one or two hands. A damage value in parentheses appears with the property. The weapon deals that damage when used with two hands to make a melee attack.

***Mastery: Topple.*** If you hit a creature with this weapon, you can force the creature to make a Constitution saving throw (DC 8 plus the ability modifier used to make the attack roll and your Proficiency Bonus). On a failed save, the creature has the Prone condition.","darkvision_feet 120, save_dc 20, weapon_bonus 3, is_sentient 1, extra_damage_multiplier 1, swim_speed 1","https://5e.tools/items.html#wave_xdmg"
"Weaver's Tools","Player's Handbook (2024)","Artisan's Tools","Mundane","No","1.0 gp","80 cp / 1.0 gp / 1.2 gp","Official","random","- **Ability:** Dexterity
- **Utilize:** Mend a tear in clothing (DC 10), or sew a Tiny design (DC 10)
- **Craft:** *Padded Armor*, *Basket*, *Bedroll*, *Blanket*, *Fine Clothes*, *Net*, *Robe*, *Rope*, *Sack*, *String*, *Tent*, *Traveler's Clothes*

Artisan's Tools are each focused on crafting items and pursuing a trade. Each type of Artisan's Tools tools requires a separate proficiency.

If you have proficiency with a tool, add your Proficiency Bonus to any ability check you make that uses the tool. If you have proficiency in a skill that's used with that check, you have Advantage on the check too.","save_dc 10, extra_damage_multiplier 1","https://5e.tools/items.html#weaver's%20tools_xphb"
"Whelm","Dungeon Master's Guide (2024)","Melee Weapon","Artifact","Yes","432,500 gp","346,000 gp / 432,500 gp / 519,000 gp","Algorithm","family-min","Whelm is a powerful weapon forged by dwarves and lost in the dungeon of White Plume Mountain.

You gain a +3 bonus to attack rolls and damage rolls made with this magic weapon.

***Hurl.*** Whelm has Thrown with a normal range of 60 feet and a long range of 180 feet. When you hit with a ranged attack roll using Whelm, the target takes an extra 1d8 Force damage, or an extra 4d8 Force damage if the target is a Construct, an Elemental, or a Giant. Immediately after hitting or missing, the weapon flies back to your hand.

***Shock Wave.*** You can take a Magic action to strike the ground with Whelm and send a shock wave out from the point of impact. Each creature of your choice on the ground within 60 feet of that point must succeed on a DC 20 Constitution saving throw or have the Stunned condition for 1 minute. A creature repeats the save at the end of each of its turns, ending the effect on itself on a success. Once used, this property can't be used again until the next dawn.

***Supernatural Awareness.*** While you are holding the weapon, it alerts you to the location of any secret or concealed doors within 30 feet of you. In addition, you can cast *Detect Evil and Good* or *Locate Object* from the weapon. Once you cast either spell, you can't cast it from the weapon again until the next dawn.

***Sentience.*** Whelm is a sentient, Lawful Neutral weapon with an Intelligence of 15, a Wisdom of 12, and a Charisma of 15. It has hearing and Darkvision out to 120 feet.

The weapon communicates telepathically with its wielder and speaks Dwarvish, Giant, and Goblin.

***Personality.*** Whelm has ties to the dwarf clan that created it, called the Dankil or the Mightyhammer clan. It longs to be returned to that clan. Whelm's purpose is to protect dwarves. Conflict arises if the wielder doesn't share this goal.

***Destroying Whelm.*** Whelm can be dissolved in the acidic bile of a recently slain **ancient black dragon**. It can also be melted down in the forges of the Mightyhammer dwarf clan, but only by the rightful leader of that clan.

***Thrown.*** If a weapon has the Thrown property, you can throw the weapon to make a ranged attack, and you can draw that weapon as part of the attack. If the weapon is a Melee weapon, use the same ability modifier for the attack and damage rolls that you use for a melee attack with that weapon.

***Versatile.*** A Versatile weapon can be used with one or two hands. A damage value in parentheses appears with the property. The weapon deals that damage when used with two hands to make a melee attack.

***Mastery: Push.*** If you hit a creature with this weapon, you can push the creature up to 10 feet straight away from yourself if it is Large or smaller.","darkvision_feet 120, extra_damage_avg 22.5, extra_damage_priced_avg 22.5, save_dc 20, weapon_bonus 3, is_sentient 1","https://5e.tools/items.html#whelm_xdmg"
"Whip Armblade","Eberron: Rising from the Last War","Melee Weapon","Common","Yes","244 gp","195 gp / 244 gp / 293 gp","Algorithm","random","An armblade is a magic weapon that attaches to your arm, becoming inseparable from you as long as you're attuned to it. To attune to this item, you must hold it against your forearm for the entire attunement period.

As a bonus action, you can retract the armblade into your forearm or extend it from there. While it is extended, you can use the weapon as if you were holding it, and you can't use that hand for other purposes.

***Finesse.*** When making an attack with a Finesse weapon, use your choice of your Strength or Dexterity modifier for the attack and damage rolls. You must use the same modifier for both rolls.

***Reach.*** A Reach weapon adds 5 feet to your reach when you attack with it, as well as when determining your reach for Opportunity Attacks with it.

***Mastery: Slow.*** If you hit a creature with this weapon and deal damage to it, you can reduce its Speed by 10 feet until the start of your next turn. If the creature is hit more than once by weapons that have this property, the Speed reduction doesn't exceed 10 feet.","extra_damage_multiplier 1","https://5e.tools/items.html#whip%20armblade_erlw"
"Whip Jaw Breakers (rare)","Heliana's Guide to Monster Hunting","Melee Weapon","Rare","Yes","9,800 gp","7,840 gp / 9,800 gp / 11,760 gp","Algorithm","random","Forged as a pair, these magic weapons are crafted from the matching upper and lower jaw bones of a tarrasque. Their innate magic—and one of the reasons the tar-rasque's bite is so powerful—creates an arcanomagnetic pull between the two jawbones, dealing devastating damage to whatever lies between them.

You gain a +1 bonus to attack and damage rolls you make with each of these magic weapons. These weapons deal piercing damage instead of their usual damage type.

**Chomp.** When you engage in two-weapon fighting using these two weapons and hit the same target with both weapons, the attack you make with your second weapon deals an additional 1d8 damage.
**Optional Attunement.** You can choose to attune to a pair of jaw breakers. They count as a single magic item with regard to the number of magic items you can attune to. When you do so, the weapons gain the Swirling Dervish property while you are attuned to them.
  **Swirling Dervish.** Harnessing the power of the blades, you leap over a target, becoming a tornado of lacerating blades. As an action while you wield both jaw breakers, you can perform a magically-enhanced jump, attacking creatures you pass over. This jump has a maximum distance of **20 feet**, is a straight line, must end in an unoccupied space, does not provoke opportunity attacks, and each foot you clear on the jump costs one foot of movement. You can make one attack against a creature under you in each 5-foot space over which you jump. These attacks always alternate main-hand, then off-hand.
  For example, if you jumped over one Huge creature, you could make three attacks against it (the second one dealing Chomp's extra damage on a hit). If you jumped over three Medium creatures, you could make one attack against each (with no extra damage from Chomp).
***Finesse.*** When making an attack with a finesse weapon, you use your choice of your Strength or Dexterity modifier for the attack and damage rolls. You must use the same modifier for both rolls.

***Reach.*** This weapon adds 5 feet to your reach when you attack with it. This property also determines your reach for opportunity attacks with a reach weapon.","extra_damage_avg 4.5, extra_damage_priced_avg 4.5, weapon_bonus 1, extra_damage_multiplier 1","https://5e.tools/items.html#whip%20jaw%20breakers%20(rare)_helianasguidetomonsterhunting"
"Whisper Jar","Acquisitions Incorporated","Wondrous Item","Varies","Yes","675 gp","540 gp / 675 gp / 810 gp","Algorithm","random","Also at rank 1, you are the beneficiary of a whisper jar—a common magic item resembling an ether-filled jar with a long tap hose. The jar is used to record others' stories and your own observations, like a verbal notebook with unlimited space. The whisper jar records as fast as a creature can speak into it, and whispers back words at the same pace they were recorded. Activating the playback of a particular recording is an action.

##### Things Recorded in Your Whisper Jar
|  d8 | Recording                                                                                            |
|: :| |
|  1  | A live recording of the only performance of the mostly forgotten stage play Tabaxi on a Hot Tin Roof |
|  2  | The life's work of the loremonger who owned the jar before you                                       |
|  3  | Every courageous thought you've ever had, to cover for how scared you are most of the time           |
|  4  | Everything, because everyone else around you will eat their words one day!                           |
|  5  | The top seven places to eat fried rat skewers in every settlement you've ever visited                |
|  6  | The entire family tree of every royal line, extant or lost, in Faerûn                                |
|  7  | A moment-by-moment review of your favorite Jim Darkmagic stage performance                           |
|  8  | The sound of raucous applause, which you play back liberally                                         |

***Whispered Encyclopedia.*** At rank 2, your whisper jar becomes an uncommon magic item that can tap into the broader lore of Acquisitions Incorporated. As a bonus action, you ask the jar for information on a specific subject and make a DC 15 Intelligence (History) check. On a success, the jar plays back a recording on that subject, made somewhere, sometime by another Acq Inc loremonger. This property of the whisper jar can't be used again until the next dawn.

***Whispered Warnings.*** Also at rank 3, your whisper jar gains additional power and becomes a rare magic item. As an action, you can cause the jar to function as a *wand of enemy detection*, whereupon it whispers the direction to foes within range. This property of the whisper jar can't be used again until the next dawn.

***Whispered Arcana.*** Also at rank 4, your whisper jar gains access to even more magic. By whispering the name of one of the following spells into the jar as an action, you can cast that spell from the jar: *detect evil and good*, *detect magic*, *detect poison and disease*, *find traps*, *identify*, or *locate animals or plants*. This property of the whisper jar can't be used again until the next dawn.","save_dc 15, is_wondrous 1, extra_damage_multiplier 1","https://5e.tools/items.html#whisper%20jar_ai"
"Whispergust Mote","The Griffon's Saddlebag: Book Two","Wondrous Item","Common","No","7,419 gp","5,935 gp / 7,419 gp / 8,903 gp","Algorithm","ml-variance","A whispergust mote is a sentient breath of air typically separated from a larger air elemental. When not invisible, its form resembles a dollop of blue whipped cream but is weightless and fluid to the touch. The mote can use an action to become invisible, but it typically only does so when it senses danger. When left to its own devices, the mote will gently tousle the hair of passing creatures or flip a fallen leaf. While it is a form that is defined by its wanderlust, it nevertheless enjoys the company and experiences of adventuring parties that travel to new and unique locations. Most owners of a whispergust mote are rarely so bold as to claim ownership of it at all. The mote is considered a magical object and is not a creature. It has a flying speed of 20 feet and can hover. It has AC 10, 5 hit points, and has resistance to all damage. The whispergust mote regains all its hit points if affected by a gust of wind spell or similar magic. The whispergust mote is a sentient chaotic good item with an Intelligence of 1, a Wisdom of 8, and a Charisma of 7. It has hearing and darkvision out to a range of 60 feet. It can't speak or read, but understands Primordial and Common. The whispergust mote ultimately travels where it wants to go, but knows that companionship is often worth the limitations that come with it. In even the most dull of places, the mote will find ways to entertain itself—often to the panic or frustration of the creatures it travels with.","darkvision_feet 60, is_sentient 1, is_wondrous 1, extra_damage_multiplier 1, flight_full 1, invisibility_atwill 1","https://5e.tools/items.html#whispergust%20mote_griffonssaddlebag2"
"Will of the Talon (Awakened)","Explorer's Guide to Wildemount","Melee Weapon","Artifact","Yes","320,000 gp","256,000 gp / 320,000 gp / 384,000 gp","Algorithm","random","Black, blue, green, red, and white gems carved in the form of dragon heads cover this ostentatious gold war pick, marking it as a weapon channeling the power of Tiamat.

***Sentience.*** Will of the Talon is a sentient lawful evil weapon with an Intelligence of 14, a Wisdom of 15, and a Charisma of 19. It has hearing and darkvision out to a range of 120 feet.

The weapon communicates telepathically with its wielder and can speak, read, and understand Common, Draconic, and Infernal.

***Personality.*** A short-tempered **bone devil** named Ashtyrlon lives within Will of the Talon. The weapon is greedy and values strong leadership. It demands that its wielder take decisive action to keep order in high-pressure situations—and to always take a fair share of treasure in return.

***Dormant.*** The war pick grants the following benefits in its dormant state:

- You can speak, read, and write Draconic and Infernal.
- You gain a +1 bonus to attack and damage rolls made with this magic weapon.
- As a bonus action while holding the war pick, you can cause the following effect: each creature of your choice that is within 30 feet of you and is aware of you must succeed on a DC 13 Wisdom saving throw or become frightened of you for 1 minute. A creature can repeat the saving throw at the end of each of its turns, ending the effect on itself on a success. If a creature's saving throw is successful or the effect ends for it, the creature is immune to your Frightful Presence for the next 24 hours. This property can't be used again until the next dawn.
- While holding the war pick, you can use your action to exhale destructive energy. Pick a damage type from the Will of the Talon Breath Weapons table. Each creature in the area of the exhalation must make a DC 13 saving throw, the type of which is specified in the table. A creature takes 3d6 damage on a failed save, or half as much damage on a successful one.

When you use the war pick to unleash a breath weapon of a specific damage type, you can't choose that same damage type again until the next dawn.

##### Will of the Talon Breath Weapons
| Damage Type | Area                         | Saving Throw |
| -| |: :|
| Acid        | 5 ft. wide, 30 ft. long line |   Dexterity  |
| Cold        | 15 ft. cone                  | Constitution |
| Fire        | 15 ft. cone                  |   Dexterity  |
| Lightning   | 5 ft. wide, 30 ft. long line |   Dexterity  |
| Poison      | 15 ft. cone                  | Constitution |

> ##### Betrayer Artifact Properties
>
>The Arms of the Betrayers advance in power in the same manner as the Vestiges of Divergence. In its dormant state, each of these artifacts has one minor beneficial property and one minor detrimental property. When the artifact attains an awakened state, it gains an additional minor beneficial property and an additional minor detrimental property. When the item reaches its exalted state, it gains a major beneficial property. See ""Artifact Properties"" in chapter 7 of the Dungeon Master's Guide for more information.
>

***Awakened.*** When the war pick reaches an awakened state, it gains the following properties:

- The weapon's bonus to attack and damage rolls increases to +2.
- The saving throw DC for the war pick's Breath Weapon property increases to 15, and that property deals 4d6 damage on a failed save, or half as much damage on a successful one.
- The saving throw DC for the war pick's Frightful Presence property increases to 15.
- While carrying the weapon, you have resistance to acid, cold, fire, lightning, and poison damage.

***Vestige of Divergence.*** *This item is a Vestige of Divergence, see *Vestiges of Divergence* for more information.*","darkvision_feet 120, save_dc 13, weapon_bonus 2, grants_language 1, is_sentient 1, extra_damage_multiplier 1","https://5e.tools/items.html#will%20of%20the%20talon%20(awakened)_egw"
"Will of the Talon (Dormant)","Explorer's Guide to Wildemount","Melee Weapon","Artifact","Yes","266,250 gp","213,000 gp / 266,250 gp / 319,500 gp","Algorithm","random","Black, blue, green, red, and white gems carved in the form of dragon heads cover this ostentatious gold war pick, marking it as a weapon channeling the power of Tiamat.

***Sentience.*** Will of the Talon is a sentient lawful evil weapon with an Intelligence of 14, a Wisdom of 15, and a Charisma of 19. It has hearing and darkvision out to a range of 120 feet.

The weapon communicates telepathically with its wielder and can speak, read, and understand Common, Draconic, and Infernal.

***Personality.*** A short-tempered **bone devil** named Ashtyrlon lives within Will of the Talon. The weapon is greedy and values strong leadership. It demands that its wielder take decisive action to keep order in high-pressure situations—and to always take a fair share of treasure in return.

***Dormant.*** The war pick grants the following benefits in its dormant state:

- You can speak, read, and write Draconic and Infernal.
- You gain a +1 bonus to attack and damage rolls made with this magic weapon.
- As a bonus action while holding the war pick, you can cause the following effect: each creature of your choice that is within 30 feet of you and is aware of you must succeed on a DC 13 Wisdom saving throw or become frightened of you for 1 minute. A creature can repeat the saving throw at the end of each of its turns, ending the effect on itself on a success. If a creature's saving throw is successful or the effect ends for it, the creature is immune to your Frightful Presence for the next 24 hours. This property can't be used again until the next dawn.
- While holding the war pick, you can use your action to exhale destructive energy. Pick a damage type from the Will of the Talon Breath Weapons table. Each creature in the area of the exhalation must make a DC 13 saving throw, the type of which is specified in the table. A creature takes 3d6 damage on a failed save, or half as much damage on a successful one.

When you use the war pick to unleash a breath weapon of a specific damage type, you can't choose that same damage type again until the next dawn.

##### Will of the Talon Breath Weapons
| Damage Type | Area                         | Saving Throw |
| -| |: :|
| Acid        | 5 ft. wide, 30 ft. long line |   Dexterity  |
| Cold        | 15 ft. cone                  | Constitution |
| Fire        | 15 ft. cone                  |   Dexterity  |
| Lightning   | 5 ft. wide, 30 ft. long line |   Dexterity  |
| Poison      | 15 ft. cone                  | Constitution |

> ##### Betrayer Artifact Properties
>
>The Arms of the Betrayers advance in power in the same manner as the Vestiges of Divergence. In its dormant state, each of these artifacts has one minor beneficial property and one minor detrimental property. When the artifact attains an awakened state, it gains an additional minor beneficial property and an additional minor detrimental property. When the item reaches its exalted state, it gains a major beneficial property. See ""Artifact Properties"" in chapter 7 of the Dungeon Master's Guide for more information.
>

***Vestige of Divergence.*** *This item is a Vestige of Divergence, see *Vestiges of Divergence* for more information.*","darkvision_feet 120, save_dc 13, weapon_bonus 1, grants_language 1, is_sentient 1, extra_damage_multiplier 1","https://5e.tools/items.html#will%20of%20the%20talon%20(dormant)_egw"
"Winter Camouflage","Forgotten Realms: Heroes of Faerûn","Adventuring Gear","Mundane","No","50 gp","40 gp / 50 gp / 60 gp","Official","floor-tripwire","While you wear Winter Camouflage in an appropriate environment, you have Advantage on Dexterity (Stealth) checks.","extra_damage_multiplier 1, stealth_advantage 1","https://5e.tools/items.html#winter%20camouflage_frhof"
"Wispy Sour (Common)","The Griffon's Saddlebag: Book Two","Potion","Common","No","280 gp","224 gp / 280 gp / 336 gp","Algorithm","ml-variance","The typical wispy sour, a common potion, is a specialty alcoholic beverage that causes you to float harmlessly off the floor. When you drink this potion, you gain a flying speed of 10 feet for 1 minute, but can only hover 1 foot above the ground when doing so. The drink is smooth, sweet, and has a slight aftertaste of ash. A tiny, single light from the dancing lights spell is often cast within the drink when served. Due to its magical nature, the alcohol within this potion affects a creature twice as much as the alcohol within a nonmagical beverage.","extra_damage_multiplier 1, flight_limited 1","https://5e.tools/items.html#wispy%20sour%20(common)_griffonssaddlebag2"
"Writing Kit","Tal'Dorei Campaign Setting Reborn","Adventuring Gear","Mundane","No","1.0 gp","80 cp / 1.0 gp / 1.2 gp","Algorithm","random","Includes:","extra_damage_multiplier 1","https://5e.tools/items.html#writing%20kit_taldoreicampaignsettingreborn"
"Yellow Sapphire","Dungeon Master's Guide (2024)","$G","Mundane","No","1,000 gp","800 gp / 1,000 gp / 1,200 gp","Official","floor-tripwire","A fiery yellow or yellow green gemstone.","extra_damage_multiplier 1","https://5e.tools/items.html#yellow%20sapphire_xdmg"
"Yserthrax's Corruption Poison Recipe","Where Evil Lives: The MCDM Book of Boss Battles","Adventuring Gear","Unknown","No","1.0 gp","80 cp / 1.0 gp / 1.2 gp","Algorithm","random","This one-page recipe is written in Undercommon on a piece of bloodstained vellum. If you are proficient with alchemist's supplies or a poisoner's kit, you can make a dose of this poison with raw materials worth 750 gp and 1 hour of uninterrupted work. A creature subjected to this poison must succeed on a DC 19 Constitution saving throw or be poisoned for 1 minute. They can repeat the saving throw at the end of each of their turns to end the poisoned condition. While poisoned in this way, the creature takes 10 (3d6) force damage at the start of each of their turns.","save_dc 19, is_poison 1, extra_damage_multiplier 1","https://5e.tools/items.html#yserthrax's%20corruption%20poison%20recipe_whereevillives"
"Zeal","Tal'Dorei Campaign Setting Reborn","IDG","Unknown","No","4,740 gp","3,792 gp / 4,740 gp / 5,689 gp","Algorithm","random","The steel head of this warhammer seems to glow with an inner light. The pale wooden handle is accented with white gold. When the celestial realm nearly fell into darkness, a heavenly smith received a vision allowing them to craft a hammer like no other. With the might of Zeal, the armies of heaven turned back their foes, restoring cosmic balance. Zeal now lies in the hidden vaults of the celestial realms, waiting to be wielded once again when the forces of darkness threaten to consume the world. The celestials don't realize that an equally powerful weapon rests in the hands of the very same armies of darkness that drove them back. The fates who inspired the smith to craft Zeal also sent a vision to a forge keeper of hell in the interest of maintaining the balance of power. This magic warhammer grants a +3 bonus to attack and damage rolls made with it. When you hit with an attack using it, the target takes an extra 3d10 radiant damage. While holding the hammer, you are immune to the charmed, frightened, paralyzed, poisoned, and stunned conditions. As a bonus action, you can release Zeal to hover magically in an unoccupied space within 5 feet of you. If you can see the hammer, you can mentally command it as a bonus action to fly up to 50 feet and either make one attack against a target or return to your hands. If any effect targets the hovering hammer, you are considered to be holding it. The hovering hammer falls if the attuned user dies. While the hammer is on your person, you can use an action to cast one of the following spells (save DC 18): banishment, branding smite, beacon of hope, earthquake, or heroism. Once you use the hammer to cast a spell, that spell can't be cast again from it until the next dawn. The only thing capable of damaging the hammer is its fiendish twin Ardor. A creature wielding Ardor can choose to attack Zeal, which has an AC of 21 and 300 hit points. No other creature or object can damage Zeal.","extra_damage_avg 3.5, extra_damage_priced_avg 3.5, extra_damage_multiplier 1","https://5e.tools/items.html#zeal_taldoreicampaignsettingreborn"
"Zircon","Dungeon Master's Guide (2024)","$G","Mundane","No","50 gp","40 gp / 50 gp / 60 gp","Official","floor-tripwire","A pale blue green gemstone.","extra_damage_multiplier 1","https://5e.tools/items.html#zircon_xdmg"
