name,source,old,new,pct,bucket,evidence
Kiona's Notes,Where Evil Lives: The MCDM Book of Boss Battles,1.0,201.0,20000.0,ml-variance,no wave1/stealth/floor/match signature → ML retrain / variant-stat / rule-blend variance
Book of Secrets,Where Evil Lives: The MCDM Book of Boss Battles,1.0,101.0,10000.0,ml-variance,no wave1/stealth/floor/match signature → ML retrain / variant-stat / rule-blend variance
Whispergust Mote,The Griffon's Saddlebag: Book Two,120.83,7411.54,6033.86,ml-variance,no wave1/stealth/floor/match signature → ML retrain / variant-stat / rule-blend variance
Suude (Blue),Tal'Dorei Campaign Setting Reborn,291.73,6855.48,2249.94,intended-913/q7b,grenade-control attached_spells={'daily': {'1': ['hold monster']}}
Suude (Brown),Tal'Dorei Campaign Setting Reborn,291.73,6855.48,2249.94,intended-913/q7b,grenade-control attached_spells={'daily': {'1': ['hold monster']}}
Suude (Red),Tal'Dorei Campaign Setting Reborn,291.73,6855.48,2249.94,intended-913/q7b,grenade-control attached_spells={'daily': {'1': ['hold monster']}}
Mind Flayer Skull,Waterdeep: Dungeon of the Mad Mage,291.73,3092.98,960.22,ml-variance,no wave1/stealth/floor/match signature → ML retrain / variant-stat / rule-blend variance
Shield of Swans,Book of Ebon Tides,405.63,3939.35,871.17,ml-variance,no wave1/stealth/floor/match signature → ML retrain / variant-stat / rule-blend variance
Secret Path,Obojima: Tales from the Tall Grass,77.66,673.52,767.27,ml-variance,no wave1/stealth/floor/match signature → ML retrain / variant-stat / rule-blend variance
Staff of the Dream Shepherd,The Griffon's Saddlebag: Book Two,729.48,5986.68,720.68,intended-913/q7b,grenade-control attached_spells={'daily': {'1': ['hold monster']}}
Unknown Elixir,Obojima: Tales from the Tall Grass,429.16,3266.72,661.19,intended-913/q7b,spell_battery_max_level=6
Orostead Iced Tea (Common),The Griffon's Saddlebag: Book Two,127.29,958.8,653.24,ml-variance,no wave1/stealth/floor/match signature → ML retrain / variant-stat / rule-blend variance
Couatl Herald's Lash,The Griffon's Saddlebag: Book One,657.17,4804.37,631.07,intended-913/q7b,family-min weapon_bonus=1 type=M
Snugglebeast (Owlbear),The Griffon's Saddlebag: Book One,115.58,626.14,441.74,intended-913/q7b,name pattern Snugglebeast
Cottage Chest,The Griffon's Saddlebag: Book Two,3533.47,17855.73,405.33,intended-913/q7b,spell_battery_max_level=8
Couatl Herald's Mantle,The Griffon's Saddlebag: Book One,729.48,3519.98,382.53,ml-variance,no wave1/stealth/floor/match signature → ML retrain / variant-stat / rule-blend variance
Indigo Painted Stone,Tales from the Shadows,852.72,3697.43,333.6,ml-variance,no wave1/stealth/floor/match signature → ML retrain / variant-stat / rule-blend variance
Cleaning Cube,The Griffon's Saddlebag: Book Two,120.83,522.15,332.14,ml-variance,no wave1/stealth/floor/match signature → ML retrain / variant-stat / rule-blend variance
Slumbering Dragon's Wrath Vertebrae Sword,Fizban's Treasury of Dragons,894.12,3786.22,323.46,ml-variance,no wave1/stealth/floor/match signature → ML retrain / variant-stat / rule-blend variance
Bird of a Feather (Common),The Griffon's Saddlebag: Book One,115.58,478.11,313.66,ml-variance,no wave1/stealth/floor/match signature → ML retrain / variant-stat / rule-blend variance
Vanisher Hat,Tome of Beasts 1 (2023 Edition),958.07,3897.1,306.77,ml-variance,no wave1/stealth/floor/match signature → ML retrain / variant-stat / rule-blend variance
Talons of the Squall,Humblewood Tales,1052.57,4274.09,306.06,ml-variance,no wave1/stealth/floor/match signature → ML retrain / variant-stat / rule-blend variance
Jade Serpent Staff,Waterdeep: Dungeon of the Mad Mage,291.73,1080.48,270.37,intended-913/q7b,spell_battery_max_level=5
Sky Swimming,Obojima: Tales from the Tall Grass,77.66,275.24,254.42,ml-variance,no wave1/stealth/floor/match signature → ML retrain / variant-stat / rule-blend variance
Wispy Sour (Common),The Griffon's Saddlebag: Book Two,77.66,275.24,254.42,ml-variance,no wave1/stealth/floor/match signature → ML retrain / variant-stat / rule-blend variance
Rift Sheath,The Griffon's Saddlebag: Book Two,1527.21,5302.54,247.2,intended-913/q7b,family-min weapon_bonus=1 type=M
+3 True Name Repeater Needler,The Illrigger Revised,2436.85,8000.0,228.29,intended-913/q7b,family-min weapon_bonus=3 type=R
Psi Lenses,Where Evil Lives: The MCDM Book of Boss Battles,802.87,2576.25,220.88,ml-variance,no wave1/stealth/floor/match signature → ML retrain / variant-stat / rule-blend variance
Sibling Purses,Obojima: Tales from the Tall Grass,802.87,2576.25,220.88,ml-variance,no wave1/stealth/floor/match signature → ML retrain / variant-stat / rule-blend variance
Drow +3 Repeater Needler,Monster Manual,2502.1,8000.0,219.73,intended-913/q7b,family-min weapon_bonus=3 type=R
Rapid Withdrawal,Obojima: Tales from the Tall Grass,429.16,1304.51,203.97,ml-variance,no wave1/stealth/floor/match signature → ML retrain / variant-stat / rule-blend variance
Sunbaked Cassette,Obojima: Tales from the Tall Grass,729.48,2148.48,194.52,ml-variance,no wave1/stealth/floor/match signature → ML retrain / variant-stat / rule-blend variance
Pnakotic Manuscripts,Cthulhu by Torchlight,847.2,2485.23,193.35,ml-variance,no wave1/stealth/floor/match signature → ML retrain / variant-stat / rule-blend variance
Duck Foot,Obojima: Tales from the Tall Grass,77.66,225.58,190.47,ml-variance,no wave1/stealth/floor/match signature → ML retrain / variant-stat / rule-blend variance
Bartender's Armistice,The Griffon's Saddlebag: Book Two,3533.47,10068.23,184.94,intended-913/q7b,grenade-control attached_spells={'daily': {'1': ['hold monster']}}
Resuscitation Bomb,Grim Hollow: Campaign Guide (2024/Transformed),3533.47,10068.23,184.94,intended-913/q7b,grenade-control attached_spells={'daily': {'1': ['hold monster']}}
Slumbering Dragon's Wrath Side-handle Baton,Fizban's Treasury of Dragons,882.14,2425.0,174.9,ml-variance,no wave1/stealth/floor/match signature → ML retrain / variant-stat / rule-blend variance
Stonebane Dagger,Frontiers of Eberron: Quickstone,1627.07,4406.8,170.84,ml-variance,no wave1/stealth/floor/match signature → ML retrain / variant-stat / rule-blend variance
Slumbering Dragon's Wrath Elite Rapier,Fizban's Treasury of Dragons,904.93,2446.36,170.34,ml-variance,no wave1/stealth/floor/match signature → ML retrain / variant-stat / rule-blend variance
Slumbering Dragon's Wrath Sabre,Fizban's Treasury of Dragons,904.93,2446.36,170.34,ml-variance,no wave1/stealth/floor/match signature → ML retrain / variant-stat / rule-blend variance
Stonebane Club,Frontiers of Eberron: Quickstone,1651.76,4465.1,170.32,ml-variance,no wave1/stealth/floor/match signature → ML retrain / variant-stat / rule-blend variance
Stonebane Handaxe,Frontiers of Eberron: Quickstone,1651.76,4465.1,170.32,ml-variance,no wave1/stealth/floor/match signature → ML retrain / variant-stat / rule-blend variance
Stonebane Javelin,Frontiers of Eberron: Quickstone,1651.76,4465.1,170.32,ml-variance,no wave1/stealth/floor/match signature → ML retrain / variant-stat / rule-blend variance
Stonebane Light Hammer,Frontiers of Eberron: Quickstone,1651.76,4465.1,170.32,ml-variance,no wave1/stealth/floor/match signature → ML retrain / variant-stat / rule-blend variance
Stonebane Shortsword,Frontiers of Eberron: Quickstone,1651.76,4465.1,170.32,ml-variance,no wave1/stealth/floor/match signature → ML retrain / variant-stat / rule-blend variance
Stonebane Sickle,Frontiers of Eberron: Quickstone,1651.76,4465.1,170.32,ml-variance,no wave1/stealth/floor/match signature → ML retrain / variant-stat / rule-blend variance
Stonebane Scimitar,Frontiers of Eberron: Quickstone,1666.21,4499.21,170.03,ml-variance,no wave1/stealth/floor/match signature → ML retrain / variant-stat / rule-blend variance
Stonebane Spear,Frontiers of Eberron: Quickstone,1666.21,4499.21,170.03,ml-variance,no wave1/stealth/floor/match signature → ML retrain / variant-stat / rule-blend variance
Stonebane Whip,Frontiers of Eberron: Quickstone,1666.21,4499.21,170.03,ml-variance,no wave1/stealth/floor/match signature → ML retrain / variant-stat / rule-blend variance
Stonebane Mace,Frontiers of Eberron: Quickstone,1676.46,4523.4,169.82,ml-variance,no wave1/stealth/floor/match signature → ML retrain / variant-stat / rule-blend variance
Stonebane Quarterstaff,Frontiers of Eberron: Quickstone,1676.46,4523.4,169.82,ml-variance,no wave1/stealth/floor/match signature → ML retrain / variant-stat / rule-blend variance
Stonebane Flail,Frontiers of Eberron: Quickstone,1703.25,4586.66,169.29,ml-variance,no wave1/stealth/floor/match signature → ML retrain / variant-stat / rule-blend variance
Stonebane Rapier,Frontiers of Eberron: Quickstone,1703.25,4586.66,169.29,ml-variance,no wave1/stealth/floor/match signature → ML retrain / variant-stat / rule-blend variance
Stonebane War Pick,Frontiers of Eberron: Quickstone,1703.25,4586.66,169.29,ml-variance,no wave1/stealth/floor/match signature → ML retrain / variant-stat / rule-blend variance
Slumbering Dragon's Wrath Cavalry Flail,Fizban's Treasury of Dragons,911.25,2452.29,169.11,ml-variance,no wave1/stealth/floor/match signature → ML retrain / variant-stat / rule-blend variance
Stonebane Longsword,Frontiers of Eberron: Quickstone,1717.69,4620.76,169.01,ml-variance,no wave1/stealth/floor/match signature → ML retrain / variant-stat / rule-blend variance
Marid Conch,Call from the Deep,10437.09,28075.93,169.0,ml-variance,no wave1/stealth/floor/match signature → ML retrain / variant-stat / rule-blend variance
Stonebane Battleaxe,Frontiers of Eberron: Quickstone,1727.94,4644.96,168.81,ml-variance,no wave1/stealth/floor/match signature → ML retrain / variant-stat / rule-blend variance
Stonebane Morningstar,Frontiers of Eberron: Quickstone,1727.94,4644.96,168.81,ml-variance,no wave1/stealth/floor/match signature → ML retrain / variant-stat / rule-blend variance
Stonebane Trident,Frontiers of Eberron: Quickstone,1727.94,4644.96,168.81,ml-variance,no wave1/stealth/floor/match signature → ML retrain / variant-stat / rule-blend variance
Stonebane Warhammer,Frontiers of Eberron: Quickstone,1735.89,4663.73,168.67,ml-variance,no wave1/stealth/floor/match signature → ML retrain / variant-stat / rule-blend variance
Stonebane Glaive,Frontiers of Eberron: Quickstone,1742.38,4679.06,168.54,ml-variance,no wave1/stealth/floor/match signature → ML retrain / variant-stat / rule-blend variance
Stonebane Halberd,Frontiers of Eberron: Quickstone,1742.38,4679.06,168.54,ml-variance,no wave1/stealth/floor/match signature → ML retrain / variant-stat / rule-blend variance
Stonebane Lance,Frontiers of Eberron: Quickstone,1742.38,4679.06,168.54,ml-variance,no wave1/stealth/floor/match signature → ML retrain / variant-stat / rule-blend variance
Stonebane Greatclub,Frontiers of Eberron: Quickstone,1760.58,4722.03,168.21,ml-variance,no wave1/stealth/floor/match signature → ML retrain / variant-stat / rule-blend variance
Stonebane Pike,Frontiers of Eberron: Quickstone,1781.52,4771.47,167.83,ml-variance,no wave1/stealth/floor/match signature → ML retrain / variant-stat / rule-blend variance
Stonebane Greatsword,Frontiers of Eberron: Quickstone,1793.87,4800.62,167.61,ml-variance,no wave1/stealth/floor/match signature → ML retrain / variant-stat / rule-blend variance
Stonebane Greataxe,Frontiers of Eberron: Quickstone,1799.36,4813.59,167.52,ml-variance,no wave1/stealth/floor/match signature → ML retrain / variant-stat / rule-blend variance
Stonebane Maul,Frontiers of Eberron: Quickstone,1812.06,4843.59,167.3,ml-variance,no wave1/stealth/floor/match signature → ML retrain / variant-stat / rule-blend variance
Masks of the Sacred Beasts (Crocodile),The Griffon's Saddlebag: Book Two,152.59,397.65,160.6,intended-913/q7b,name pattern Masks of the Sacred Beasts
Sunfeather Shroud (uncommon),Heliana's Guide to Monster Hunting,958.07,2493.54,160.27,ml-variance,no wave1/stealth/floor/match signature → ML retrain / variant-stat / rule-blend variance
Medusan Signet,The Griffon's Saddlebag: Book Two,916.66,2342.24,155.52,ml-variance,no wave1/stealth/floor/match signature → ML retrain / variant-stat / rule-blend variance
Snugglebeast (Unicorn),The Griffon's Saddlebag: Book One,802.87,2039.18,153.99,intended-913/q7b,name pattern Snugglebeast
Mace of the Pumpkin King,The Griffon's Saddlebag: Book Two,1008.84,2465.49,144.39,ml-variance,no wave1/stealth/floor/match signature → ML retrain / variant-stat / rule-blend variance
+3 Adamantine Repeater Needler,Call from the Deep,1000.0,2401.01,140.1,intended-913/q7b,family-min weapon_bonus=3 type=R
Mantle of the Lightbender,"Flee, Mortals! The MCDM Monster Book",958.07,2280.52,138.03,ml-variance,no wave1/stealth/floor/match signature → ML retrain / variant-stat / rule-blend variance
Silver Eagle Studded Cuirass,The Griffon's Saddlebag: Book Two,1090.63,2394.33,119.54,ml-variance,no wave1/stealth/floor/match signature → ML retrain / variant-stat / rule-blend variance
Bane Side-handle Baton,Exploring Eberron (2024),7818.13,16356.2,109.21,intended-913/q7b,family-min weapon_bonus=1 type=M
Bane Elite Rapier,Exploring Eberron (2024),8126.1,16938.53,108.45,intended-913/q7b,family-min weapon_bonus=1 type=M
Bane Sabre,Exploring Eberron (2024),8126.1,16938.53,108.45,intended-913/q7b,family-min weapon_bonus=1 type=M
Bane Cavalry Flail,Exploring Eberron (2024),8212.5,17101.91,108.24,intended-913/q7b,family-min weapon_bonus=1 type=M
Mudslick Tower,Phandelver and Below: The Shattered Obelisk,10117.92,21057.69,108.12,intended-913/q7b,spell_battery_max_level=8
Massive Cluster,Monsters of Drakkenheim,5251.0,1.0,99.98,floor-tripwire,rarity floor 1 gp
Lilypad Tonic,The Crooked Moon,2883.54,82.33,97.14,ml-variance,no wave1/stealth/floor/match signature → ML retrain / variant-stat / rule-blend variance
Volcanic Boots,The Griffon's Saddlebag: Book One,5967.61,11756.84,97.01,intended-913/q7b,grenade-control attached_spells={'daily': {'1': ['hold monster']}}
Couatl Herald's Scales,The Griffon's Saddlebag: Book One,2879.8,5658.54,96.49,ml-variance,no wave1/stealth/floor/match signature → ML retrain / variant-stat / rule-blend variance
Seven Cryptical Books of Hsan,Cthulhu by Torchlight,23602.43,848.68,96.4,ml-variance,no wave1/stealth/floor/match signature → ML retrain / variant-stat / rule-blend variance
Iron Mind,Obojima: Tales from the Tall Grass,77.66,152.33,96.15,ml-variance,no wave1/stealth/floor/match signature → ML retrain / variant-stat / rule-blend variance
Living Loot Satchel,Acquisitions Incorporated,16750.0,750.0,95.52,ml-variance,no wave1/stealth/floor/match signature → ML retrain / variant-stat / rule-blend variance
Saint Vitruvio's Phylactery,Dungeons of Drakkenheim,43003.67,3149.41,92.68,ml-variance,no wave1/stealth/floor/match signature → ML retrain / variant-stat / rule-blend variance
Stonky's ring,Candlekeep Mysteries,12828.33,940.46,92.67,ml-variance,no wave1/stealth/floor/match signature → ML retrain / variant-stat / rule-blend variance
Stonebane Wrath Maul,Frontiers of Eberron: Quickstone,1170.26,2252.69,92.49,ml-variance,no wave1/stealth/floor/match signature → ML retrain / variant-stat / rule-blend variance
Xibalban Blade,The Griffon's Saddlebag: Book Two,22241.03,1694.64,92.38,intended-913/q7b,family-min weapon_bonus=1 type=M
Whisper Jar,Acquisitions Incorporated,8775.0,675.0,92.31,ml-variance,no wave1/stealth/floor/match signature → ML retrain / variant-stat / rule-blend variance
Stonebane Polearm,Frontiers of Eberron: Quickstone,1162.31,2233.92,92.2,ml-variance,no wave1/stealth/floor/match signature → ML retrain / variant-stat / rule-blend variance
Stonebane Wrath Axe,Frontiers of Eberron: Quickstone,1162.31,2233.92,92.2,ml-variance,no wave1/stealth/floor/match signature → ML retrain / variant-stat / rule-blend variance
Stonebane Military Fork,Frontiers of Eberron: Quickstone,1147.86,2199.82,91.65,ml-variance,no wave1/stealth/floor/match signature → ML retrain / variant-stat / rule-blend variance
Vial of Stardust,Waterdeep: Dungeon of the Mad Mage,9632.71,813.89,91.55,ml-variance,no wave1/stealth/floor/match signature → ML retrain / variant-stat / rule-blend variance
Stonebane Claymore,Frontiers of Eberron: Quickstone,1143.11,2188.59,91.46,ml-variance,no wave1/stealth/floor/match signature → ML retrain / variant-stat / rule-blend variance
Oloore Root Teabag,Tal'Dorei Campaign Setting Reborn,8679.44,742.5,91.45,ml-variance,no wave1/stealth/floor/match signature → ML retrain / variant-stat / rule-blend variance
Stonebane Knightly Lance,Frontiers of Eberron: Quickstone,1137.62,2175.62,91.24,ml-variance,no wave1/stealth/floor/match signature → ML retrain / variant-stat / rule-blend variance
Book of Dzyan,Cthulhu by Torchlight,11458.57,1094.72,90.45,ml-variance,no wave1/stealth/floor/match signature → ML retrain / variant-stat / rule-blend variance
New Life,Obojima: Tales from the Tall Grass,1661.48,3162.27,90.33,ml-variance,no wave1/stealth/floor/match signature → ML retrain / variant-stat / rule-blend variance
Stormrider Boots,Tal'Dorei Campaign Setting Reborn,3533.47,6715.26,90.05,ml-variance,no wave1/stealth/floor/match signature → ML retrain / variant-stat / rule-blend variance
Stonebane Guardian Poleaxe,Frontiers of Eberron: Quickstone,1100.58,2088.17,89.73,ml-variance,no wave1/stealth/floor/match signature → ML retrain / variant-stat / rule-blend variance
Stonebane Steel Jaws,Frontiers of Eberron: Quickstone,1098.48,2083.22,89.65,ml-variance,no wave1/stealth/floor/match signature → ML retrain / variant-stat / rule-blend variance
Daff's Wonderful Draught,Frontiers of Eberron: Quickstone,3026.02,337.12,88.86,ml-variance,no wave1/stealth/floor/match signature → ML retrain / variant-stat / rule-blend variance
Ivana's Whisper,Van Richten's Guide to Ravenloft,6027.71,708.89,88.24,ml-variance,no wave1/stealth/floor/match signature → ML retrain / variant-stat / rule-blend variance
Stonebane Cavalry Flail,Frontiers of Eberron: Quickstone,1061.44,1995.76,88.02,ml-variance,no wave1/stealth/floor/match signature → ML retrain / variant-stat / rule-blend variance
Stonebane Cavalry Hammer,Frontiers of Eberron: Quickstone,1061.44,1995.76,88.02,ml-variance,no wave1/stealth/floor/match signature → ML retrain / variant-stat / rule-blend variance
Stonebane Cavalry Pick,Frontiers of Eberron: Quickstone,1061.44,1995.76,88.02,ml-variance,no wave1/stealth/floor/match signature → ML retrain / variant-stat / rule-blend variance
Stonebane Knightly Sword,Frontiers of Eberron: Quickstone,1061.44,1995.76,88.02,ml-variance,no wave1/stealth/floor/match signature → ML retrain / variant-stat / rule-blend variance
Bane Wrath Maul,Exploring Eberron (2024),8863.44,16645.25,87.8,intended-913/q7b,family-min weapon_bonus=1 type=M
Bane Polearm,Exploring Eberron (2024),8815.89,16555.34,87.79,intended-913/q7b,family-min weapon_bonus=1 type=M
Bane Wrath Axe,Exploring Eberron (2024),8815.89,16555.34,87.79,intended-913/q7b,family-min weapon_bonus=1 type=M
Bane Maul,Exploring Eberron (2024),8777.04,16481.87,87.78,intended-913/q7b,family-min weapon_bonus=1 type=M
Bane Military Fork,Exploring Eberron (2024),8729.48,16391.96,87.78,intended-913/q7b,family-min weapon_bonus=1 type=M
Bane Claymore,Exploring Eberron (2024),8701.03,16338.15,87.77,intended-913/q7b,family-min weapon_bonus=1 type=M
Bane Greataxe,Exploring Eberron (2024),8701.03,16338.15,87.77,intended-913/q7b,family-min weapon_bonus=1 type=M
Bane Greatsword,Exploring Eberron (2024),8668.18,16276.04,87.77,intended-913/q7b,family-min weapon_bonus=1 type=M
Bane Knightly Lance,Exploring Eberron (2024),8668.18,16276.04,87.77,intended-913/q7b,family-min weapon_bonus=1 type=M
Bane Pike,Exploring Eberron (2024),8594.32,16136.39,87.76,intended-913/q7b,family-min weapon_bonus=1 type=M
Bane Greatclub,Exploring Eberron (2024),8469.07,15899.54,87.74,intended-913/q7b,family-min weapon_bonus=1 type=M
Bane Guardian Poleaxe,Exploring Eberron (2024),8446.61,15857.09,87.73,intended-913/q7b,family-min weapon_bonus=1 type=M
Bane Steel Jaws,Exploring Eberron (2024),8434.06,15833.36,87.73,intended-913/q7b,family-min weapon_bonus=1 type=M
Bane Glaive,Exploring Eberron (2024),8360.21,15693.71,87.72,intended-913/q7b,family-min weapon_bonus=1 type=M
Bane Halberd,Exploring Eberron (2024),8360.21,15693.71,87.72,intended-913/q7b,family-min weapon_bonus=1 type=M
Bane Lance,Exploring Eberron (2024),8360.21,15693.71,87.72,intended-913/q7b,family-min weapon_bonus=1 type=M
Bane Warhammer,Exploring Eberron (2024),8321.36,15620.24,87.71,intended-913/q7b,family-min weapon_bonus=1 type=M
Bane Battleaxe,Exploring Eberron (2024),8273.8,15530.33,87.7,intended-913/q7b,family-min weapon_bonus=1 type=M
Bane Morningstar,Exploring Eberron (2024),8273.8,15530.33,87.7,intended-913/q7b,family-min weapon_bonus=1 type=M
Bane Trident,Exploring Eberron (2024),8273.8,15530.33,87.7,intended-913/q7b,family-min weapon_bonus=1 type=M
Bane Cavalry Hammer,Exploring Eberron (2024),8212.5,15414.41,87.69,intended-913/q7b,family-min weapon_bonus=1 type=M
Bane Cavalry Pick,Exploring Eberron (2024),8212.5,15414.41,87.69,intended-913/q7b,family-min weapon_bonus=1 type=M
Bane Knightly Sword,Exploring Eberron (2024),8212.5,15414.41,87.69,intended-913/q7b,family-min weapon_bonus=1 type=M
Bane Longsword,Exploring Eberron (2024),8212.5,15414.41,87.69,intended-913/q7b,family-min weapon_bonus=1 type=M
Bane Flail,Exploring Eberron (2024),8126.1,15251.03,87.68,intended-913/q7b,family-min weapon_bonus=1 type=M
Bane Rapier,Exploring Eberron (2024),8126.1,15251.03,87.68,intended-913/q7b,family-min weapon_bonus=1 type=M
Bane War Pick,Exploring Eberron (2024),8126.1,15251.03,87.68,intended-913/q7b,family-min weapon_bonus=1 type=M
"Bane Fighting Chain, Brutal",Exploring Eberron (2024),8052.24,15111.38,87.67,intended-913/q7b,family-min weapon_bonus=1 type=M
Bane Sheathed Staff,Exploring Eberron (2024),8052.24,15111.38,87.67,intended-913/q7b,family-min weapon_bonus=1 type=M
Bane Catchpole,Exploring Eberron (2024),8013.39,15037.91,87.66,intended-913/q7b,family-min weapon_bonus=1 type=M
Bane Double Blade,Exploring Eberron (2024),8013.39,15037.91,87.66,intended-913/q7b,family-min weapon_bonus=1 type=M
Bane Gladiator Net,Exploring Eberron (2024),8013.39,15037.91,87.66,intended-913/q7b,family-min weapon_bonus=1 type=M
Bane Double Spear,Exploring Eberron (2024),7965.84,14948.0,87.65,intended-913/q7b,family-min weapon_bonus=1 type=M
Bane Mace,Exploring Eberron (2024),7965.84,14948.0,87.65,intended-913/q7b,family-min weapon_bonus=1 type=M
Bane Quarterstaff,Exploring Eberron (2024),7965.84,14948.0,87.65,intended-913/q7b,family-min weapon_bonus=1 type=M
Bane Fighting Chain,Exploring Eberron (2024),7904.53,14832.08,87.64,intended-913/q7b,family-min weapon_bonus=1 type=M
"Bane Fighting Chain, Hook",Exploring Eberron (2024),7904.53,14832.08,87.64,intended-913/q7b,family-min weapon_bonus=1 type=M
"Bane Fighting Chain, Sickle",Exploring Eberron (2024),7904.53,14832.08,87.64,intended-913/q7b,family-min weapon_bonus=1 type=M
Bane Punch Knife,Exploring Eberron (2024),7904.53,14832.08,87.64,intended-913/q7b,family-min weapon_bonus=1 type=M
Bane Scimitar,Exploring Eberron (2024),7904.53,14832.08,87.64,intended-913/q7b,family-min weapon_bonus=1 type=M
Bane Spear,Exploring Eberron (2024),7904.53,14832.08,87.64,intended-913/q7b,family-min weapon_bonus=1 type=M
Bane Whip,Exploring Eberron (2024),7904.53,14832.08,87.64,intended-913/q7b,family-min weapon_bonus=1 type=M
Bane Club,Exploring Eberron (2024),7818.13,14668.7,87.62,intended-913/q7b,family-min weapon_bonus=1 type=M
Bane Hand Claws,Exploring Eberron (2024),7818.13,14668.7,87.62,intended-913/q7b,family-min weapon_bonus=1 type=M
Bane Handaxe,Exploring Eberron (2024),7818.13,14668.7,87.62,intended-913/q7b,family-min weapon_bonus=1 type=M
Bane Javelin,Exploring Eberron (2024),7818.13,14668.7,87.62,intended-913/q7b,family-min weapon_bonus=1 type=M
Bane Light Hammer,Exploring Eberron (2024),7818.13,14668.7,87.62,intended-913/q7b,family-min weapon_bonus=1 type=M
Bane Returning Club,Exploring Eberron (2024),7818.13,14668.7,87.62,intended-913/q7b,family-min weapon_bonus=1 type=M
Bane Shortsword,Exploring Eberron (2024),7818.13,14668.7,87.62,intended-913/q7b,family-min weapon_bonus=1 type=M
Bane Sickle,Exploring Eberron (2024),7818.13,14668.7,87.62,intended-913/q7b,family-min weapon_bonus=1 type=M
Bane Brass Knuckles,Exploring Eberron (2024),7670.42,14389.4,87.6,intended-913/q7b,family-min weapon_bonus=1 type=M
Bane Chakram,Exploring Eberron (2024),7670.42,14389.4,87.6,intended-913/q7b,family-min weapon_bonus=1 type=M
Bane Dagger,Exploring Eberron (2024),7670.42,14389.4,87.6,intended-913/q7b,family-min weapon_bonus=1 type=M
Bane Parrying Dagger,Exploring Eberron (2024),7670.42,14389.4,87.6,intended-913/q7b,family-min weapon_bonus=1 type=M
Bane Punching Dagger,Exploring Eberron (2024),7670.42,14389.4,87.6,intended-913/q7b,family-min weapon_bonus=1 type=M
Stonebane Elite Rapier,Frontiers of Eberron: Quickstone,1047.0,1961.66,87.36,ml-variance,no wave1/stealth/floor/match signature → ML retrain / variant-stat / rule-blend variance
Stonebane Sabre,Frontiers of Eberron: Quickstone,1047.0,1961.66,87.36,ml-variance,no wave1/stealth/floor/match signature → ML retrain / variant-stat / rule-blend variance
The Shield of Sacred Flame,Dungeons of Drakkenheim,37129.0,4868.32,86.89,ml-variance,no wave1/stealth/floor/match signature → ML retrain / variant-stat / rule-blend variance
"Stonebane Fighting Chain, Brutal",Frontiers of Eberron: Quickstone,1034.65,1932.51,86.78,ml-variance,no wave1/stealth/floor/match signature → ML retrain / variant-stat / rule-blend variance
Stonebane Sheathed Staff,Frontiers of Eberron: Quickstone,1034.65,1932.51,86.78,ml-variance,no wave1/stealth/floor/match signature → ML retrain / variant-stat / rule-blend variance
Stonebane Catchpole,Frontiers of Eberron: Quickstone,1028.16,1917.17,86.47,ml-variance,no wave1/stealth/floor/match signature → ML retrain / variant-stat / rule-blend variance
Stonebane Double Blade,Frontiers of Eberron: Quickstone,1028.16,1917.17,86.47,ml-variance,no wave1/stealth/floor/match signature → ML retrain / variant-stat / rule-blend variance
Stonebane Gladiator Net,Frontiers of Eberron: Quickstone,1028.16,1917.17,86.47,ml-variance,no wave1/stealth/floor/match signature → ML retrain / variant-stat / rule-blend variance
Stonebane Double Spear,Frontiers of Eberron: Quickstone,1020.21,1898.4,86.08,ml-variance,no wave1/stealth/floor/match signature → ML retrain / variant-stat / rule-blend variance
Stonebane Fighting Chain,Frontiers of Eberron: Quickstone,1009.96,1874.21,85.57,ml-variance,no wave1/stealth/floor/match signature → ML retrain / variant-stat / rule-blend variance
"Stonebane Fighting Chain, Hook",Frontiers of Eberron: Quickstone,1009.96,1874.21,85.57,ml-variance,no wave1/stealth/floor/match signature → ML retrain / variant-stat / rule-blend variance
"Stonebane Fighting Chain, Sickle",Frontiers of Eberron: Quickstone,1009.96,1874.21,85.57,ml-variance,no wave1/stealth/floor/match signature → ML retrain / variant-stat / rule-blend variance
Stonebane Punch Knife,Frontiers of Eberron: Quickstone,1009.96,1874.21,85.57,ml-variance,no wave1/stealth/floor/match signature → ML retrain / variant-stat / rule-blend variance
Ironshod Trotters,The Griffon's Saddlebag: Book One,6120.13,903.59,85.24,ml-variance,no wave1/stealth/floor/match signature → ML retrain / variant-stat / rule-blend variance
Woodcutter's Axe,The Wild Beyond the Witchlight,5455.5,826.32,84.85,intended-913/q7b,family-min weapon_bonus=1 type=M
Stonebane Hand Claws,Frontiers of Eberron: Quickstone,995.51,1840.1,84.84,ml-variance,no wave1/stealth/floor/match signature → ML retrain / variant-stat / rule-blend variance
Stonebane Returning Club,Frontiers of Eberron: Quickstone,995.51,1840.1,84.84,ml-variance,no wave1/stealth/floor/match signature → ML retrain / variant-stat / rule-blend variance
Stonebane Side-handle Baton,Frontiers of Eberron: Quickstone,995.51,1840.1,84.84,ml-variance,no wave1/stealth/floor/match signature → ML retrain / variant-stat / rule-blend variance
Steward's Seal,Dungeons of Drakkenheim,24796.57,3949.71,84.07,ml-variance,no wave1/stealth/floor/match signature → ML retrain / variant-stat / rule-blend variance
Stonebane Brass Knuckles,Frontiers of Eberron: Quickstone,970.82,1781.8,83.54,ml-variance,no wave1/stealth/floor/match signature → ML retrain / variant-stat / rule-blend variance
Stonebane Chakram,Frontiers of Eberron: Quickstone,970.82,1781.8,83.54,ml-variance,no wave1/stealth/floor/match signature → ML retrain / variant-stat / rule-blend variance
Stonebane Parrying Dagger,Frontiers of Eberron: Quickstone,970.82,1781.8,83.54,ml-variance,no wave1/stealth/floor/match signature → ML retrain / variant-stat / rule-blend variance
Stonebane Punching Dagger,Frontiers of Eberron: Quickstone,970.82,1781.8,83.54,ml-variance,no wave1/stealth/floor/match signature → ML retrain / variant-stat / rule-blend variance
Visionary's Cloak,"Flee, Mortals! The MCDM Monster Book",11863.43,21753.32,83.36,ml-variance,no wave1/stealth/floor/match signature → ML retrain / variant-stat / rule-blend variance
Scythe of the Harvest Terror (Legendary),The Crooked Moon,44577.66,81228.85,82.22,intended-913/q7b,family-min weapon_bonus=3 type=M
Babble Pipes,One-Shot Wonders: Holiday Adventure Pack,1141.01,2052.15,79.85,ml-variance,no wave1/stealth/floor/match signature → ML retrain / variant-stat / rule-blend variance
Metronome Drum,One-Shot Wonders: Holiday Adventure Pack,1141.01,2052.15,79.85,ml-variance,no wave1/stealth/floor/match signature → ML retrain / variant-stat / rule-blend variance
Helm of Patron Saints,Dungeons of Drakkenheim,29215.83,5948.58,79.64,ml-variance,no wave1/stealth/floor/match signature → ML retrain / variant-stat / rule-blend variance
Dragongleam,Hoard of the Dragon Queen,9580.35,1954.12,79.6,ml-variance,no wave1/stealth/floor/match signature → ML retrain / variant-stat / rule-blend variance
Crown of the Mindmaster Matriarch,The Griffon's Saddlebag: Book Two,15423.67,3149.41,79.58,ml-variance,no wave1/stealth/floor/match signature → ML retrain / variant-stat / rule-blend variance
Battleaxe Time Splitter (uncommon),Heliana's Guide to Monster Hunting,7711.16,1587.59,79.41,ml-variance,no wave1/stealth/floor/match signature → ML retrain / variant-stat / rule-blend variance
Boarding Axe Time Splitter (uncommon),Heliana's Guide to Monster Hunting,7579.4,1560.46,79.41,ml-variance,no wave1/stealth/floor/match signature → ML retrain / variant-stat / rule-blend variance
Greataxe Time Splitter (uncommon),Heliana's Guide to Monster Hunting,8254.33,1699.42,79.41,ml-variance,no wave1/stealth/floor/match signature → ML retrain / variant-stat / rule-blend variance
Handaxe Time Splitter (uncommon),Heliana's Guide to Monster Hunting,7106.83,1463.17,79.41,ml-variance,no wave1/stealth/floor/match signature → ML retrain / variant-stat / rule-blend variance
Frefil's Jolly Oozebean Sugarbombs,The Griffon's Saddlebag: Book One,802.87,1438.44,79.16,ml-variance,no wave1/stealth/floor/match signature → ML retrain / variant-stat / rule-blend variance
Chancellor's Crest,Dungeons of Drakkenheim,18400.58,3886.71,78.88,ml-variance,no wave1/stealth/floor/match signature → ML retrain / variant-stat / rule-blend variance
Quickstone Whisperer,Frontiers of Eberron: Quickstone,4249.14,903.59,78.73,ml-variance,no wave1/stealth/floor/match signature → ML retrain / variant-stat / rule-blend variance
Portfolio Keeper,Acquisitions Incorporated,12750.0,2750.0,78.43,ml-variance,no wave1/stealth/floor/match signature → ML retrain / variant-stat / rule-blend variance
Covolt Dagger,The Griffon's Saddlebag: Book Two,4004.38,883.96,77.93,ml-variance,no wave1/stealth/floor/match signature → ML retrain / variant-stat / rule-blend variance
Occultant Abacus,Acquisitions Incorporated,3465.0,765.0,77.92,ml-variance,no wave1/stealth/floor/match signature → ML retrain / variant-stat / rule-blend variance
Sagittarian Padded Armor,The Griffon's Saddlebag: Book Two,2169.0,484.71,77.65,ml-variance,no wave1/stealth/floor/match signature → ML retrain / variant-stat / rule-blend variance
Sagittarian Leather Armor,The Griffon's Saddlebag: Book Two,2170.5,486.21,77.6,ml-variance,no wave1/stealth/floor/match signature → ML retrain / variant-stat / rule-blend variance
Sagittarian Hide Armor,The Griffon's Saddlebag: Book Two,2221.77,498.91,77.54,ml-variance,no wave1/stealth/floor/match signature → ML retrain / variant-stat / rule-blend variance
Sagittarian Spiked Armor,The Griffon's Saddlebag: Book Two,2321.31,521.31,77.54,ml-variance,no wave1/stealth/floor/match signature → ML retrain / variant-stat / rule-blend variance
Sagittarian Studded Leather Armor,The Griffon's Saddlebag: Book Two,2221.77,498.91,77.54,ml-variance,no wave1/stealth/floor/match signature → ML retrain / variant-stat / rule-blend variance
Mask of the Maestro,Grim Hollow: Campaign Guide (2024/Transformed),2832.87,643.01,77.3,ml-variance,no wave1/stealth/floor/match signature → ML retrain / variant-stat / rule-blend variance
Returning Club of the Sun And Moon,Obojima: Tales from the Tall Grass,15426.6,3510.41,77.24,ml-variance,no wave1/stealth/floor/match signature → ML retrain / variant-stat / rule-blend variance
Sagittarian Ring Mail,The Griffon's Saddlebag: Book Two,2330.31,530.31,77.24,ml-variance,no wave1/stealth/floor/match signature → ML retrain / variant-stat / rule-blend variance
Crusader's Shortsword,Curse of Strahd,3269.33,747.07,77.15,intended-913/q7b,family-min weapon_bonus=1 type=M
Sagittarian Chain Shirt,The Griffon's Saddlebag: Book Two,2285.04,523.61,77.09,ml-variance,no wave1/stealth/floor/match signature → ML retrain / variant-stat / rule-blend variance
Sagittarian Scale Mail,The Griffon's Saddlebag: Book Two,2336.31,536.31,77.04,ml-variance,no wave1/stealth/floor/match signature → ML retrain / variant-stat / rule-blend variance
Sword of the Crimson Abbot (Rare),The Crooked Moon,9264.93,2128.64,77.02,intended-913/q7b,family-min weapon_bonus=1 type=M
Harper Pin,Forgotten Realms: Adventures in Faerûn,3915.13,903.59,76.92,ml-variance,no wave1/stealth/floor/match signature → ML retrain / variant-stat / rule-blend variance
Wakened Dragon-Touched Focus,Fizban's Treasury of Dragons,41153.95,9503.9,76.91,ml-variance,no wave1/stealth/floor/match signature → ML retrain / variant-stat / rule-blend variance
Sagittarian Chain Mail,The Griffon's Saddlebag: Book Two,2446.35,569.21,76.73,ml-variance,no wave1/stealth/floor/match signature → ML retrain / variant-stat / rule-blend variance
Repeater Needler of the Sun And Moon,Obojima: Tales from the Tall Grass,15300.0,3600.0,76.47,intended-913/q7b,name pattern Repeater Needler
Bellow Flute of the Sun And Moon,Obojima: Tales from the Tall Grass,14659.32,3467.05,76.35,ml-variance,no wave1/stealth/floor/match signature → ML retrain / variant-stat / rule-blend variance
Blowgun of the Sun And Moon,Obojima: Tales from the Tall Grass,15043.44,3558.41,76.35,ml-variance,no wave1/stealth/floor/match signature → ML retrain / variant-stat / rule-blend variance
Boomerang of the Sun And Moon,Obojima: Tales from the Tall Grass,14659.32,3467.05,76.35,ml-variance,no wave1/stealth/floor/match signature → ML retrain / variant-stat / rule-blend variance
Brass Knuckles of the Sun And Moon,Obojima: Tales from the Tall Grass,14659.32,3467.05,76.35,ml-variance,no wave1/stealth/floor/match signature → ML retrain / variant-stat / rule-blend variance
Butterfly Staff of the Sun And Moon,Obojima: Tales from the Tall Grass,14659.32,3467.05,76.35,ml-variance,no wave1/stealth/floor/match signature → ML retrain / variant-stat / rule-blend variance
Catchpole of the Sun And Moon,Obojima: Tales from the Tall Grass,15082.56,3567.71,76.35,ml-variance,no wave1/stealth/floor/match signature → ML retrain / variant-stat / rule-blend variance
Chakram of the Sun And Moon,Obojima: Tales from the Tall Grass,14659.32,3467.05,76.35,ml-variance,no wave1/stealth/floor/match signature → ML retrain / variant-stat / rule-blend variance
Club of the Sun And Moon,Obojima: Tales from the Tall Grass,14841.6,3510.41,76.35,ml-variance,no wave1/stealth/floor/match signature → ML retrain / variant-stat / rule-blend variance
Composite Shortbow of the Sun And Moon,Obojima: Tales from the Tall Grass,14841.6,3510.41,76.35,ml-variance,no wave1/stealth/floor/match signature → ML retrain / variant-stat / rule-blend variance
Dagger of the Sun And Moon,Obojima: Tales from the Tall Grass,14659.32,3467.05,76.35,ml-variance,no wave1/stealth/floor/match signature → ML retrain / variant-stat / rule-blend variance
Dart of the Sun And Moon,Obojima: Tales from the Tall Grass,14294.76,3380.35,76.35,ml-variance,no wave1/stealth/floor/match signature → ML retrain / variant-stat / rule-blend variance
Double Blade of the Sun And Moon,Obojima: Tales from the Tall Grass,15082.56,3567.71,76.35,ml-variance,no wave1/stealth/floor/match signature → ML retrain / variant-stat / rule-blend variance
Double Spear of the Sun And Moon,Obojima: Tales from the Tall Grass,15023.88,3553.76,76.35,ml-variance,no wave1/stealth/floor/match signature → ML retrain / variant-stat / rule-blend variance
Fan of the Sun And Moon,Obojima: Tales from the Tall Grass,14659.32,3467.05,76.35,ml-variance,no wave1/stealth/floor/match signature → ML retrain / variant-stat / rule-blend variance
Field Spear of the Sun And Moon,Obojima: Tales from the Tall Grass,14659.32,3467.05,76.35,ml-variance,no wave1/stealth/floor/match signature → ML retrain / variant-stat / rule-blend variance
Fighting Chain of the Sun And Moon,Obojima: Tales from the Tall Grass,14948.23,3535.76,76.35,ml-variance,no wave1/stealth/floor/match signature → ML retrain / variant-stat / rule-blend variance
"Fighting Chain, Brutal of the Sun And Moon",Obojima: Tales from the Tall Grass,15130.51,3579.12,76.35,ml-variance,no wave1/stealth/floor/match signature → ML retrain / variant-stat / rule-blend variance
"Fighting Chain, Hook of the Sun And Moon",Obojima: Tales from the Tall Grass,14948.23,3535.76,76.35,ml-variance,no wave1/stealth/floor/match signature → ML retrain / variant-stat / rule-blend variance
"Fighting Chain, Sickle of the Sun And Moon",Obojima: Tales from the Tall Grass,14948.23,3535.76,76.35,ml-variance,no wave1/stealth/floor/match signature → ML retrain / variant-stat / rule-blend variance
Frying Pan of the Sun And Moon,Obojima: Tales from the Tall Grass,15130.51,3579.12,76.35,ml-variance,no wave1/stealth/floor/match signature → ML retrain / variant-stat / rule-blend variance
Gladiator Net of the Sun And Moon,Obojima: Tales from the Tall Grass,15082.56,3567.71,76.35,ml-variance,no wave1/stealth/floor/match signature → ML retrain / variant-stat / rule-blend variance
Hand Claws of the Sun And Moon,Obojima: Tales from the Tall Grass,14841.6,3510.41,76.35,ml-variance,no wave1/stealth/floor/match signature → ML retrain / variant-stat / rule-blend variance
Hand Crossbow of the Sun And Moon,Obojima: Tales from the Tall Grass,14948.23,3535.76,76.35,ml-variance,no wave1/stealth/floor/match signature → ML retrain / variant-stat / rule-blend variance
Handaxe of the Sun And Moon,Obojima: Tales from the Tall Grass,14841.6,3510.41,76.35,ml-variance,no wave1/stealth/floor/match signature → ML retrain / variant-stat / rule-blend variance
Hooked Shortspear of the Sun And Moon,Obojima: Tales from the Tall Grass,14841.6,3510.41,76.35,ml-variance,no wave1/stealth/floor/match signature → ML retrain / variant-stat / rule-blend variance
Hoopak of the Sun And Moon,Obojima: Tales from the Tall Grass,14841.6,3510.41,76.35,ml-variance,no wave1/stealth/floor/match signature → ML retrain / variant-stat / rule-blend variance
Javelin of the Sun And Moon,Obojima: Tales from the Tall Grass,14841.6,3510.41,76.35,ml-variance,no wave1/stealth/floor/match signature → ML retrain / variant-stat / rule-blend variance
Light Hammer of the Sun And Moon,Obojima: Tales from the Tall Grass,14841.6,3510.41,76.35,ml-variance,no wave1/stealth/floor/match signature → ML retrain / variant-stat / rule-blend variance
Lom Lom Dagger of the Sun And Moon,Obojima: Tales from the Tall Grass,14659.32,3467.05,76.35,ml-variance,no wave1/stealth/floor/match signature → ML retrain / variant-stat / rule-blend variance
Mace of the Sun And Moon,Obojima: Tales from the Tall Grass,15023.88,3553.76,76.35,ml-variance,no wave1/stealth/floor/match signature → ML retrain / variant-stat / rule-blend variance
Nakudama Bubble Rod of the Sun And Moon,Obojima: Tales from the Tall Grass,15043.44,3558.41,76.35,ml-variance,no wave1/stealth/floor/match signature → ML retrain / variant-stat / rule-blend variance
Parrying Dagger of the Sun And Moon,Obojima: Tales from the Tall Grass,14659.32,3467.05,76.35,ml-variance,no wave1/stealth/floor/match signature → ML retrain / variant-stat / rule-blend variance
Punch Knife of the Sun And Moon,Obojima: Tales from the Tall Grass,14948.23,3535.76,76.35,ml-variance,no wave1/stealth/floor/match signature → ML retrain / variant-stat / rule-blend variance
Punching Dagger of the Sun And Moon,Obojima: Tales from the Tall Grass,14659.32,3467.05,76.35,ml-variance,no wave1/stealth/floor/match signature → ML retrain / variant-stat / rule-blend variance
Quarterstaff of the Sun And Moon,Obojima: Tales from the Tall Grass,15023.88,3553.76,76.35,ml-variance,no wave1/stealth/floor/match signature → ML retrain / variant-stat / rule-blend variance
"Repeater Crossbow, Hand of the Sun And Moon",Obojima: Tales from the Tall Grass,14948.23,3535.76,76.35,ml-variance,no wave1/stealth/floor/match signature → ML retrain / variant-stat / rule-blend variance
Scimitar of the Sun And Moon,Obojima: Tales from the Tall Grass,14948.23,3535.76,76.35,ml-variance,no wave1/stealth/floor/match signature → ML retrain / variant-stat / rule-blend variance
Secret Stone Sword of the Sun And Moon,Obojima: Tales from the Tall Grass,14659.32,3467.05,76.35,ml-variance,no wave1/stealth/floor/match signature → ML retrain / variant-stat / rule-blend variance
Sheathed Staff of the Sun And Moon,Obojima: Tales from the Tall Grass,15130.51,3579.12,76.35,ml-variance,no wave1/stealth/floor/match signature → ML retrain / variant-stat / rule-blend variance
Shepherd Crook of the Sun And Moon,Obojima: Tales from the Tall Grass,15023.88,3553.76,76.35,ml-variance,no wave1/stealth/floor/match signature → ML retrain / variant-stat / rule-blend variance
Shortbow of the Sun And Moon,Obojima: Tales from the Tall Grass,14841.6,3510.41,76.35,ml-variance,no wave1/stealth/floor/match signature → ML retrain / variant-stat / rule-blend variance
Shortsword of the Sun And Moon,Obojima: Tales from the Tall Grass,14841.6,3510.41,76.35,ml-variance,no wave1/stealth/floor/match signature → ML retrain / variant-stat / rule-blend variance
Shovel of the Sun And Moon,Obojima: Tales from the Tall Grass,15023.88,3553.76,76.35,ml-variance,no wave1/stealth/floor/match signature → ML retrain / variant-stat / rule-blend variance
Sickle of the Sun And Moon,Obojima: Tales from the Tall Grass,14841.6,3510.41,76.35,ml-variance,no wave1/stealth/floor/match signature → ML retrain / variant-stat / rule-blend variance
Side-handle Baton of the Sun And Moon,Obojima: Tales from the Tall Grass,14841.6,3510.41,76.35,ml-variance,no wave1/stealth/floor/match signature → ML retrain / variant-stat / rule-blend variance
Sling of the Sun And Moon,Obojima: Tales from the Tall Grass,14948.23,3535.76,76.35,ml-variance,no wave1/stealth/floor/match signature → ML retrain / variant-stat / rule-blend variance
Spear of the Sun And Moon,Obojima: Tales from the Tall Grass,14948.23,3535.76,76.35,ml-variance,no wave1/stealth/floor/match signature → ML retrain / variant-stat / rule-blend variance
Tapper Sack of the Sun And Moon,Obojima: Tales from the Tall Grass,15082.56,3567.71,76.35,ml-variance,no wave1/stealth/floor/match signature → ML retrain / variant-stat / rule-blend variance
Trident of the Sun And Moon,Obojima: Tales from the Tall Grass,15023.88,3553.76,76.35,ml-variance,no wave1/stealth/floor/match signature → ML retrain / variant-stat / rule-blend variance
Twinshot Hand Crossbow of the Sun And Moon,Obojima: Tales from the Tall Grass,15082.56,3567.71,76.35,ml-variance,no wave1/stealth/floor/match signature → ML retrain / variant-stat / rule-blend variance
Umbrella of the Sun And Moon,Obojima: Tales from the Tall Grass,14841.6,3510.41,76.35,ml-variance,no wave1/stealth/floor/match signature → ML retrain / variant-stat / rule-blend variance
Whip of the Sun And Moon,Obojima: Tales from the Tall Grass,14948.23,3535.76,76.35,ml-variance,no wave1/stealth/floor/match signature → ML retrain / variant-stat / rule-blend variance
Arbalest of the Sun And Moon,Obojima: Tales from the Tall Grass,16215.35,3837.13,76.34,ml-variance,no wave1/stealth/floor/match signature → ML retrain / variant-stat / rule-blend variance
Battleaxe of the Sun And Moon,Obojima: Tales from the Tall Grass,15408.0,3645.11,76.34,ml-variance,no wave1/stealth/floor/match signature → ML retrain / variant-stat / rule-blend variance
Blackpowder Pistol of the Sun And Moon,Obojima: Tales from the Tall Grass,15408.0,3645.11,76.34,ml-variance,no wave1/stealth/floor/match signature → ML retrain / variant-stat / rule-blend variance
Blackpowder Rifle of the Sun And Moon,Obojima: Tales from the Tall Grass,16033.07,3793.78,76.34,ml-variance,no wave1/stealth/floor/match signature → ML retrain / variant-stat / rule-blend variance
Blunderbuss of the Sun And Moon,Obojima: Tales from the Tall Grass,16033.07,3793.78,76.34,ml-variance,no wave1/stealth/floor/match signature → ML retrain / variant-stat / rule-blend variance
"Blunderbuss, Hand of the Sun And Moon",Obojima: Tales from the Tall Grass,15408.0,3645.11,76.34,ml-variance,no wave1/stealth/floor/match signature → ML retrain / variant-stat / rule-blend variance
Boarding Axe of the Sun And Moon,Obojima: Tales from the Tall Grass,15332.34,3627.12,76.34,ml-variance,no wave1/stealth/floor/match signature → ML retrain / variant-stat / rule-blend variance
Boat Oar of the Sun And Moon,Obojima: Tales from the Tall Grass,15590.27,3688.47,76.34,ml-variance,no wave1/stealth/floor/match signature → ML retrain / variant-stat / rule-blend variance
Candlemaker's Club of the Sun And Moon,Obojima: Tales from the Tall Grass,16033.07,3793.78,76.34,ml-variance,no wave1/stealth/floor/match signature → ML retrain / variant-stat / rule-blend variance
Cavalry Flail of the Sun And Moon,Obojima: Tales from the Tall Grass,15332.34,3627.12,76.34,ml-variance,no wave1/stealth/floor/match signature → ML retrain / variant-stat / rule-blend variance
Cavalry Hammer of the Sun And Moon,Obojima: Tales from the Tall Grass,15332.34,3627.12,76.34,ml-variance,no wave1/stealth/floor/match signature → ML retrain / variant-stat / rule-blend variance
Cavalry Pick of the Sun And Moon,Obojima: Tales from the Tall Grass,15332.34,3627.12,76.34,ml-variance,no wave1/stealth/floor/match signature → ML retrain / variant-stat / rule-blend variance
Claymore of the Sun And Moon,Obojima: Tales from the Tall Grass,15939.28,3771.47,76.34,ml-variance,no wave1/stealth/floor/match signature → ML retrain / variant-stat / rule-blend variance
Composite Longbow of the Sun And Moon,Obojima: Tales from the Tall Grass,15225.72,3601.76,76.34,ml-variance,no wave1/stealth/floor/match signature → ML retrain / variant-stat / rule-blend variance
Dandelion Spear of the Sun And Moon,Obojima: Tales from the Tall Grass,15514.62,3670.47,76.34,ml-variance,no wave1/stealth/floor/match signature → ML retrain / variant-stat / rule-blend variance
Double-Bladed Scimitar of the Sun And Moon,Obojima: Tales from the Tall Grass,15514.62,3670.47,76.34,ml-variance,no wave1/stealth/floor/match signature → ML retrain / variant-stat / rule-blend variance
Dragon Pistol of the Sun And Moon,Obojima: Tales from the Tall Grass,15408.0,3645.11,76.34,ml-variance,no wave1/stealth/floor/match signature → ML retrain / variant-stat / rule-blend variance
Dragon Rifle of the Sun And Moon,Obojima: Tales from the Tall Grass,15792.11,3736.47,76.34,ml-variance,no wave1/stealth/floor/match signature → ML retrain / variant-stat / rule-blend variance
Elite Rapier of the Sun And Moon,Obojima: Tales from the Tall Grass,15225.72,3601.76,76.34,ml-variance,no wave1/stealth/floor/match signature → ML retrain / variant-stat / rule-blend variance
Flail of the Sun And Moon,Obojima: Tales from the Tall Grass,15225.72,3601.76,76.34,ml-variance,no wave1/stealth/floor/match signature → ML retrain / variant-stat / rule-blend variance
Flame Bellows of the Sun And Moon,Obojima: Tales from the Tall Grass,16058.14,3799.74,76.34,ml-variance,no wave1/stealth/floor/match signature → ML retrain / variant-stat / rule-blend variance
Glaive of the Sun And Moon,Obojima: Tales from the Tall Grass,15514.62,3670.47,76.34,ml-variance,no wave1/stealth/floor/match signature → ML retrain / variant-stat / rule-blend variance
Greataxe of the Sun And Moon,Obojima: Tales from the Tall Grass,15939.28,3771.47,76.34,ml-variance,no wave1/stealth/floor/match signature → ML retrain / variant-stat / rule-blend variance
Greatclub of the Sun And Moon,Obojima: Tales from the Tall Grass,15648.96,3702.42,76.34,ml-variance,no wave1/stealth/floor/match signature → ML retrain / variant-stat / rule-blend variance
Greatsword of the Sun And Moon,Obojima: Tales from the Tall Grass,15898.74,3761.83,76.34,ml-variance,no wave1/stealth/floor/match signature → ML retrain / variant-stat / rule-blend variance
Guardian Poleaxe of the Sun And Moon,Obojima: Tales from the Tall Grass,15621.25,3695.83,76.34,ml-variance,no wave1/stealth/floor/match signature → ML retrain / variant-stat / rule-blend variance
Halberd of the Sun And Moon,Obojima: Tales from the Tall Grass,15514.62,3670.47,76.34,ml-variance,no wave1/stealth/floor/match signature → ML retrain / variant-stat / rule-blend variance
Heavy Crossbow of the Sun And Moon,Obojima: Tales from the Tall Grass,15803.53,3739.18,76.34,ml-variance,no wave1/stealth/floor/match signature → ML retrain / variant-stat / rule-blend variance
Iron Tea Kettle of the Sun And Moon,Obojima: Tales from the Tall Grass,15225.72,3601.76,76.34,ml-variance,no wave1/stealth/floor/match signature → ML retrain / variant-stat / rule-blend variance
Knightly Lance of the Sun And Moon,Obojima: Tales from the Tall Grass,15898.74,3761.83,76.34,ml-variance,no wave1/stealth/floor/match signature → ML retrain / variant-stat / rule-blend variance
Knightly Sword of the Sun And Moon,Obojima: Tales from the Tall Grass,15332.34,3627.12,76.34,ml-variance,no wave1/stealth/floor/match signature → ML retrain / variant-stat / rule-blend variance
Lance of the Sun And Moon,Obojima: Tales from the Tall Grass,15898.74,3761.83,76.34,ml-variance,no wave1/stealth/floor/match signature → ML retrain / variant-stat / rule-blend variance
Light Crossbow of the Sun And Moon,Obojima: Tales from the Tall Grass,15466.68,3659.07,76.34,ml-variance,no wave1/stealth/floor/match signature → ML retrain / variant-stat / rule-blend variance
Light Repeating Crossbow of the Sun And Moon,Obojima: Tales from the Tall Grass,15466.68,3659.07,76.34,ml-variance,no wave1/stealth/floor/match signature → ML retrain / variant-stat / rule-blend variance
Longbow of the Sun And Moon,Obojima: Tales from the Tall Grass,15225.72,3601.76,76.34,ml-variance,no wave1/stealth/floor/match signature → ML retrain / variant-stat / rule-blend variance
Longsword of the Sun And Moon,Obojima: Tales from the Tall Grass,15332.34,3627.12,76.34,ml-variance,no wave1/stealth/floor/match signature → ML retrain / variant-stat / rule-blend variance
Maul of the Sun And Moon,Obojima: Tales from the Tall Grass,16033.07,3793.78,76.34,ml-variance,no wave1/stealth/floor/match signature → ML retrain / variant-stat / rule-blend variance
Military Fork of the Sun And Moon,Obojima: Tales from the Tall Grass,15974.39,3779.82,76.34,ml-variance,no wave1/stealth/floor/match signature → ML retrain / variant-stat / rule-blend variance
Morningstar of the Sun And Moon,Obojima: Tales from the Tall Grass,15408.0,3645.11,76.34,ml-variance,no wave1/stealth/floor/match signature → ML retrain / variant-stat / rule-blend variance
Musket of the Sun And Moon,Obojima: Tales from the Tall Grass,16033.07,3793.78,76.34,ml-variance,no wave1/stealth/floor/match signature → ML retrain / variant-stat / rule-blend variance
Net of the Sun And Moon,Obojima: Tales from the Tall Grass,15332.34,3627.12,76.34,ml-variance,no wave1/stealth/floor/match signature → ML retrain / variant-stat / rule-blend variance
Pike of the Sun And Moon,Obojima: Tales from the Tall Grass,15803.53,3739.18,76.34,ml-variance,no wave1/stealth/floor/match signature → ML retrain / variant-stat / rule-blend variance
Pistol of the Sun And Moon,Obojima: Tales from the Tall Grass,15332.34,3627.12,76.34,ml-variance,no wave1/stealth/floor/match signature → ML retrain / variant-stat / rule-blend variance
Polearm of the Sun And Moon,Obojima: Tales from the Tall Grass,16081.02,3805.18,76.34,ml-variance,no wave1/stealth/floor/match signature → ML retrain / variant-stat / rule-blend variance
Rapier of the Sun And Moon,Obojima: Tales from the Tall Grass,15225.72,3601.76,76.34,ml-variance,no wave1/stealth/floor/match signature → ML retrain / variant-stat / rule-blend variance
Repeater Crossbow of the Sun And Moon,Obojima: Tales from the Tall Grass,15555.16,3680.11,76.34,ml-variance,no wave1/stealth/floor/match signature → ML retrain / variant-stat / rule-blend variance
"Repeater Crossbow, Heavy of the Sun And Moon",Obojima: Tales from the Tall Grass,15831.23,3745.77,76.34,ml-variance,no wave1/stealth/floor/match signature → ML retrain / variant-stat / rule-blend variance
Repeater Slinger of the Sun And Moon,Obojima: Tales from the Tall Grass,15621.25,3695.83,76.34,ml-variance,no wave1/stealth/floor/match signature → ML retrain / variant-stat / rule-blend variance
Sabre of the Sun And Moon,Obojima: Tales from the Tall Grass,15225.72,3601.76,76.34,ml-variance,no wave1/stealth/floor/match signature → ML retrain / variant-stat / rule-blend variance
Steel Jaws of the Sun And Moon,Obojima: Tales from the Tall Grass,15609.83,3693.12,76.34,ml-variance,no wave1/stealth/floor/match signature → ML retrain / variant-stat / rule-blend variance
Vaulter's Axe of the Sun And Moon,Obojima: Tales from the Tall Grass,15755.58,3727.78,76.34,ml-variance,no wave1/stealth/floor/match signature → ML retrain / variant-stat / rule-blend variance
War Pick of the Sun And Moon,Obojima: Tales from the Tall Grass,15225.72,3601.76,76.34,ml-variance,no wave1/stealth/floor/match signature → ML retrain / variant-stat / rule-blend variance
Warhammer of the Sun And Moon,Obojima: Tales from the Tall Grass,15225.72,3601.76,76.34,ml-variance,no wave1/stealth/floor/match signature → ML retrain / variant-stat / rule-blend variance
Wrath Axe of the Sun And Moon,Obojima: Tales from the Tall Grass,16081.02,3805.18,76.34,ml-variance,no wave1/stealth/floor/match signature → ML retrain / variant-stat / rule-blend variance
Wrath Maul of the Sun And Moon,Obojima: Tales from the Tall Grass,16139.7,3819.14,76.34,ml-variance,no wave1/stealth/floor/match signature → ML retrain / variant-stat / rule-blend variance
Yklwa of the Sun And Moon,Obojima: Tales from the Tall Grass,15332.34,3627.12,76.34,ml-variance,no wave1/stealth/floor/match signature → ML retrain / variant-stat / rule-blend variance
Drive Shaft of the Sun And Moon,Obojima: Tales from the Tall Grass,16599.47,3928.49,76.33,ml-variance,no wave1/stealth/floor/match signature → ML retrain / variant-stat / rule-blend variance
Dry Spell,Frontiers of Eberron: Quickstone,5231.97,1249.08,76.13,ml-variance,no wave1/stealth/floor/match signature → ML retrain / variant-stat / rule-blend variance
Detective's Notebook,The Griffon's Saddlebag: Book Two,3754.87,903.59,75.94,ml-variance,no wave1/stealth/floor/match signature → ML retrain / variant-stat / rule-blend variance
Fortune's Flower,The Griffon's Saddlebag: Book Two,470.55,114.4,75.69,ml-variance,no wave1/stealth/floor/match signature → ML retrain / variant-stat / rule-blend variance
Sagittarian Splint Armor,The Griffon's Saddlebag: Book Two,2535.12,619.4,75.57,ml-variance,no wave1/stealth/floor/match signature → ML retrain / variant-stat / rule-blend variance
Midwife Shears,The Crooked Moon,15177.99,3886.71,74.39,ml-variance,no wave1/stealth/floor/match signature → ML retrain / variant-stat / rule-blend variance
Houseward (Uncommon),Exploring Eberron (2024),12852.71,3333.89,74.06,ml-variance,no wave1/stealth/floor/match signature → ML retrain / variant-stat / rule-blend variance
Trident of the Dryad,The Griffon's Saddlebag: Book One,1707.27,2963.09,73.56,ml-variance,no wave1/stealth/floor/match signature → ML retrain / variant-stat / rule-blend variance
Starshot Hand Crossbow,The Book of Many Things,14936.26,3957.3,73.51,ml-variance,no wave1/stealth/floor/match signature → ML retrain / variant-stat / rule-blend variance
Starshot Heavy Crossbow,The Book of Many Things,17415.67,4614.21,73.51,ml-variance,no wave1/stealth/floor/match signature → ML retrain / variant-stat / rule-blend variance
Starshot Light Crossbow,The Book of Many Things,16529.4,4379.4,73.51,ml-variance,no wave1/stealth/floor/match signature → ML retrain / variant-stat / rule-blend variance
Starshot Light Repeating Crossbow,The Book of Many Things,16529.4,4379.4,73.51,ml-variance,no wave1/stealth/floor/match signature → ML retrain / variant-stat / rule-blend variance
Shadowscale Shroud,The Griffon's Saddlebag: Book Two,45252.77,78308.58,73.05,ml-variance,no wave1/stealth/floor/match signature → ML retrain / variant-stat / rule-blend variance
Eye of Starsight,Humblewood Tales,5029.0,8690.18,72.8,ml-variance,no wave1/stealth/floor/match signature → ML retrain / variant-stat / rule-blend variance
Ring of Wind,The Griffon's Saddlebag: Book One,3203.47,887.15,72.31,ml-variance,no wave1/stealth/floor/match signature → ML retrain / variant-stat / rule-blend variance
+2 True Name Repeater Needler,The Illrigger Revised,581.34,1000.0,72.02,intended-913/q7b,family-min weapon_bonus=2 type=R
Mourningsteel Ghost Candle,The Griffon's Saddlebag: Book Two,3206.38,903.59,71.82,ml-variance,no wave1/stealth/floor/match signature → ML retrain / variant-stat / rule-blend variance
Headdress of the Serpent King,The Griffon's Saddlebag: Book Two,2019.26,571.59,71.69,ml-variance,no wave1/stealth/floor/match signature → ML retrain / variant-stat / rule-blend variance
Reaper's Revenge,The Crooked Moon,5159.32,1490.3,71.11,ml-variance,no wave1/stealth/floor/match signature → ML retrain / variant-stat / rule-blend variance
Masque Charm,Strixhaven: A Curriculum of Chaos,383.05,114.4,70.13,ml-variance,no wave1/stealth/floor/match signature → ML retrain / variant-stat / rule-blend variance
Pharazorthok Sprout,Grim Hollow: Campaign Guide (2024/Transformed),10437.09,17741.65,69.99,ml-variance,no wave1/stealth/floor/match signature → ML retrain / variant-stat / rule-blend variance
Shadow Grimoire,Tales from the Shadows,20441.25,6142.72,69.95,ml-variance,no wave1/stealth/floor/match signature → ML retrain / variant-stat / rule-blend variance
Circlet of Barbed Vision (Exalted),Tal'Dorei Campaign Setting Reborn,33319.43,56534.57,69.67,ml-variance,no wave1/stealth/floor/match signature → ML retrain / variant-stat / rule-blend variance
Bracers of Arc Lightning,Monsters of Drakkenheim,12720.59,3886.71,69.45,ml-variance,no wave1/stealth/floor/match signature → ML retrain / variant-stat / rule-blend variance
Hooked Shortspear of Verdict,The Griffon's Saddlebag: Book Two,4532.8,1400.8,69.1,ml-variance,no wave1/stealth/floor/match signature → ML retrain / variant-stat / rule-blend variance
Hoopak of Verdict,The Griffon's Saddlebag: Book Two,4532.8,1400.8,69.1,ml-variance,no wave1/stealth/floor/match signature → ML retrain / variant-stat / rule-blend variance
Rocborne Rod,The Griffon's Saddlebag: Book One,5162.41,8721.77,68.95,ml-variance,no wave1/stealth/floor/match signature → ML retrain / variant-stat / rule-blend variance
Harvest,The Griffon's Saddlebag: Book Two,2844.27,883.96,68.92,ml-variance,no wave1/stealth/floor/match signature → ML retrain / variant-stat / rule-blend variance
Grieving Tree,Exploring Eberron (2024),3946.43,1240.68,68.56,ml-variance,no wave1/stealth/floor/match signature → ML retrain / variant-stat / rule-blend variance
Yklwa of Verdict,The Griffon's Saddlebag: Book Two,4616.21,1453.84,68.51,ml-variance,no wave1/stealth/floor/match signature → ML retrain / variant-stat / rule-blend variance
Double-Bladed Scimitar of Verdict,The Griffon's Saddlebag: Book Two,4657.38,1480.02,68.22,ml-variance,no wave1/stealth/floor/match signature → ML retrain / variant-stat / rule-blend variance
Shadow Child,Obojima: Tales from the Tall Grass,258.54,82.33,68.16,ml-variance,no wave1/stealth/floor/match signature → ML retrain / variant-stat / rule-blend variance
Night Messenger's Coat,Tales from the Shadows,2982.71,953.89,68.02,ml-variance,no wave1/stealth/floor/match signature → ML retrain / variant-stat / rule-blend variance
Azuredge,Waterdeep: Dragon Heist,84964.01,142709.52,67.96,intended-913/q7b,family-min weapon_bonus=3 type=M
Dusk Dagger (Rare),The Griffon's Saddlebag: Book Two,11390.19,3692.25,67.58,ml-variance,no wave1/stealth/floor/match signature → ML retrain / variant-stat / rule-blend variance
Pneuma Blade (rare),Heliana's Guide to Monster Hunting,11390.19,3692.25,67.58,ml-variance,no wave1/stealth/floor/match signature → ML retrain / variant-stat / rule-blend variance
"Prehistoric Figurine of Wondrous Power, Pyrite Plesiosaurus",Bigby Presents: Glory of the Giants,4767.71,1548.89,67.51,ml-variance,no wave1/stealth/floor/match signature → ML retrain / variant-stat / rule-blend variance
Doom Bloom,The Griffon's Saddlebag: Book Two,10744.64,3505.73,67.37,ml-variance,no wave1/stealth/floor/match signature → ML retrain / variant-stat / rule-blend variance
Waning Moon,"Flee, Mortals! The MCDM Monster Book",8945.72,14967.64,67.32,intended-913/q7b,family-min weapon_bonus=1 type=R
Sagittarian Breastplate,The Griffon's Saddlebag: Book Two,2441.31,800.0,67.23,ml-variance,no wave1/stealth/floor/match signature → ML retrain / variant-stat / rule-blend variance
Winter's Embrace,The Griffon's Saddlebag: Book One,40964.57,13525.82,66.98,ml-variance,no wave1/stealth/floor/match signature → ML retrain / variant-stat / rule-blend variance
Enchanted Feather,Grim Hollow: Campaign Guide (2024/Transformed),2457.71,813.89,66.88,ml-variance,no wave1/stealth/floor/match signature → ML retrain / variant-stat / rule-blend variance
Astral Sea Piercer,The Griffon's Saddlebag: Book One,78236.79,130465.9,66.76,intended-913/q7b,family-min weapon_bonus=3 type=M
Conch of Teleportation,Storm King's Thunder,49725.0,16650.0,66.52,ml-variance,no wave1/stealth/floor/match signature → ML retrain / variant-stat / rule-blend variance
Gusting Blowgun,The Griffon's Saddlebag: Book Two,1513.49,2515.33,66.19,ml-variance,no wave1/stealth/floor/match signature → ML retrain / variant-stat / rule-blend variance
Sceptre of Saint Vitruvio,Dungeons of Drakkenheim,34800.82,11770.17,66.18,intended-913/q7b,family-min weapon_bonus=2 type=M
Manor Key,Exploring Eberron (2024),20474.64,6935.73,66.13,ml-variance,no wave1/stealth/floor/match signature → ML retrain / variant-stat / rule-blend variance
Hag Eye,Dungeon Master's Guide (2024),7050.0,2416.0,65.73,ml-variance,no wave1/stealth/floor/match signature → ML retrain / variant-stat / rule-blend variance
Ring of Stone,The Griffon's Saddlebag: Book One,10787.73,3735.92,65.37,ml-variance,no wave1/stealth/floor/match signature → ML retrain / variant-stat / rule-blend variance
Time Splitter (uncommon),Heliana's Guide to Monster Hunting,4114.96,1433.35,65.17,ml-variance,no wave1/stealth/floor/match signature → ML retrain / variant-stat / rule-blend variance
Skyglider Shield,The Griffon's Saddlebag: Book Two,4550.88,7511.69,65.06,ml-variance,no wave1/stealth/floor/match signature → ML retrain / variant-stat / rule-blend variance
Splinterguard,The Griffon's Saddlebag: Book Two,3532.62,5827.96,64.98,ml-variance,no wave1/stealth/floor/match signature → ML retrain / variant-stat / rule-blend variance
Scorpion Lasher,The Griffon's Saddlebag: Book Two,2345.9,828.0,64.7,ml-variance,no wave1/stealth/floor/match signature → ML retrain / variant-stat / rule-blend variance
Liar's Lyre,The Griffon's Saddlebag: Book One,1541.21,2537.11,64.62,ml-variance,no wave1/stealth/floor/match signature → ML retrain / variant-stat / rule-blend variance
Antimagic Hide Armor,The Book of Many Things,64106.44,22757.86,64.5,ml-variance,no wave1/stealth/floor/match signature → ML retrain / variant-stat / rule-blend variance
Antimagic Leather Armor,The Book of Many Things,62668.92,22246.07,64.5,ml-variance,no wave1/stealth/floor/match signature → ML retrain / variant-stat / rule-blend variance
Antimagic Padded Armor,The Book of Many Things,62666.67,22243.82,64.5,ml-variance,no wave1/stealth/floor/match signature → ML retrain / variant-stat / rule-blend variance
Antimagic Spiked Armor,The Book of Many Things,66976.96,23776.96,64.5,ml-variance,no wave1/stealth/floor/match signature → ML retrain / variant-stat / rule-blend variance
Antimagic Studded Leather Armor,The Book of Many Things,64106.44,22757.86,64.5,ml-variance,no wave1/stealth/floor/match signature → ML retrain / variant-stat / rule-blend variance
Antimagic Ring Mail,The Book of Many Things,66990.46,23790.46,64.49,ml-variance,no wave1/stealth/floor/match signature → ML retrain / variant-stat / rule-blend variance
Antimagic Chain Shirt,The Book of Many Things,65561.95,23287.66,64.48,ml-variance,no wave1/stealth/floor/match signature → ML retrain / variant-stat / rule-blend variance
Antimagic Scale Mail,The Book of Many Things,66999.46,23799.46,64.48,ml-variance,no wave1/stealth/floor/match signature → ML retrain / variant-stat / rule-blend variance
Antimagic Chain Mail,The Book of Many Things,69885.74,24834.31,64.46,ml-variance,no wave1/stealth/floor/match signature → ML retrain / variant-stat / rule-blend variance
Antimagic Splint Armor,The Book of Many Things,71379.5,25402.36,64.41,ml-variance,no wave1/stealth/floor/match signature → ML retrain / variant-stat / rule-blend variance
Pack of LeviBubble Sugarbombs,The Griffon's Saddlebag: Book One,2282.71,813.89,64.35,ml-variance,no wave1/stealth/floor/match signature → ML retrain / variant-stat / rule-blend variance
Antimagic Breastplate,The Book of Many Things,67156.96,23956.96,64.33,ml-variance,no wave1/stealth/floor/match signature → ML retrain / variant-stat / rule-blend variance
Crown of the Barrow King (Rare),The Crooked Moon,14953.96,5352.47,64.21,ml-variance,no wave1/stealth/floor/match signature → ML retrain / variant-stat / rule-blend variance
Wyrm's Breath Grenade (Brass),Heliana's Guide to Monster Hunting,10437.09,17138.43,64.21,intended-913/q7b,grenade-control attached_spells={'daily': {'1': ['hold monster']}}
Antimagic Half Plate Armor,The Book of Many Things,68751.97,24626.26,64.18,ml-variance,no wave1/stealth/floor/match signature → ML retrain / variant-stat / rule-blend variance
Marotte of Chance,Humblewood Tales,3801.21,1363.63,64.13,ml-variance,no wave1/stealth/floor/match signature → ML retrain / variant-stat / rule-blend variance
Sentira Shard (Disgust),Chronicles of Eberron,427.01,700.87,64.13,ml-variance,no wave1/stealth/floor/match signature → ML retrain / variant-stat / rule-blend variance
Antimagic Plate Armor,The Book of Many Things,73402.01,26499.15,63.9,ml-variance,no wave1/stealth/floor/match signature → ML retrain / variant-stat / rule-blend variance
Siren Song Lyre,Mythic Odysseys of Theros,10620.0,3870.0,63.56,ml-variance,no wave1/stealth/floor/match signature → ML retrain / variant-stat / rule-blend variance
Axe of the Galloping Headsman (Legendary),The Crooked Moon,87529.6,143129.89,63.52,intended-913/q7b,family-min weapon_bonus=3 type=M
Vertebrae Sword of the Sun And Moon,Obojima: Tales from the Tall Grass,18080.94,6595.91,63.52,ml-variance,no wave1/stealth/floor/match signature → ML retrain / variant-stat / rule-blend variance
Coldrazor,Grim Hollow: Campaign Guide (2024/Transformed),87529.6,143082.64,63.47,intended-913/q7b,family-min weapon_bonus=3 type=M
Staff of Radiance,Book of Ebon Tides,48522.07,17723.74,63.47,ml-variance,no wave1/stealth/floor/match signature → ML retrain / variant-stat / rule-blend variance
Murk Blowgun,The Griffon's Saddlebag: Book Two,2193.6,813.89,62.9,ml-variance,no wave1/stealth/floor/match signature → ML retrain / variant-stat / rule-blend variance
Grand Friendship,Obojima: Tales from the Tall Grass,429.16,698.91,62.86,ml-variance,no wave1/stealth/floor/match signature → ML retrain / variant-stat / rule-blend variance
Grip of Dendallen,The Griffon's Saddlebag: Book One,25233.99,9372.75,62.86,ml-variance,no wave1/stealth/floor/match signature → ML retrain / variant-stat / rule-blend variance
Greatsword Pneuma Blade (rare),Heliana's Guide to Monster Hunting,11487.75,4274.51,62.79,ml-variance,no wave1/stealth/floor/match signature → ML retrain / variant-stat / rule-blend variance
Longsword Pneuma Blade (rare),Heliana's Guide to Monster Hunting,9875.25,3674.51,62.79,ml-variance,no wave1/stealth/floor/match signature → ML retrain / variant-stat / rule-blend variance
Houseward (Rare),Exploring Eberron (2024),16152.14,6025.73,62.69,ml-variance,no wave1/stealth/floor/match signature → ML retrain / variant-stat / rule-blend variance
Feywrought Padded Armor,The Book of Many Things,11632.82,4361.76,62.5,ml-variance,no wave1/stealth/floor/match signature → ML retrain / variant-stat / rule-blend variance
Feywrought Leather Armor,The Book of Many Things,11635.07,4364.01,62.49,ml-variance,no wave1/stealth/floor/match signature → ML retrain / variant-stat / rule-blend variance
Feywrought Hide Armor,The Book of Many Things,11903.86,4466.29,62.48,ml-variance,no wave1/stealth/floor/match signature → ML retrain / variant-stat / rule-blend variance
Feywrought Spiked Armor,The Book of Many Things,12436.96,4666.36,62.48,ml-variance,no wave1/stealth/floor/match signature → ML retrain / variant-stat / rule-blend variance
Feywrought Studded Leather Armor,The Book of Many Things,11903.86,4466.29,62.48,ml-variance,no wave1/stealth/floor/match signature → ML retrain / variant-stat / rule-blend variance
Padded Armor of Weightlessness,The Book of Many Things,4444.46,1668.58,62.46,ml-variance,no wave1/stealth/floor/match signature → ML retrain / variant-stat / rule-blend variance
Leather Armor of Weightlessness,The Book of Many Things,4446.71,1670.83,62.43,ml-variance,no wave1/stealth/floor/match signature → ML retrain / variant-stat / rule-blend variance
Seer's Starlight Cloak,The Griffon's Saddlebag: Book Two,1961.03,736.68,62.43,ml-variance,no wave1/stealth/floor/match signature → ML retrain / variant-stat / rule-blend variance
Feywrought Ring Mail,The Book of Many Things,12450.46,4679.86,62.41,ml-variance,no wave1/stealth/floor/match signature → ML retrain / variant-stat / rule-blend variance
Hide Armor of Weightlessness,The Book of Many Things,4550.89,1711.44,62.39,ml-variance,no wave1/stealth/floor/match signature → ML retrain / variant-stat / rule-blend variance
Spiked Armor of Weightlessness,The Book of Many Things,4754.75,1788.16,62.39,ml-variance,no wave1/stealth/floor/match signature → ML retrain / variant-stat / rule-blend variance
Studded Leather Armor of Weightlessness,The Book of Many Things,4550.89,1711.44,62.39,ml-variance,no wave1/stealth/floor/match signature → ML retrain / variant-stat / rule-blend variance
Feywrought Chain Shirt,The Book of Many Things,12190.66,4586.58,62.38,ml-variance,no wave1/stealth/floor/match signature → ML retrain / variant-stat / rule-blend variance
Feywrought Scale Mail,The Book of Many Things,12459.46,4688.86,62.37,ml-variance,no wave1/stealth/floor/match signature → ML retrain / variant-stat / rule-blend variance
Feywrought Chain Mail,The Book of Many Things,13008.31,4904.68,62.3,ml-variance,no wave1/stealth/floor/match signature → ML retrain / variant-stat / rule-blend variance
Detection Channeling Wand,Exploring Eberron (2024),15487.2,5847.25,62.24,ml-variance,no wave1/stealth/floor/match signature → ML retrain / variant-stat / rule-blend variance
Finding Channeling Wand,Exploring Eberron (2024),15487.2,5847.25,62.24,ml-variance,no wave1/stealth/floor/match signature → ML retrain / variant-stat / rule-blend variance
Handling Channeling Wand,Exploring Eberron (2024),15487.2,5847.25,62.24,ml-variance,no wave1/stealth/floor/match signature → ML retrain / variant-stat / rule-blend variance
Healing Channeling Wand,Exploring Eberron (2024),15487.2,5847.25,62.24,ml-variance,no wave1/stealth/floor/match signature → ML retrain / variant-stat / rule-blend variance
Hospitality Channeling Wand,Exploring Eberron (2024),15487.2,5847.25,62.24,ml-variance,no wave1/stealth/floor/match signature → ML retrain / variant-stat / rule-blend variance
Making Channeling Wand,Exploring Eberron (2024),15487.2,5847.25,62.24,ml-variance,no wave1/stealth/floor/match signature → ML retrain / variant-stat / rule-blend variance
Passage Channeling Wand,Exploring Eberron (2024),15487.2,5847.25,62.24,ml-variance,no wave1/stealth/floor/match signature → ML retrain / variant-stat / rule-blend variance
Scribing Channeling Wand,Exploring Eberron (2024),15487.2,5847.25,62.24,ml-variance,no wave1/stealth/floor/match signature → ML retrain / variant-stat / rule-blend variance
Sentinel Channeling Wand,Exploring Eberron (2024),15487.2,5847.25,62.24,ml-variance,no wave1/stealth/floor/match signature → ML retrain / variant-stat / rule-blend variance
Shadow Channeling Wand,Exploring Eberron (2024),15487.2,5847.25,62.24,ml-variance,no wave1/stealth/floor/match signature → ML retrain / variant-stat / rule-blend variance
Storm Channeling Wand,Exploring Eberron (2024),15487.2,5847.25,62.24,ml-variance,no wave1/stealth/floor/match signature → ML retrain / variant-stat / rule-blend variance
Warding Channeling Wand,Exploring Eberron (2024),15487.2,5847.25,62.24,ml-variance,no wave1/stealth/floor/match signature → ML retrain / variant-stat / rule-blend variance
Ring Mail of Weightlessness,The Book of Many Things,4768.25,1801.66,62.22,ml-variance,no wave1/stealth/floor/match signature → ML retrain / variant-stat / rule-blend variance
Nine Lives,Where Evil Lives: The MCDM Book of Boss Battles,10239.66,3869.94,62.21,intended-913/q7b,spell_battery_max_level=3
Chain Shirt of Weightlessness,The Book of Many Things,4673.07,1770.05,62.12,ml-variance,no wave1/stealth/floor/match signature → ML retrain / variant-stat / rule-blend variance
Storm's Eye Shield,The Griffon's Saddlebag: Book Two,10261.72,3886.67,62.12,ml-variance,no wave1/stealth/floor/match signature → ML retrain / variant-stat / rule-blend variance
Scale Mail of Weightlessness,The Book of Many Things,4777.25,1810.66,62.1,ml-variance,no wave1/stealth/floor/match signature → ML retrain / variant-stat / rule-blend variance
Feywrought Splint Armor,The Book of Many Things,13333.36,5063.22,62.03,ml-variance,no wave1/stealth/floor/match signature → ML retrain / variant-stat / rule-blend variance
Guardian's Reliquary,The Griffon's Saddlebag: Book Two,203830.57,77589.9,61.93,ml-variance,no wave1/stealth/floor/match signature → ML retrain / variant-stat / rule-blend variance
Chain Mail of Weightlessness,The Book of Many Things,4996.86,1903.13,61.91,ml-variance,no wave1/stealth/floor/match signature → ML retrain / variant-stat / rule-blend variance
Mace of the Priest,The Griffon's Saddlebag: Book Two,7710.94,2939.28,61.88,intended-913/q7b,family-min weapon_bonus=1 type=M
Sage's Signet (Serpent),The Book of Many Things,8788.06,3371.26,61.64,ml-variance,no wave1/stealth/floor/match signature → ML retrain / variant-stat / rule-blend variance
Sage's Signet (Songbird),The Book of Many Things,8788.06,3371.26,61.64,ml-variance,no wave1/stealth/floor/match signature → ML retrain / variant-stat / rule-blend variance
Feywrought Breastplate,The Book of Many Things,12616.96,4846.36,61.59,ml-variance,no wave1/stealth/floor/match signature → ML retrain / variant-stat / rule-blend variance
Flying Broomstick,Obojima: Tales from the Tall Grass,802.87,1294.89,61.28,ml-variance,no wave1/stealth/floor/match signature → ML retrain / variant-stat / rule-blend variance
Hoarder's Haul (Uncommon),The Griffon's Saddlebag: Book Two,802.87,1294.89,61.28,ml-variance,no wave1/stealth/floor/match signature → ML retrain / variant-stat / rule-blend variance
Rod of the Sovereigns' Servant,Where Evil Lives: The MCDM Book of Boss Battles,48199.33,18686.02,61.23,ml-variance,no wave1/stealth/floor/match signature → ML retrain / variant-stat / rule-blend variance
Splint Armor of Weightlessness,The Book of Many Things,5157.29,1999.99,61.22,ml-variance,no wave1/stealth/floor/match signature → ML retrain / variant-stat / rule-blend variance
Axe Beak Tomahawk,The Griffon's Saddlebag: Book One,857.14,1381.58,61.18,ml-variance,no wave1/stealth/floor/match signature → ML retrain / variant-stat / rule-blend variance
Feywrought Half Plate Armor,The Book of Many Things,13043.26,5106.15,60.85,ml-variance,no wave1/stealth/floor/match signature → ML retrain / variant-stat / rule-blend variance
Dusk Dagger (Uncommon),The Griffon's Saddlebag: Book Two,2255.72,883.96,60.81,ml-variance,no wave1/stealth/floor/match signature → ML retrain / variant-stat / rule-blend variance
Silence of the Drowned,The Crooked Moon,1072.6,422.97,60.57,ml-variance,no wave1/stealth/floor/match signature → ML retrain / variant-stat / rule-blend variance
Zephyr Padded Armor,Bigby Presents: Glory of the Giants,10041.0,3966.0,60.5,ml-variance,no wave1/stealth/floor/match signature → ML retrain / variant-stat / rule-blend variance
Zephyr Leather Armor,Bigby Presents: Glory of the Giants,10043.25,3968.25,60.49,ml-variance,no wave1/stealth/floor/match signature → ML retrain / variant-stat / rule-blend variance
Zephyr Studded Leather Armor,Bigby Presents: Glory of the Giants,11549.62,4563.38,60.49,ml-variance,no wave1/stealth/floor/match signature → ML retrain / variant-stat / rule-blend variance
Killskull Longbow of Dread,The Griffon's Saddlebag: Book One,9757.16,3886.71,60.17,ml-variance,no wave1/stealth/floor/match signature → ML retrain / variant-stat / rule-blend variance
Breastplate of Weightlessness,The Book of Many Things,4934.75,1968.16,60.12,ml-variance,no wave1/stealth/floor/match signature → ML retrain / variant-stat / rule-blend variance
Iggwilv's Horn,Descent into the Lost Caverns of Tsojcanth,7174.75,2862.85,60.1,ml-variance,no wave1/stealth/floor/match signature → ML retrain / variant-stat / rule-blend variance
Agony (Exalted),Tal'Dorei Campaign Setting Reborn,54099.92,21748.34,59.8,intended-913/q7b,family-min weapon_bonus=3 type=M
Covolt Scythe,The Griffon's Saddlebag: Book Two,9722.38,3916.16,59.72,ml-variance,no wave1/stealth/floor/match signature → ML retrain / variant-stat / rule-blend variance
Eldritch Bident,The Griffon's Saddlebag: Book Two,9723.39,3916.16,59.72,ml-variance,no wave1/stealth/floor/match signature → ML retrain / variant-stat / rule-blend variance
Elixir of Jipampa,Obojima: Tales from the Tall Grass,429.16,685.47,59.72,ml-variance,no wave1/stealth/floor/match signature → ML retrain / variant-stat / rule-blend variance
Feywrought Plate Armor,The Book of Many Things,14187.15,5750.5,59.47,ml-variance,no wave1/stealth/floor/match signature → ML retrain / variant-stat / rule-blend variance
Voting Kit,Acquisitions Incorporated,453.05,184.4,59.3,ml-variance,no wave1/stealth/floor/match signature → ML retrain / variant-stat / rule-blend variance
Agony (Awakened),Tal'Dorei Campaign Setting Reborn,63853.33,26264.49,58.87,intended-913/q7b,family-min weapon_bonus=2 type=M
Agony (Dormant),Tal'Dorei Campaign Setting Reborn,63853.33,26264.49,58.87,intended-913/q7b,family-min weapon_bonus=2 type=M
Bird of a Feather (Uncommon),The Griffon's Saddlebag: Book One,852.72,1354.07,58.79,ml-variance,no wave1/stealth/floor/match signature → ML retrain / variant-stat / rule-blend variance
Shard Crown (rare),Heliana's Guide to Monster Hunting,11865.39,4910.1,58.62,ml-variance,no wave1/stealth/floor/match signature → ML retrain / variant-stat / rule-blend variance
Badge of the Wayfarer,The Griffon's Saddlebag: Book Two,8469.64,3505.73,58.61,ml-variance,no wave1/stealth/floor/match signature → ML retrain / variant-stat / rule-blend variance
Veil of the Weeping Widow (Very Rare),The Crooked Moon,27650.63,11508.6,58.38,ml-variance,no wave1/stealth/floor/match signature → ML retrain / variant-stat / rule-blend variance
Half Plate Armor of Weightlessness,The Book of Many Things,5196.43,2166.27,58.31,ml-variance,no wave1/stealth/floor/match signature → ML retrain / variant-stat / rule-blend variance
Prospector's Wand,Exploring Eberron (2024),6343.26,2651.33,58.2,ml-variance,no wave1/stealth/floor/match signature → ML retrain / variant-stat / rule-blend variance
Cloak of Therianthropy,Grim Hollow: Campaign Guide (2024/Transformed),9270.47,3886.71,58.07,ml-variance,no wave1/stealth/floor/match signature → ML retrain / variant-stat / rule-blend variance
Feathered Helm,Humblewood Campaign Setting,10471.75,4404.67,57.94,ml-variance,no wave1/stealth/floor/match signature → ML retrain / variant-stat / rule-blend variance
Mimir,Sigil and the Outlands,12971.72,5461.71,57.9,ml-variance,no wave1/stealth/floor/match signature → ML retrain / variant-stat / rule-blend variance
Card Sharp's Deck,The Book of Many Things,1932.71,813.89,57.89,ml-variance,no wave1/stealth/floor/match signature → ML retrain / variant-stat / rule-blend variance
Knocking Boots,The Griffon's Saddlebag: Book One,1932.71,813.89,57.89,ml-variance,no wave1/stealth/floor/match signature → ML retrain / variant-stat / rule-blend variance
Ascendant Dragon-Touched Focus,Fizban's Treasury of Dragons,137307.5,58537.45,57.37,intended-913/q7b,spell_battery_max_level=1
Statuette of Augury,Phandelver and Below: The Shattered Obelisk,2562.71,1093.89,57.32,ml-variance,no wave1/stealth/floor/match signature → ML retrain / variant-stat / rule-blend variance
Archivist's Key,The Griffon's Saddlebag: Book Two,24669.35,10575.93,57.13,ml-variance,no wave1/stealth/floor/match signature → ML retrain / variant-stat / rule-blend variance
Astral Bracelet of Energy,The Griffon's Saddlebag: Book One,36506.47,15723.77,56.93,ml-variance,no wave1/stealth/floor/match signature → ML retrain / variant-stat / rule-blend variance
Detection Dragonmark Channel,Exploring Eberron (2024),573.22,247.14,56.89,ml-variance,no wave1/stealth/floor/match signature → ML retrain / variant-stat / rule-blend variance
Finding Dragonmark Channel,Exploring Eberron (2024),573.22,247.14,56.89,ml-variance,no wave1/stealth/floor/match signature → ML retrain / variant-stat / rule-blend variance
Handling Dragonmark Channel,Exploring Eberron (2024),573.22,247.14,56.89,ml-variance,no wave1/stealth/floor/match signature → ML retrain / variant-stat / rule-blend variance
Healing Dragonmark Channel,Exploring Eberron (2024),573.22,247.14,56.89,ml-variance,no wave1/stealth/floor/match signature → ML retrain / variant-stat / rule-blend variance
Hospitality Dragonmark Channel,Exploring Eberron (2024),573.22,247.14,56.89,ml-variance,no wave1/stealth/floor/match signature → ML retrain / variant-stat / rule-blend variance
Making Dragonmark Channel,Exploring Eberron (2024),573.22,247.14,56.89,ml-variance,no wave1/stealth/floor/match signature → ML retrain / variant-stat / rule-blend variance
Passage Dragonmark Channel,Exploring Eberron (2024),573.22,247.14,56.89,ml-variance,no wave1/stealth/floor/match signature → ML retrain / variant-stat / rule-blend variance
Scribing Dragonmark Channel,Exploring Eberron (2024),573.22,247.14,56.89,ml-variance,no wave1/stealth/floor/match signature → ML retrain / variant-stat / rule-blend variance
Sentinel Dragonmark Channel,Exploring Eberron (2024),573.22,247.14,56.89,ml-variance,no wave1/stealth/floor/match signature → ML retrain / variant-stat / rule-blend variance
Shadow Dragonmark Channel,Exploring Eberron (2024),573.22,247.14,56.89,ml-variance,no wave1/stealth/floor/match signature → ML retrain / variant-stat / rule-blend variance
Storm Dragonmark Channel,Exploring Eberron (2024),573.22,247.14,56.89,ml-variance,no wave1/stealth/floor/match signature → ML retrain / variant-stat / rule-blend variance
Warding Dragonmark Channel,Exploring Eberron (2024),573.22,247.14,56.89,ml-variance,no wave1/stealth/floor/match signature → ML retrain / variant-stat / rule-blend variance
Tome of Living Memories (uncommon),Heliana's Guide to Monster Hunting,1988.63,857.78,56.87,ml-variance,no wave1/stealth/floor/match signature → ML retrain / variant-stat / rule-blend variance
Astral Bracelet of Planebending,The Griffon's Saddlebag: Book One,36378.77,15723.77,56.78,ml-variance,no wave1/stealth/floor/match signature → ML retrain / variant-stat / rule-blend variance
Dream Mantle,The Griffon's Saddlebag: Book One,26198.77,11382.6,56.55,ml-variance,no wave1/stealth/floor/match signature → ML retrain / variant-stat / rule-blend variance
Moonstone Bracers,The Griffon's Saddlebag: Book Two,9553.97,4170.21,56.35,ml-variance,no wave1/stealth/floor/match signature → ML retrain / variant-stat / rule-blend variance
Monsterbane Lasher,The Griffon's Saddlebag: Book One,20731.0,9056.32,56.32,intended-913/q7b,family-min weapon_bonus=1 type=M
The King in Yellow,Cthulhu by Torchlight,1681.03,736.68,56.18,ml-variance,no wave1/stealth/floor/match signature → ML retrain / variant-stat / rule-blend variance
Dragon Thighbone Club,Storm King's Thunder,1809.39,796.06,56.0,ml-variance,no wave1/stealth/floor/match signature → ML retrain / variant-stat / rule-blend variance
Deck of Dimensions,The Book of Many Things,25294.51,11145.47,55.94,ml-variance,no wave1/stealth/floor/match signature → ML retrain / variant-stat / rule-blend variance
Wand of Restoration,Where Evil Lives: The MCDM Book of Boss Battles,9664.53,4282.16,55.69,ml-variance,no wave1/stealth/floor/match signature → ML retrain / variant-stat / rule-blend variance
Ring of Fire,The Griffon's Saddlebag: Book One,8425.23,3735.92,55.66,ml-variance,no wave1/stealth/floor/match signature → ML retrain / variant-stat / rule-blend variance
Rod of Wild Dominion,Exploring Eberron (2024),14647.17,6494.4,55.66,ml-variance,no wave1/stealth/floor/match signature → ML retrain / variant-stat / rule-blend variance
Cave Diver,Obojima: Tales from the Tall Grass,77.66,120.86,55.63,ml-variance,no wave1/stealth/floor/match signature → ML retrain / variant-stat / rule-blend variance
Lucent Destroyer,Bigby Presents: Glory of the Giants,3777.24,1688.89,55.29,intended-913/q7b,family-min weapon_bonus=1 type=R
Astral Bracelet of Omniscience,The Griffon's Saddlebag: Book One,35122.25,15723.77,55.23,ml-variance,no wave1/stealth/floor/match signature → ML retrain / variant-stat / rule-blend variance
Battleaxe Time Splitter (rare),Heliana's Guide to Monster Hunting,11113.14,4989.57,55.1,ml-variance,no wave1/stealth/floor/match signature → ML retrain / variant-stat / rule-blend variance
Boarding Axe Time Splitter (rare),Heliana's Guide to Monster Hunting,10923.25,4904.32,55.1,ml-variance,no wave1/stealth/floor/match signature → ML retrain / variant-stat / rule-blend variance
Greataxe Time Splitter (rare),Heliana's Guide to Monster Hunting,11895.94,5341.04,55.1,ml-variance,no wave1/stealth/floor/match signature → ML retrain / variant-stat / rule-blend variance
Handaxe Time Splitter (rare),Heliana's Guide to Monster Hunting,10242.19,4598.54,55.1,ml-variance,no wave1/stealth/floor/match signature → ML retrain / variant-stat / rule-blend variance
Iron Ring,"Flee, Mortals! The MCDM Monster Book",2820.87,4372.36,55.0,ml-variance,no wave1/stealth/floor/match signature → ML retrain / variant-stat / rule-blend variance
Astral Bracelet of Knowledge,The Griffon's Saddlebag: Book One,34842.66,15723.77,54.87,ml-variance,no wave1/stealth/floor/match signature → ML retrain / variant-stat / rule-blend variance
Direstone Runic Wand,The Griffon's Saddlebag: Book Two,12945.94,5847.25,54.83,ml-variance,no wave1/stealth/floor/match signature → ML retrain / variant-stat / rule-blend variance
Fife of Dragonsong,The Griffon's Saddlebag: Book One,7604.12,3450.06,54.63,intended-913/q7b,family-min weapon_bonus=1 type=R
+1 True Name Repeater Needler,The Illrigger Revised,129.42,200.0,54.54,intended-913/q7b,family-min weapon_bonus=1 type=R
Sling of the Tiny Giant,The Griffon's Saddlebag: Book One,4582.01,2085.69,54.48,intended-913/q7b,family-min weapon_bonus=1 type=R
Zafu of the Wandering Mind,The Griffon's Saddlebag: Book One,9119.19,4151.24,54.48,ml-variance,no wave1/stealth/floor/match signature → ML retrain / variant-stat / rule-blend variance
Astral Bracelet of Heavens,The Griffon's Saddlebag: Book One,34473.73,15723.77,54.39,ml-variance,no wave1/stealth/floor/match signature → ML retrain / variant-stat / rule-blend variance
Helmsman's Shelter,The Griffon's Saddlebag: Book One,10198.41,4651.91,54.39,ml-variance,no wave1/stealth/floor/match signature → ML retrain / variant-stat / rule-blend variance
"Graz'tchar, the Decadent End",Tal'Dorei Campaign Setting Reborn,137885.77,63042.45,54.28,intended-913/q7b,family-min weapon_bonus=3 type=M
Dark Fathom Armor,The Griffon's Saddlebag: Book One,33353.06,15307.05,54.11,ml-variance,no wave1/stealth/floor/match signature → ML retrain / variant-stat / rule-blend variance
Astral Bracelet of Hells,The Griffon's Saddlebag: Book One,34115.2,15723.77,53.91,ml-variance,no wave1/stealth/floor/match signature → ML retrain / variant-stat / rule-blend variance
Talyard the Great's Wand of Power,The Griffon's Saddlebag: Book One,2678.17,1237.45,53.79,ml-variance,no wave1/stealth/floor/match signature → ML retrain / variant-stat / rule-blend variance
Detection Dragonmark Reservoir,Exploring Eberron (2024),3739.67,1743.23,53.39,ml-variance,no wave1/stealth/floor/match signature → ML retrain / variant-stat / rule-blend variance
Finding Dragonmark Reservoir,Exploring Eberron (2024),3739.67,1743.23,53.39,ml-variance,no wave1/stealth/floor/match signature → ML retrain / variant-stat / rule-blend variance
Handling Dragonmark Reservoir,Exploring Eberron (2024),3739.67,1743.23,53.39,ml-variance,no wave1/stealth/floor/match signature → ML retrain / variant-stat / rule-blend variance
Healing Dragonmark Reservoir,Exploring Eberron (2024),3739.67,1743.23,53.39,ml-variance,no wave1/stealth/floor/match signature → ML retrain / variant-stat / rule-blend variance
Hospitality Dragonmark Reservoir,Exploring Eberron (2024),3739.67,1743.23,53.39,ml-variance,no wave1/stealth/floor/match signature → ML retrain / variant-stat / rule-blend variance
Making Dragonmark Reservoir,Exploring Eberron (2024),3739.67,1743.23,53.39,ml-variance,no wave1/stealth/floor/match signature → ML retrain / variant-stat / rule-blend variance
Passage Dragonmark Reservoir,Exploring Eberron (2024),3739.67,1743.23,53.39,ml-variance,no wave1/stealth/floor/match signature → ML retrain / variant-stat / rule-blend variance
Ring of Fungal Symbiosis (very rare),Heliana's Guide to Monster Hunting,9598.89,14723.81,53.39,intended-913/q7b,grenade-control attached_spells={'daily': {'1': ['slow']}}
Scribing Dragonmark Reservoir,Exploring Eberron (2024),3739.67,1743.23,53.39,ml-variance,no wave1/stealth/floor/match signature → ML retrain / variant-stat / rule-blend variance
Sentinel Dragonmark Reservoir,Exploring Eberron (2024),3739.67,1743.23,53.39,ml-variance,no wave1/stealth/floor/match signature → ML retrain / variant-stat / rule-blend variance
Shadow Dragonmark Reservoir,Exploring Eberron (2024),3739.67,1743.23,53.39,ml-variance,no wave1/stealth/floor/match signature → ML retrain / variant-stat / rule-blend variance
Storm Dragonmark Reservoir,Exploring Eberron (2024),3739.67,1743.23,53.39,ml-variance,no wave1/stealth/floor/match signature → ML retrain / variant-stat / rule-blend variance
Warding Dragonmark Reservoir,Exploring Eberron (2024),3739.67,1743.23,53.39,ml-variance,no wave1/stealth/floor/match signature → ML retrain / variant-stat / rule-blend variance
Flamefriend Lantern,Tal'Dorei Campaign Setting Reborn,8535.58,3981.21,53.36,ml-variance,no wave1/stealth/floor/match signature → ML retrain / variant-stat / rule-blend variance
Belt of the Hell Hound,The Griffon's Saddlebag: Book Two,5577.79,2602.25,53.35,ml-variance,no wave1/stealth/floor/match signature → ML retrain / variant-stat / rule-blend variance
Deathly Diadem,The Griffon's Saddlebag: Book Two,19871.12,9280.61,53.3,ml-variance,no wave1/stealth/floor/match signature → ML retrain / variant-stat / rule-blend variance
Necronomicon,Cthulhu by Torchlight,3537.91,1654.72,53.23,ml-variance,no wave1/stealth/floor/match signature → ML retrain / variant-stat / rule-blend variance
Ring of Ice,The Griffon's Saddlebag: Book One,26091.52,12245.56,53.07,ml-variance,no wave1/stealth/floor/match signature → ML retrain / variant-stat / rule-blend variance
Scepter of Faith,The Griffon's Saddlebag: Book Two,39794.44,18686.02,53.04,ml-variance,no wave1/stealth/floor/match signature → ML retrain / variant-stat / rule-blend variance
Spire of Conflux (Exalted),Tal'Dorei Campaign Setting Reborn,142860.82,67223.32,52.94,ml-variance,no wave1/stealth/floor/match signature → ML retrain / variant-stat / rule-blend variance
Hypnovulfen Figure,The Crooked Moon,11459.06,5415.47,52.74,ml-variance,no wave1/stealth/floor/match signature → ML retrain / variant-stat / rule-blend variance
Ring of Misdirection,The Griffon's Saddlebag: Book Two,8635.23,4098.25,52.54,ml-variance,no wave1/stealth/floor/match signature → ML retrain / variant-stat / rule-blend variance
Deck of Oracles,The Book of Many Things,10278.47,4894.71,52.38,ml-variance,no wave1/stealth/floor/match signature → ML retrain / variant-stat / rule-blend variance
Coil Crook,The Griffon's Saddlebag: Book One,2063.28,988.96,52.07,ml-variance,no wave1/stealth/floor/match signature → ML retrain / variant-stat / rule-blend variance
Ring of Veracity,Grim Hollow: Campaign Guide (2024/Transformed),1960.83,940.46,52.04,ml-variance,no wave1/stealth/floor/match signature → ML retrain / variant-stat / rule-blend variance
Fell-Rider Chariot,The Griffon's Saddlebag: Book Two,36957.37,56099.06,51.79,ml-variance,no wave1/stealth/floor/match signature → ML retrain / variant-stat / rule-blend variance
Wraps of Dyamak (Awakened),Tal'Dorei Campaign Setting Reborn,17181.35,26061.07,51.68,ml-variance,no wave1/stealth/floor/match signature → ML retrain / variant-stat / rule-blend variance
Wand of Stars,The Griffon's Saddlebag: Book Two,12092.92,5847.25,51.65,ml-variance,no wave1/stealth/floor/match signature → ML retrain / variant-stat / rule-blend variance
Ink's Aide,Frontiers of Eberron: Quickstone,2880.66,1396.05,51.54,ml-variance,no wave1/stealth/floor/match signature → ML retrain / variant-stat / rule-blend variance
Deck of Wonder,The Book of Many Things,5677.39,2752.75,51.51,ml-variance,no wave1/stealth/floor/match signature → ML retrain / variant-stat / rule-blend variance
Windrazor,The Griffon's Saddlebag: Book One,33900.75,51341.28,51.45,intended-913/q7b,family-min weapon_bonus=2 type=M
Toy Riverboat,The Crooked Moon,23363.77,11382.6,51.28,ml-variance,no wave1/stealth/floor/match signature → ML retrain / variant-stat / rule-blend variance
Nightstalker's Armor of the Northeastern Wind,The Griffon's Saddlebag: Book Two,10022.69,4885.36,51.26,ml-variance,no wave1/stealth/floor/match signature → ML retrain / variant-stat / rule-blend variance
Charged Gauntlets,Monsters of Drakkenheim,31085.65,15155.39,51.25,ml-variance,no wave1/stealth/floor/match signature → ML retrain / variant-stat / rule-blend variance
Sage's Signet (Hart),The Book of Many Things,22940.78,11204.36,51.16,ml-variance,no wave1/stealth/floor/match signature → ML retrain / variant-stat / rule-blend variance
Sage's Signet (Lion),The Book of Many Things,22940.78,11204.36,51.16,ml-variance,no wave1/stealth/floor/match signature → ML retrain / variant-stat / rule-blend variance
Cauldron of the Vermintoll Coven (Rare),The Crooked Moon,8482.97,4160.76,50.95,ml-variance,no wave1/stealth/floor/match signature → ML retrain / variant-stat / rule-blend variance
Purging Rod,Dungeons of Drakkenheim,5165.34,2537.96,50.87,ml-variance,no wave1/stealth/floor/match signature → ML retrain / variant-stat / rule-blend variance
Rattling Armor,Book of Ebon Tides,10117.19,4979.86,50.78,ml-variance,no wave1/stealth/floor/match signature → ML retrain / variant-stat / rule-blend variance
Hook of the Tall Man (Legendary),The Crooked Moon,83073.49,125195.92,50.71,intended-913/q7b,family-min weapon_bonus=3 type=M
Heron's Eye Ring,Obojima: Tales from the Tall Grass,9007.99,4449.23,50.61,ml-variance,no wave1/stealth/floor/match signature → ML retrain / variant-stat / rule-blend variance
Star Razor (Awakened),Tal'Dorei Campaign Setting Reborn,30820.14,46309.66,50.26,intended-913/q7b,family-min weapon_bonus=2 type=M
Documancy Satchel,Acquisitions Incorporated,1500.0,750.0,50.0,ml-variance,no wave1/stealth/floor/match signature → ML retrain / variant-stat / rule-blend variance
Greatsword Pneuma Blade (very rare),Heliana's Guide to Monster Hunting,28852.95,14426.48,50.0,ml-variance,no wave1/stealth/floor/match signature → ML retrain / variant-stat / rule-blend variance
Longsword Pneuma Blade (very rare),Heliana's Guide to Monster Hunting,24802.95,12401.48,50.0,ml-variance,no wave1/stealth/floor/match signature → ML retrain / variant-stat / rule-blend variance
Planar Rapier,The Griffon's Saddlebag: Book One,28975.77,43464.16,50.0,intended-913/q7b,family-min weapon_bonus=2 type=M
Penitent Pummelers,The Pugilist Class (2024),5389.87,8079.56,49.9,intended-913/q7b,family-min weapon_bonus=1 type=M
Whistle of the Vagrant (Very Rare),The Crooked Moon,23648.98,11855.1,49.87,ml-variance,no wave1/stealth/floor/match signature → ML retrain / variant-stat / rule-blend variance
Burnright Brand Hair Dryer,Obojima: Tales from the Tall Grass,10847.5,5461.97,49.65,ml-variance,no wave1/stealth/floor/match signature → ML retrain / variant-stat / rule-blend variance
Wand of Dancing,One-Shot Wonders: Holiday Adventure Pack,7329.29,3698.06,49.54,ml-variance,no wave1/stealth/floor/match signature → ML retrain / variant-stat / rule-blend variance
Dragontooth Dagger,The Rise of Tiamat,5676.72,2874.39,49.37,intended-913/q7b,family-min weapon_bonus=1 type=M
Skysail,Tal'Dorei Campaign Setting Reborn,7990.89,4053.12,49.28,ml-variance,no wave1/stealth/floor/match signature → ML retrain / variant-stat / rule-blend variance
Planchette of Adela Druskenvald (Rare),The Crooked Moon,9928.96,5067.6,48.96,ml-variance,no wave1/stealth/floor/match signature → ML retrain / variant-stat / rule-blend variance
Ironleaf Plate,The Griffon's Saddlebag: Book One,34002.74,17407.39,48.81,ml-variance,no wave1/stealth/floor/match signature → ML retrain / variant-stat / rule-blend variance
Couatl Herald's Guard,The Griffon's Saddlebag: Book One,799.34,1189.45,48.8,ml-variance,no wave1/stealth/floor/match signature → ML retrain / variant-stat / rule-blend variance
Plate Armor of Weightlessness,The Book of Many Things,5846.47,3000.0,48.69,ml-variance,no wave1/stealth/floor/match signature → ML retrain / variant-stat / rule-blend variance
Silvered Vertebrae Sword,Dungeon Master's Guide (2024),7021.62,3610.53,48.58,ml-variance,no wave1/stealth/floor/match signature → ML retrain / variant-stat / rule-blend variance
Crown of Deep Winter,The Griffon's Saddlebag: Book One,22103.77,11382.6,48.5,ml-variance,no wave1/stealth/floor/match signature → ML retrain / variant-stat / rule-blend variance
Crown of Whirling Comets,The Book of Many Things,27849.35,14348.57,48.48,ml-variance,no wave1/stealth/floor/match signature → ML retrain / variant-stat / rule-blend variance
Ball of Wild Earth,The Griffon's Saddlebag: Book Two,120.83,179.36,48.44,ml-variance,no wave1/stealth/floor/match signature → ML retrain / variant-stat / rule-blend variance
Tea Weird,The Griffon's Saddlebag: Book Two,120.83,179.36,48.44,ml-variance,no wave1/stealth/floor/match signature → ML retrain / variant-stat / rule-blend variance
Oceanic Yklwa,Tal'Dorei Campaign Setting Reborn,6785.99,3502.07,48.39,intended-913/q7b,family-min weapon_bonus=1 type=M
Oceanic Light Repeating Crossbow,Tal'Dorei Campaign Setting Reborn,6807.19,3516.56,48.34,intended-913/q7b,family-min weapon_bonus=1 type=R
Vertebrae Sword Armblade,Eberron: Rising from the Last War,5691.47,2941.55,48.32,ml-variance,no wave1/stealth/floor/match signature → ML retrain / variant-stat / rule-blend variance
Sandstorm Dancer,The Griffon's Saddlebag: Book One,10621.98,5490.95,48.31,ml-variance,no wave1/stealth/floor/match signature → ML retrain / variant-stat / rule-blend variance
Corpse Slayer Fan,Explorer's Guide to Wildemount,4645.17,2404.1,48.25,intended-913/q7b,family-min weapon_bonus=1 type=M
Earring of Message,Critical Role: Call of the Netherdeep,989.33,513.61,48.09,ml-variance,no wave1/stealth/floor/match signature → ML retrain / variant-stat / rule-blend variance
Robes of Beaurêve (rare),Heliana's Guide to Monster Hunting,8483.8,4404.67,48.08,ml-variance,no wave1/stealth/floor/match signature → ML retrain / variant-stat / rule-blend variance
Couatl Herald's Radiance,The Griffon's Saddlebag: Book One,15443.78,8036.02,47.97,ml-variance,no wave1/stealth/floor/match signature → ML retrain / variant-stat / rule-blend variance
Vertebrae Sword of Warning,Dungeon Master's Guide (2024),12948.01,6808.04,47.42,ml-variance,no wave1/stealth/floor/match signature → ML retrain / variant-stat / rule-blend variance
Mourningsteel Half Plate,The Griffon's Saddlebag: Book Two,86855.23,45703.3,47.38,ml-variance,no wave1/stealth/floor/match signature → ML retrain / variant-stat / rule-blend variance
Euryale's Aegis,The Book of Many Things,77222.81,40711.63,47.28,ml-variance,no wave1/stealth/floor/match signature → ML retrain / variant-stat / rule-blend variance
Realmswarden Greataxe,The Griffon's Saddlebag: Book Two,84408.47,124298.17,47.26,intended-913/q7b,family-min weapon_bonus=3 type=M
Bellhop Topper,The Griffon's Saddlebag: Book Two,800.53,422.35,47.24,ml-variance,no wave1/stealth/floor/match signature → ML retrain / variant-stat / rule-blend variance
Helm of the Sentinel,Exploring Eberron (2024),8928.84,4711.24,47.24,ml-variance,no wave1/stealth/floor/match signature → ML retrain / variant-stat / rule-blend variance
Rod of Storms,The Griffon's Saddlebag: Book Two,10756.38,5679.0,47.2,ml-variance,no wave1/stealth/floor/match signature → ML retrain / variant-stat / rule-blend variance
Magician's Judge,Tal'Dorei Campaign Setting Reborn,6972.38,3692.25,47.04,ml-variance,no wave1/stealth/floor/match signature → ML retrain / variant-stat / rule-blend variance
Wing Crest Shield,Humblewood Campaign Setting,2240.83,1187.21,47.02,ml-variance,no wave1/stealth/floor/match signature → ML retrain / variant-stat / rule-blend variance
Seeker's Compass,The Griffon's Saddlebag: Book Two,1932.71,1024.88,46.97,ml-variance,no wave1/stealth/floor/match signature → ML retrain / variant-stat / rule-blend variance
Shard Crown (very rare),Heliana's Guide to Monster Hunting,27516.6,14598.42,46.95,ml-variance,no wave1/stealth/floor/match signature → ML retrain / variant-stat / rule-blend variance
Book of Ebon Tides,Book of Ebon Tides,29949.32,15907.17,46.89,ml-variance,no wave1/stealth/floor/match signature → ML retrain / variant-stat / rule-blend variance
Boreal Pendant,The Griffon's Saddlebag: Book One,10334.01,5490.95,46.87,ml-variance,no wave1/stealth/floor/match signature → ML retrain / variant-stat / rule-blend variance
Hide of the Brimstone Behemoth (Rare),The Crooked Moon,8160.81,4348.89,46.71,ml-variance,no wave1/stealth/floor/match signature → ML retrain / variant-stat / rule-blend variance
Sword of the Crimson Abbot (Very Rare),The Crooked Moon,28025.18,14990.86,46.51,intended-913/q7b,family-min weapon_bonus=2 type=M
Vertebrae Sword of Throne's Command,The Book of Many Things,38319.98,20508.68,46.48,intended-913/q7b,family-min weapon_bonus=1 type=M
Dusk Dagger (Very Rare),The Griffon's Saddlebag: Book Two,20174.39,10803.55,46.45,ml-variance,no wave1/stealth/floor/match signature → ML retrain / variant-stat / rule-blend variance
Wind Riders,The Griffon's Saddlebag: Book Two,6544.64,3505.73,46.43,ml-variance,no wave1/stealth/floor/match signature → ML retrain / variant-stat / rule-blend variance
Cat's Eye,Obojima: Tales from the Tall Grass,77.66,113.59,46.27,ml-variance,no wave1/stealth/floor/match signature → ML retrain / variant-stat / rule-blend variance
Gold Rings of Might,One-Shot Wonders: Holiday Adventure Pack,28531.13,15434.98,45.9,ml-variance,no wave1/stealth/floor/match signature → ML retrain / variant-stat / rule-blend variance
Skull Helm,The Book of Many Things,23395.27,12674.1,45.83,ml-variance,no wave1/stealth/floor/match signature → ML retrain / variant-stat / rule-blend variance
Battleaxe of Throne's Command,The Book of Many Things,33404.37,18099.19,45.82,intended-913/q7b,family-min weapon_bonus=1 type=M
Bellow Flute of Throne's Command,The Book of Many Things,31409.86,17018.8,45.82,intended-913/q7b,family-min weapon_bonus=1 type=M
Blowgun of Throne's Command,The Book of Many Things,32244.98,17471.18,45.82,intended-913/q7b,family-min weapon_bonus=1 type=R
Blunderbuss of Throne's Command,The Book of Many Things,35344.91,19150.35,45.82,intended-913/q7b,family-min weapon_bonus=1 type=R
Candlemaker's Club of Throne's Command,The Book of Many Things,35005.81,18966.66,45.82,intended-913/q7b,family-min weapon_bonus=1 type=M
Dandelion Spear of Throne's Command,The Book of Many Things,33743.47,18282.88,45.82,intended-913/q7b,family-min weapon_bonus=1 type=M
Dimensional Doorknob,Heliana's Guide to Monster Hunting,7189.39,3894.92,45.82,ml-variance,no wave1/stealth/floor/match signature → ML retrain / variant-stat / rule-blend variance
Double-Bladed Scimitar of Throne's Command,The Book of Many Things,33743.47,18282.88,45.82,intended-913/q7b,family-min weapon_bonus=1 type=M
Drive Shaft of Throne's Command,The Book of Many Things,36420.63,19733.04,45.82,intended-913/q7b,family-min weapon_bonus=1 type=M
Field Spear of Throne's Command,The Book of Many Things,31409.86,17018.8,45.82,intended-913/q7b,family-min weapon_bonus=1 type=M
Flail of Throne's Command,The Book of Many Things,32824.68,17785.18,45.82,intended-913/q7b,family-min weapon_bonus=1 type=M
Glaive of Throne's Command,The Book of Many Things,33743.47,18282.88,45.82,intended-913/q7b,family-min weapon_bonus=1 type=M
Greataxe of Throne's Command,The Book of Many Things,34707.52,18805.08,45.82,intended-913/q7b,family-min weapon_bonus=1 type=M
Greatsword of Throne's Command,The Book of Many Things,34578.6,18735.25,45.82,intended-913/q7b,family-min weapon_bonus=1 type=M
Halberd of Throne's Command,The Book of Many Things,33743.47,18282.88,45.82,intended-913/q7b,family-min weapon_bonus=1 type=M
Hand Crossbow of Throne's Command,The Book of Many Things,32328.65,17516.49,45.82,intended-913/q7b,family-min weapon_bonus=1 type=R
Hand Sentira Lens of Throne's Command,The Book of Many Things,32328.65,17516.49,45.82,intended-913/q7b,family-min weapon_bonus=1 type=R
Hand Tommybow (2) of Throne's Command,The Book of Many Things,32328.65,17516.49,45.82,intended-913/q7b,family-min weapon_bonus=1 type=R
Hand Tommybow (3) of Throne's Command,The Book of Many Things,32328.65,17516.49,45.82,intended-913/q7b,family-min weapon_bonus=1 type=R
Hand Tommybow (4) of Throne's Command,The Book of Many Things,32328.65,17516.49,45.82,intended-913/q7b,family-min weapon_bonus=1 type=R
Hand Tommybow (5) of Throne's Command,The Book of Many Things,32328.65,17516.49,45.82,intended-913/q7b,family-min weapon_bonus=1 type=R
Hand Tommybow (6) of Throne's Command,The Book of Many Things,32328.65,17516.49,45.82,intended-913/q7b,family-min weapon_bonus=1 type=R
Heavy Bayonet of Throne's Command,The Book of Many Things,32244.98,17471.18,45.82,intended-913/q7b,family-min weapon_bonus=1 type=M
Heavy Crossbow of Throne's Command,The Book of Many Things,34662.26,18780.57,45.82,intended-913/q7b,family-min weapon_bonus=1 type=R
Heavy Sentira Lens of Throne's Command,The Book of Many Things,33827.13,18328.19,45.82,intended-913/q7b,family-min weapon_bonus=1 type=R
Heavy Tommybow (2) of Throne's Command,The Book of Many Things,34662.26,18780.57,45.82,intended-913/q7b,family-min weapon_bonus=1 type=R
Heavy Tommybow (3) of Throne's Command,The Book of Many Things,34662.26,18780.57,45.82,intended-913/q7b,family-min weapon_bonus=1 type=R
Heavy Tommybow (4) of Throne's Command,The Book of Many Things,34662.26,18780.57,45.82,intended-913/q7b,family-min weapon_bonus=1 type=R
Heavy Tommybow (5) of Throne's Command,The Book of Many Things,34662.26,18780.57,45.82,intended-913/q7b,family-min weapon_bonus=1 type=R
Heavy Tommybow (6) of Throne's Command,The Book of Many Things,34662.26,18780.57,45.82,intended-913/q7b,family-min weapon_bonus=1 type=R
Hooked Shortspear of Throne's Command,The Book of Many Things,31989.55,17332.81,45.82,intended-913/q7b,family-min weapon_bonus=1 type=M
Hoopak of Throne's Command,The Book of Many Things,31989.55,17332.81,45.82,intended-913/q7b,family-min weapon_bonus=1 type=M
Lance of Throne's Command,The Book of Many Things,33743.47,18282.88,45.82,intended-913/q7b,family-min weapon_bonus=1 type=M
Lom Lom Dagger of Throne's Command,The Book of Many Things,31409.86,17018.8,45.82,intended-913/q7b,family-min weapon_bonus=1 type=M
Longbow of Throne's Command,The Book of Many Things,32824.68,17785.18,45.82,intended-913/q7b,family-min weapon_bonus=1 type=R
Longsword of Throne's Command,The Book of Many Things,33163.78,17968.87,45.82,intended-913/q7b,family-min weapon_bonus=1 type=M
Maul of Throne's Command,The Book of Many Things,35005.81,18966.66,45.82,intended-913/q7b,family-min weapon_bonus=1 type=M
Morningstar of Throne's Command,The Book of Many Things,33404.37,18099.19,45.82,intended-913/q7b,family-min weapon_bonus=1 type=M
Musket of Throne's Command,The Book of Many Things,35005.81,18966.66,45.82,intended-913/q7b,family-min weapon_bonus=1 type=R
Nakudama Bubble Rod of Throne's Command,The Book of Many Things,32244.98,17471.18,45.82,intended-913/q7b,family-min weapon_bonus=1 type=R
Pike of Throne's Command,The Book of Many Things,34662.26,18780.57,45.82,intended-913/q7b,family-min weapon_bonus=1 type=M
Pistol of Throne's Command,The Book of Many Things,33163.78,17968.87,45.82,intended-913/q7b,family-min weapon_bonus=1 type=R
Rapier of Throne's Command,The Book of Many Things,32824.68,17785.18,45.82,intended-913/q7b,family-min weapon_bonus=1 type=M
Scimitar of Throne's Command,The Book of Many Things,32328.65,17516.49,45.82,intended-913/q7b,family-min weapon_bonus=1 type=M
Secret Stone Sword of Throne's Command,The Book of Many Things,31409.86,17018.8,45.82,intended-913/q7b,family-min weapon_bonus=1 type=M
Shepherd Crook of Throne's Command,The Book of Many Things,32569.24,17646.82,45.82,intended-913/q7b,family-min weapon_bonus=1 type=M
Shortsword of Throne's Command,The Book of Many Things,31989.55,17332.81,45.82,intended-913/q7b,family-min weapon_bonus=1 type=M
Steel Jaws of Throne's Command,The Book of Many Things,33659.81,18237.56,45.82,intended-913/q7b,family-min weapon_bonus=1 type=M
Tapper Sack of Throne's Command,The Book of Many Things,32755.86,17747.91,45.82,intended-913/q7b,family-min weapon_bonus=1 type=M
Trident of Throne's Command,The Book of Many Things,33404.37,18099.19,45.82,intended-913/q7b,family-min weapon_bonus=1 type=M
Vaulter's Axe of Throne's Command,The Book of Many Things,34509.78,18697.97,45.82,intended-913/q7b,family-min weapon_bonus=1 type=M
War Pick of Throne's Command,The Book of Many Things,32824.68,17785.18,45.82,intended-913/q7b,family-min weapon_bonus=1 type=M
Warhammer of Throne's Command,The Book of Many Things,33590.99,18200.28,45.82,intended-913/q7b,family-min weapon_bonus=1 type=M
Whip of Throne's Command,The Book of Many Things,32328.65,17516.49,45.82,intended-913/q7b,family-min weapon_bonus=1 type=M
Sword of the Spelldrinker,The Griffon's Saddlebag: Book One,56504.06,82378.38,45.79,intended-913/q7b,family-min weapon_bonus=3 type=M
Crown of the Wrath Bringer,Bigby Presents: Glory of the Giants,7774.22,4215.5,45.78,ml-variance,no wave1/stealth/floor/match signature → ML retrain / variant-stat / rule-blend variance
Staff of the Vineyard,The Griffon's Saddlebag: Book Two,3357.26,1823.15,45.7,ml-variance,no wave1/stealth/floor/match signature → ML retrain / variant-stat / rule-blend variance
Arcane Mirror,The Griffon's Saddlebag: Book One,28504.84,15521.85,45.55,ml-variance,no wave1/stealth/floor/match signature → ML retrain / variant-stat / rule-blend variance
Lava Crucible,Where Evil Lives: The MCDM Book of Boss Battles,79137.78,43346.22,45.23,ml-variance,no wave1/stealth/floor/match signature → ML retrain / variant-stat / rule-blend variance
Radiance,Candlekeep Mysteries,2280.8,1249.76,45.21,ml-variance,no wave1/stealth/floor/match signature → ML retrain / variant-stat / rule-blend variance
Champion's Vertebrae Sword,Monsters of Drakkenheim,7560.51,4149.01,45.12,ml-variance,no wave1/stealth/floor/match signature → ML retrain / variant-stat / rule-blend variance
Hide of the Brimstone Behemoth (Very Rare),The Crooked Moon,33898.59,18607.54,45.11,ml-variance,no wave1/stealth/floor/match signature → ML retrain / variant-stat / rule-blend variance
Festerwood's Light,The Griffon's Saddlebag: Book One,94782.45,52040.63,45.09,intended-913/q7b,family-min weapon_bonus=1 type=M
Star Razor (Exalted),Tal'Dorei Campaign Setting Reborn,56136.39,81417.85,45.04,intended-913/q7b,family-min weapon_bonus=3 type=M
Mage Mashers,The Pugilist Class (2024),27258.84,14990.86,45.01,intended-913/q7b,family-min weapon_bonus=2 type=M
Planchette of Adela Druskenvald (Very Rare),The Crooked Moon,26867.55,14783.01,44.98,ml-variance,no wave1/stealth/floor/match signature → ML retrain / variant-stat / rule-blend variance
Blunderbuss of the Grinning Sinner (Rare),The Crooked Moon,1511.37,2190.69,44.95,intended-913/q7b,family-min weapon_bonus=1 type=R
Tome of Living Memories (rare),Heliana's Guide to Monster Hunting,6370.62,3508.4,44.93,ml-variance,no wave1/stealth/floor/match signature → ML retrain / variant-stat / rule-blend variance
Hellfire Vertebrae Sword,Baldur's Gate: Descent Into Avernus,7611.72,4206.92,44.73,ml-variance,no wave1/stealth/floor/match signature → ML retrain / variant-stat / rule-blend variance
Heaven's Edge,The Griffon's Saddlebag: Book Two,60181.0,87064.44,44.67,intended-913/q7b,family-min weapon_bonus=2 type=M
Elixir of Fogwalking,The Crooked Moon,2949.61,1633.73,44.61,ml-variance,no wave1/stealth/floor/match signature → ML retrain / variant-stat / rule-blend variance
Sight of Sin,The Crooked Moon,2949.61,1633.73,44.61,ml-variance,no wave1/stealth/floor/match signature → ML retrain / variant-stat / rule-blend variance
Green Knight's Vow,The Griffon's Saddlebag: Book Two,26209.43,14537.94,44.53,ml-variance,no wave1/stealth/floor/match signature → ML retrain / variant-stat / rule-blend variance
Jakarion's Staff of Frost,Curse of Strahd,28947.72,16071.11,44.48,ml-variance,no wave1/stealth/floor/match signature → ML retrain / variant-stat / rule-blend variance
Vertebrae Sword of Certain Death,Explorer's Guide to Wildemount,38294.49,21270.5,44.46,ml-variance,no wave1/stealth/floor/match signature → ML retrain / variant-stat / rule-blend variance
Tote of Tricky Treat Sugarbombs,The Griffon's Saddlebag: Book One,115.58,166.9,44.4,ml-variance,no wave1/stealth/floor/match signature → ML retrain / variant-stat / rule-blend variance
Boots of Haste,Tal'Dorei Campaign Setting Reborn,20450.02,11382.6,44.34,ml-variance,no wave1/stealth/floor/match signature → ML retrain / variant-stat / rule-blend variance
Half Plate of the Blind Martyr,The Griffon's Saddlebag: Book Two,77388.29,43110.71,44.29,ml-variance,no wave1/stealth/floor/match signature → ML retrain / variant-stat / rule-blend variance
Mistral Mantle,Bigby Presents: Glory of the Giants,20544.52,11477.1,44.14,ml-variance,no wave1/stealth/floor/match signature → ML retrain / variant-stat / rule-blend variance
Pneuma Blade (very rare),Heliana's Guide to Monster Hunting,19295.83,10803.55,44.01,ml-variance,no wave1/stealth/floor/match signature → ML retrain / variant-stat / rule-blend variance
Festerwood Fungal Stave,The Griffon's Saddlebag: Book One,24949.96,13973.89,43.99,ml-variance,no wave1/stealth/floor/match signature → ML retrain / variant-stat / rule-blend variance
Horn of the Wild Hunt,The Griffon's Saddlebag: Book Two,22474.23,12590.94,43.98,ml-variance,no wave1/stealth/floor/match signature → ML retrain / variant-stat / rule-blend variance
Sage's Signet (Bear),The Book of Many Things,20000.78,11204.36,43.98,ml-variance,no wave1/stealth/floor/match signature → ML retrain / variant-stat / rule-blend variance
Sage's Signet (Wolf),The Book of Many Things,20000.78,11204.36,43.98,ml-variance,no wave1/stealth/floor/match signature → ML retrain / variant-stat / rule-blend variance
Hat Trick,The Griffon's Saddlebag: Book One,2263.55,1268.28,43.97,ml-variance,no wave1/stealth/floor/match signature → ML retrain / variant-stat / rule-blend variance
Wand of Dowsing,The Griffon's Saddlebag: Book Two,2018.75,1131.81,43.94,ml-variance,no wave1/stealth/floor/match signature → ML retrain / variant-stat / rule-blend variance
Jester Card,The Book of Many Things,71719.65,40276.53,43.84,ml-variance,no wave1/stealth/floor/match signature → ML retrain / variant-stat / rule-blend variance
Pathfinder's Pebble,Humblewood Tales,17021.91,9584.09,43.7,ml-variance,no wave1/stealth/floor/match signature → ML retrain / variant-stat / rule-blend variance
Bloodmire Soulflame Lantern,The Griffon's Saddlebag: Book Two,29399.96,42210.03,43.57,ml-variance,no wave1/stealth/floor/match signature → ML retrain / variant-stat / rule-blend variance
Shield of the Tortoise,The Book of Many Things,721.44,1035.26,43.5,ml-variance,no wave1/stealth/floor/match signature → ML retrain / variant-stat / rule-blend variance
Volt Gauntlets,The Griffon's Saddlebag: Book One,8676.53,4905.76,43.46,ml-variance,no wave1/stealth/floor/match signature → ML retrain / variant-stat / rule-blend variance
Bearskin Cloak,Book of Ebon Tides,3066.87,4395.58,43.32,ml-variance,no wave1/stealth/floor/match signature → ML retrain / variant-stat / rule-blend variance
Mourningsteel Demi-Gauntlets,The Griffon's Saddlebag: Book Two,26553.05,15053.88,43.31,ml-variance,no wave1/stealth/floor/match signature → ML retrain / variant-stat / rule-blend variance
Crown of Majesty,"Flee, Mortals! The MCDM Monster Book",22372.18,12685.44,43.3,ml-variance,no wave1/stealth/floor/match signature → ML retrain / variant-stat / rule-blend variance
Pollinator Visor,The Griffon's Saddlebag: Book Two,2057.72,1167.75,43.25,ml-variance,no wave1/stealth/floor/match signature → ML retrain / variant-stat / rule-blend variance
The Griffon's Saddlebag,The Griffon's Saddlebag: Book One,440423.26,250000.0,43.24,ml-variance,no wave1/stealth/floor/match signature → ML retrain / variant-stat / rule-blend variance
Wand of Silence,Grim Hollow: Campaign Guide (2024/Transformed),2557.56,1455.63,43.09,ml-variance,no wave1/stealth/floor/match signature → ML retrain / variant-stat / rule-blend variance
Wand of Silence,Grim Hollow: Lairs of Etharis,2557.56,1455.63,43.09,ml-variance,no wave1/stealth/floor/match signature → ML retrain / variant-stat / rule-blend variance
Monarch Mantle,The Griffon's Saddlebag: Book Two,5029.0,7193.77,43.05,ml-variance,no wave1/stealth/floor/match signature → ML retrain / variant-stat / rule-blend variance
Infernal Aegis,The Griffon's Saddlebag: Book One,27916.1,15917.05,42.98,ml-variance,no wave1/stealth/floor/match signature → ML retrain / variant-stat / rule-blend variance
Staff of the Four Seasons,The Griffon's Saddlebag: Book One,45255.21,25845.51,42.89,intended-913/q7b,family-min weapon_bonus=2 type=M
Cauldron of the Vermintoll Coven (Very Rare),The Crooked Moon,20653.75,11814.15,42.8,ml-variance,no wave1/stealth/floor/match signature → ML retrain / variant-stat / rule-blend variance
Black Crystal Tablet,Waterdeep: Dungeon of the Mad Mage,78851.44,45216.15,42.66,ml-variance,no wave1/stealth/floor/match signature → ML retrain / variant-stat / rule-blend variance
The Rose Basket,The Griffon's Saddlebag: Book One,26052.25,14990.86,42.46,intended-913/q7b,family-min weapon_bonus=2 type=M
Mask of Lethica Nightborne (Rare),The Crooked Moon,6750.47,3886.71,42.42,ml-variance,no wave1/stealth/floor/match signature → ML retrain / variant-stat / rule-blend variance
Amethyst Lodestone,Fizban's Treasury of Dragons,30478.05,17561.57,42.38,ml-variance,no wave1/stealth/floor/match signature → ML retrain / variant-stat / rule-blend variance
Defender Cavalry Hammer,Dungeon Master's Guide (2024),31500.0,44850.0,42.38,intended-913/q7b,family-min weapon_bonus=3 type=M
Defender Cavalry Pick,Dungeon Master's Guide (2024),31500.0,44850.0,42.38,intended-913/q7b,family-min weapon_bonus=3 type=M
Defender Knightly Sword,Dungeon Master's Guide (2024),31500.0,44850.0,42.38,intended-913/q7b,family-min weapon_bonus=3 type=M
Defender Longsword,Dungeon Master's Guide (2024),31500.0,44850.0,42.38,intended-913/q7b,family-min weapon_bonus=3 type=M
Sagittarian Half Plate Armor,The Griffon's Saddlebag: Book Two,2597.58,1500.0,42.25,ml-variance,no wave1/stealth/floor/match signature → ML retrain / variant-stat / rule-blend variance
Arcanist's Magnificent Magnifier,The Griffon's Saddlebag: Book Two,1407.71,813.89,42.18,ml-variance,no wave1/stealth/floor/match signature → ML retrain / variant-stat / rule-blend variance
Rod of the Pack Master,Grim Hollow: Campaign Guide (2024/Transformed),37712.36,21814.88,42.15,ml-variance,no wave1/stealth/floor/match signature → ML retrain / variant-stat / rule-blend variance
Wand of Merriment,The Griffon's Saddlebag: Book Two,23587.64,13663.31,42.07,ml-variance,no wave1/stealth/floor/match signature → ML retrain / variant-stat / rule-blend variance
"Figurine of Wondrous Power, Byeshk Worg Pack",Frontiers of Eberron: Quickstone,18217.41,10575.93,41.95,ml-variance,no wave1/stealth/floor/match signature → ML retrain / variant-stat / rule-blend variance
Trident of Henchantment,One-Shot Wonders: Holiday Adventure Pack,8671.95,5038.08,41.9,ml-variance,no wave1/stealth/floor/match signature → ML retrain / variant-stat / rule-blend variance
Veil of the Weeping Widow (Rare),The Crooked Moon,6844.97,3981.21,41.84,ml-variance,no wave1/stealth/floor/match signature → ML retrain / variant-stat / rule-blend variance
Mask of Lethica Nightborne (Very Rare),The Crooked Moon,19583.77,11417.25,41.7,ml-variance,no wave1/stealth/floor/match signature → ML retrain / variant-stat / rule-blend variance
Ferguson's Talons,The Pugilist Class (2024),48455.25,28274.54,41.65,intended-913/q7b,family-min weapon_bonus=2 type=M
Time Splitter (rare),Heliana's Guide to Monster Hunting,9970.57,5834.6,41.48,ml-variance,no wave1/stealth/floor/match signature → ML retrain / variant-stat / rule-blend variance
Mask of Dendallen,The Griffon's Saddlebag: Book One,22032.15,12905.15,41.43,ml-variance,no wave1/stealth/floor/match signature → ML retrain / variant-stat / rule-blend variance
Cabal's Ruin (Dormant),Tal'Dorei Campaign Setting Reborn,63110.25,89231.84,41.39,ml-variance,no wave1/stealth/floor/match signature → ML retrain / variant-stat / rule-blend variance
Hurricane Lance,The Griffon's Saddlebag: Book One,47762.51,27999.8,41.38,intended-913/q7b,family-min weapon_bonus=2 type=M
Giant Femur Club,Monsters of Drakkenheim,8823.53,12449.73,41.1,intended-913/q7b,family-min weapon_bonus=1 type=M
Ring of Lunar Might,The Griffon's Saddlebag: Book Two,22606.78,13315.18,41.1,ml-variance,no wave1/stealth/floor/match signature → ML retrain / variant-stat / rule-blend variance
Magnificent Pocket Vanity,The Griffon's Saddlebag: Book Two,380.53,224.25,41.07,ml-variance,no wave1/stealth/floor/match signature → ML retrain / variant-stat / rule-blend variance
Mythcarver (Dormant),Tal'Dorei Campaign Setting Reborn,16923.04,23815.05,40.73,intended-913/q7b,family-min weapon_bonus=1 type=M
Flayer Slayer,Phandelver and Below: The Shattered Obelisk,8587.28,12084.32,40.72,intended-913/q7b,family-min weapon_bonus=1 type=M
Whistle of the Vagrant (Rare),The Crooked Moon,6907.97,4107.21,40.54,ml-variance,no wave1/stealth/floor/match signature → ML retrain / variant-stat / rule-blend variance
Lightseer's Gaze,The Griffon's Saddlebag: Book Two,70015.29,41719.25,40.41,ml-variance,no wave1/stealth/floor/match signature → ML retrain / variant-stat / rule-blend variance
Emerald Pen,Fizban's Treasury of Dragons,1477.71,883.89,40.19,ml-variance,no wave1/stealth/floor/match signature → ML retrain / variant-stat / rule-blend variance
Snugglebeast (Tarrasque),The Griffon's Saddlebag: Book One,10437.09,14597.55,39.86,intended-913/q7b,name pattern Snugglebeast
Wispy Sour (Uncommon),The Griffon's Saddlebag: Book Two,429.16,599.74,39.75,ml-variance,no wave1/stealth/floor/match signature → ML retrain / variant-stat / rule-blend variance
Nightstalker's Mask,The Griffon's Saddlebag: Book Two,11478.75,6924.67,39.67,ml-variance,no wave1/stealth/floor/match signature → ML retrain / variant-stat / rule-blend variance
Sunfeather Shroud (rare),Heliana's Guide to Monster Hunting,4291.75,5993.91,39.66,ml-variance,no wave1/stealth/floor/match signature → ML retrain / variant-stat / rule-blend variance
Aastrika's Crown,Where Evil Lives: The MCDM Book of Boss Battles,4386.25,6119.91,39.52,ml-variance,no wave1/stealth/floor/match signature → ML retrain / variant-stat / rule-blend variance
Fenthras (Exalted),Tal'Dorei Campaign Setting Reborn,91092.53,126984.05,39.4,intended-913/q7b,family-min weapon_bonus=3 type=R
Chromatic Obsidian Greataxe,The Griffon's Saddlebag: Book Two,1527.21,2128.64,39.38,intended-913/q7b,family-min weapon_bonus=1 type=M
Crest,Call from the Deep,1527.21,2128.64,39.38,intended-913/q7b,family-min weapon_bonus=1 type=M
Cutlass of Briggsy Kratch (Rare),The Crooked Moon,1527.21,2128.64,39.38,intended-913/q7b,family-min weapon_bonus=1 type=M
Ectoplasmic Whip,Grim Hollow: Campaign Guide (2024/Transformed),1527.21,2128.64,39.38,intended-913/q7b,family-min weapon_bonus=1 type=M
Inescapable Lash,Tal'Dorei Campaign Setting Reborn,1527.21,2128.64,39.38,intended-913/q7b,family-min weapon_bonus=1 type=M
Knight's Standard of Valor,The Griffon's Saddlebag: Book One,1527.21,2128.64,39.38,intended-913/q7b,family-min weapon_bonus=1 type=M
Knight's Standard of Vigor,The Griffon's Saddlebag: Book One,1527.21,2128.64,39.38,intended-913/q7b,family-min weapon_bonus=1 type=M
Knight's Standard of Virtue,The Griffon's Saddlebag: Book One,1527.21,2128.64,39.38,intended-913/q7b,family-min weapon_bonus=1 type=M
Phase Axe,The Griffon's Saddlebag: Book One,1527.21,2128.64,39.38,intended-913/q7b,family-min weapon_bonus=1 type=M
Ruinous Flail,The Book of Many Things,1527.21,2128.64,39.38,intended-913/q7b,family-min weapon_bonus=1 type=M
Starmetal Shard Spear,The Griffon's Saddlebag: Book Two,1527.21,2128.64,39.38,intended-913/q7b,family-min weapon_bonus=1 type=M
Tyrannosaurus Rax,The Griffon's Saddlebag: Book Two,1527.21,2128.64,39.38,intended-913/q7b,family-min weapon_bonus=1 type=M
Urnblade,The Griffon's Saddlebag: Book Two,1527.21,2128.64,39.38,intended-913/q7b,family-min weapon_bonus=1 type=M
Wraps of Dyamak (Dormant),Tal'Dorei Campaign Setting Reborn,16957.72,23632.43,39.36,ml-variance,no wave1/stealth/floor/match signature → ML retrain / variant-stat / rule-blend variance
Drow +2 Repeater Needler,Monster Manual,718.08,1000.0,39.26,intended-913/q7b,family-min weapon_bonus=2 type=R
Lash of Immolation,Bigby Presents: Glory of the Giants,7745.62,4709.76,39.19,intended-913/q7b,family-min weapon_bonus=1 type=M
Constantori's Portrait,Keys from the Golden Vault,24363.17,14835.87,39.11,ml-variance,no wave1/stealth/floor/match signature → ML retrain / variant-stat / rule-blend variance
Ceratopper,The Griffon's Saddlebag: Book One,24958.46,15205.36,39.08,ml-variance,no wave1/stealth/floor/match signature → ML retrain / variant-stat / rule-blend variance
Tidecaller Trident,The Book of Many Things,52776.53,32197.95,38.99,intended-913/q7b,family-min weapon_bonus=2 type=M
Lantern of the Chained Reaper (Very Rare),The Crooked Moon,18638.77,11382.6,38.93,ml-variance,no wave1/stealth/floor/match signature → ML retrain / variant-stat / rule-blend variance
Omenbringer's Mantle,The Griffon's Saddlebag: Book One,18638.77,11382.6,38.93,ml-variance,no wave1/stealth/floor/match signature → ML retrain / variant-stat / rule-blend variance
Storm Thrower Harpoon,The Griffon's Saddlebag: Book One,67192.88,93352.57,38.93,intended-913/q7b,family-min weapon_bonus=3 type=M
Breastplate of Balance,The Book of Many Things,8504.23,5200.99,38.84,ml-variance,no wave1/stealth/floor/match signature → ML retrain / variant-stat / rule-blend variance
Pollinator Pants,The Griffon's Saddlebag: Book Two,3855.22,2360.53,38.77,ml-variance,no wave1/stealth/floor/match signature → ML retrain / variant-stat / rule-blend variance
Abjurer's Gilder,The Griffon's Saddlebag: Book One,1202.43,736.68,38.73,ml-variance,no wave1/stealth/floor/match signature → ML retrain / variant-stat / rule-blend variance
Eclipse Spear,The Griffon's Saddlebag: Book Two,1500.62,919.78,38.71,ml-variance,no wave1/stealth/floor/match signature → ML retrain / variant-stat / rule-blend variance
Claws of Corruption (very rare),Heliana's Guide to Monster Hunting,13994.23,19392.42,38.57,intended-913/q7b,family-min weapon_bonus=1 type=M
Ogramau's Graveyard,The Griffon's Saddlebag: Book Two,15551.91,9556.09,38.55,ml-variance,no wave1/stealth/floor/match signature → ML retrain / variant-stat / rule-blend variance
Stonemaker War Pick,The Book of Many Things,11549.15,7116.58,38.38,intended-913/q7b,family-min weapon_bonus=1 type=M
Danoth's Visor (Exalted),Explorer's Guide to Wildemount,69852.55,43062.72,38.35,ml-variance,no wave1/stealth/floor/match signature → ML retrain / variant-stat / rule-blend variance
Wand of Whispers,The Griffon's Saddlebag: Book One,9482.44,5847.25,38.34,ml-variance,no wave1/stealth/floor/match signature → ML retrain / variant-stat / rule-blend variance
Sunwing Bow (rare),Heliana's Guide to Monster Hunting,6765.66,9356.58,38.3,intended-913/q7b,family-min weapon_bonus=2 type=R
Tarrobe (rare),Heliana's Guide to Monster Hunting,8843.42,5461.97,38.24,ml-variance,no wave1/stealth/floor/match signature → ML retrain / variant-stat / rule-blend variance
Witchlight Watch,The Wild Beyond the Witchlight,62486.69,38664.15,38.12,ml-variance,no wave1/stealth/floor/match signature → ML retrain / variant-stat / rule-blend variance
Violet Painted Stone,Tales from the Shadows,852.72,1177.43,38.08,ml-variance,no wave1/stealth/floor/match signature → ML retrain / variant-stat / rule-blend variance
Air Render,The Griffon's Saddlebag: Book Two,1511.37,2085.69,38.0,intended-913/q7b,family-min weapon_bonus=1 type=R
Cloak of the Mausgeist,Grim Hollow: Campaign Guide (2024/Transformed),18560.02,11508.6,37.99,ml-variance,no wave1/stealth/floor/match signature → ML retrain / variant-stat / rule-blend variance
Dawnbringer,Out of the Abyss,61046.16,84086.93,37.74,intended-913/q7b,family-min weapon_bonus=2 type=M
Cube of Summoning,Dungeon Master's Guide (2024),8068.89,5027.31,37.7,ml-variance,no wave1/stealth/floor/match signature → ML retrain / variant-stat / rule-blend variance
Sanctum Amulet,Bigby Presents: Glory of the Giants,18418.27,11477.1,37.69,ml-variance,no wave1/stealth/floor/match signature → ML retrain / variant-stat / rule-blend variance
Ring of Birdseye Maple,Heliana's Guide to Monster Hunting,1322.53,1820.76,37.67,ml-variance,no wave1/stealth/floor/match signature → ML retrain / variant-stat / rule-blend variance
Siege Staff,The Griffon's Saddlebag: Book Two,8623.82,5381.59,37.6,ml-variance,no wave1/stealth/floor/match signature → ML retrain / variant-stat / rule-blend variance
Nightstalker's Kanabo,The Griffon's Saddlebag: Book One,21587.07,13486.9,37.52,intended-913/q7b,family-min weapon_bonus=1 type=M
Courtesan's Fanblade,The Griffon's Saddlebag: Book Two,1897.4,1188.63,37.35,ml-variance,no wave1/stealth/floor/match signature → ML retrain / variant-stat / rule-blend variance
Hide of the Feral Guardian (Awakened),Explorer's Guide to Wildemount,68200.14,42760.67,37.3,ml-variance,no wave1/stealth/floor/match signature → ML retrain / variant-stat / rule-blend variance
Riff's Dimensional Ripper,The Griffon's Saddlebag: Book Two,3388.83,4652.11,37.28,ml-variance,no wave1/stealth/floor/match signature → ML retrain / variant-stat / rule-blend variance
Ferryman's Take,The Griffon's Saddlebag: Book One,5582.14,3505.73,37.2,ml-variance,no wave1/stealth/floor/match signature → ML retrain / variant-stat / rule-blend variance
Waythe,Tales from the Yawning Portal,70523.58,44293.75,37.19,intended-913/q7b,family-min weapon_bonus=1 type=M
Fane-Eater,Baldur's Gate: Descent Into Avernus,53525.06,33622.17,37.18,intended-913/q7b,family-min weapon_bonus=3 type=M
Draconic Visage,Where Evil Lives: The MCDM Book of Boss Battles,21925.66,30051.44,37.06,ml-variance,no wave1/stealth/floor/match signature → ML retrain / variant-stat / rule-blend variance
Pathfinder's Boots,"Flee, Mortals! The MCDM Monster Book",28354.73,17851.3,37.04,ml-variance,no wave1/stealth/floor/match signature → ML retrain / variant-stat / rule-blend variance
+1 Black Ice Repeater Needler,Call from the Deep,146.07,200.0,36.92,intended-913/q7b,family-min weapon_bonus=1 type=R
Drow +1 Repeater Needler,Monster Manual,146.07,200.0,36.92,intended-913/q7b,family-min weapon_bonus=1 type=R
Tooth of the Jinxed Leviathan (Rare),The Crooked Moon,1632.21,2233.64,36.85,intended-913/q7b,family-min weapon_bonus=1 type=M
Dodecahedron of Doom,Waterdeep: Dungeon of the Mad Mage,5580.98,3524.98,36.84,ml-variance,no wave1/stealth/floor/match signature → ML retrain / variant-stat / rule-blend variance
Avian Circlet,The Griffon's Saddlebag: Book One,5582.14,3530.21,36.76,ml-variance,no wave1/stealth/floor/match signature → ML retrain / variant-stat / rule-blend variance
Skyblinder Staff,Guildmasters' Guide to Ravnica,515.0,704.12,36.72,ml-variance,no wave1/stealth/floor/match signature → ML retrain / variant-stat / rule-blend variance
Tome of Living Memories (very rare),Heliana's Guide to Monster Hunting,16692.44,10571.61,36.67,ml-variance,no wave1/stealth/floor/match signature → ML retrain / variant-stat / rule-blend variance
Hide of the Feral Guardian (Exalted),Explorer's Guide to Wildemount,67248.67,42700.13,36.5,ml-variance,no wave1/stealth/floor/match signature → ML retrain / variant-stat / rule-blend variance
Windswept Wyvernplate,The Griffon's Saddlebag: Book One,6731.48,4276.51,36.47,ml-variance,no wave1/stealth/floor/match signature → ML retrain / variant-stat / rule-blend variance
Blast Scepter,Waterdeep: Dungeon of the Mad Mage,34562.36,21972.38,36.43,ml-variance,no wave1/stealth/floor/match signature → ML retrain / variant-stat / rule-blend variance
Ramuh's Katar,The Pugilist Class (2024),33796.04,21542.86,36.26,intended-913/q7b,family-min weapon_bonus=2 type=M
"Morath, Scepter of the Soul Vortex",The Griffon's Saddlebag: Book Two,391418.68,250000.0,36.13,ml-variance,no wave1/stealth/floor/match signature → ML retrain / variant-stat / rule-blend variance
Infiltrator's Key (Awakened),Explorer's Guide to Wildemount,34153.97,46339.29,35.68,ml-variance,no wave1/stealth/floor/match signature → ML retrain / variant-stat / rule-blend variance
Gateway Ring,The Griffon's Saddlebag: Book Two,19004.02,12245.56,35.56,ml-variance,no wave1/stealth/floor/match signature → ML retrain / variant-stat / rule-blend variance
Pennant of the Vind Rune,Storm King's Thunder,18278.74,11781.63,35.54,ml-variance,no wave1/stealth/floor/match signature → ML retrain / variant-stat / rule-blend variance
Lhammaruntosz's Wand of Fireballs,Call from the Deep,9056.01,5847.25,35.43,ml-variance,no wave1/stealth/floor/match signature → ML retrain / variant-stat / rule-blend variance
Ring of Fungal Symbiosis (uncommon),Heliana's Guide to Monster Hunting,722.64,978.57,35.42,ml-variance,no wave1/stealth/floor/match signature → ML retrain / variant-stat / rule-blend variance
Token of Disguise,Call from the Deep,1395.13,903.59,35.23,ml-variance,no wave1/stealth/floor/match signature → ML retrain / variant-stat / rule-blend variance
Crown of Westemär,Dungeons of Drakkenheim,95183.16,61873.08,35.0,ml-variance,no wave1/stealth/floor/match signature → ML retrain / variant-stat / rule-blend variance
Scythe of the Harvest Terror (Very Rare),The Crooked Moon,23021.25,14990.86,34.88,intended-913/q7b,family-min weapon_bonus=2 type=M
Tome of the Ethereal,"Flee, Mortals! The MCDM Monster Book",5029.0,6782.51,34.87,ml-variance,no wave1/stealth/floor/match signature → ML retrain / variant-stat / rule-blend variance
Whistle of the Vagrant (Legendary),The Crooked Moon,146737.26,96065.72,34.53,ml-variance,no wave1/stealth/floor/match signature → ML retrain / variant-stat / rule-blend variance
Rod of Hellish Flames,The Book of Many Things,28758.38,18854.02,34.44,ml-variance,no wave1/stealth/floor/match signature → ML retrain / variant-stat / rule-blend variance
Lantern of the Chained Reaper (Legendary),The Crooked Moon,65673.94,43062.72,34.43,ml-variance,no wave1/stealth/floor/match signature → ML retrain / variant-stat / rule-blend variance
Royal Incinerator,The Griffon's Saddlebag: Book Two,61935.49,83197.5,34.33,intended-913/q7b,family-min weapon_bonus=2 type=M
Glaive of Wounding,Dungeon Master's Guide (2024),3036.46,1995.06,34.3,ml-variance,no wave1/stealth/floor/match signature → ML retrain / variant-stat / rule-blend variance
Greatsword of Wounding,Dungeon Master's Guide (2024),3036.46,1995.06,34.3,ml-variance,no wave1/stealth/floor/match signature → ML retrain / variant-stat / rule-blend variance
Longsword of Wounding,Dungeon Master's Guide (2024),3036.46,1995.06,34.3,ml-variance,no wave1/stealth/floor/match signature → ML retrain / variant-stat / rule-blend variance
Rapier of Wounding,Dungeon Master's Guide (2024),3036.46,1995.06,34.3,ml-variance,no wave1/stealth/floor/match signature → ML retrain / variant-stat / rule-blend variance
Scimitar of Wounding,Dungeon Master's Guide (2024),3036.46,1995.06,34.3,ml-variance,no wave1/stealth/floor/match signature → ML retrain / variant-stat / rule-blend variance
Shortsword of Wounding,Dungeon Master's Guide (2024),3036.46,1995.06,34.3,ml-variance,no wave1/stealth/floor/match signature → ML retrain / variant-stat / rule-blend variance
Hogs' Wash,Grim Hollow: Campaign Guide (2024/Transformed),2478.1,1633.73,34.07,ml-variance,no wave1/stealth/floor/match signature → ML retrain / variant-stat / rule-blend variance
Professor Skant,Icewind Dale: Rime of the Frostmaiden,5635.06,3715.73,34.06,intended-913/q7b,spell_battery_max_level=2
Hide of the Feral Guardian (Dormant),Explorer's Guide to Wildemount,68517.57,45197.62,34.03,ml-variance,no wave1/stealth/floor/match signature → ML retrain / variant-stat / rule-blend variance
Frost Giant Fork,The Griffon's Saddlebag: Book One,1779.17,2383.75,33.98,intended-913/q7b,family-min weapon_bonus=1 type=M
Chime of Exile,Vecna: Eve of Ruin,16006.85,10575.93,33.93,ml-variance,no wave1/stealth/floor/match signature → ML retrain / variant-stat / rule-blend variance
Sunwing Longbow (rare),Heliana's Guide to Monster Hunting,7358.78,9848.78,33.84,intended-913/q7b,family-min weapon_bonus=2 type=R
Sunwing Shortbow (rare),Heliana's Guide to Monster Hunting,6826.82,9136.82,33.84,intended-913/q7b,family-min weapon_bonus=2 type=R
Bag of Eyes,Where Evil Lives: The MCDM Book of Boss Battles,11863.43,15864.51,33.73,ml-variance,no wave1/stealth/floor/match signature → ML retrain / variant-stat / rule-blend variance
Gloomwrought Padded Armor,The Book of Many Things,6579.96,4361.76,33.71,ml-variance,no wave1/stealth/floor/match signature → ML retrain / variant-stat / rule-blend variance
Gloomwrought Leather Armor,The Book of Many Things,6582.21,4364.01,33.7,ml-variance,no wave1/stealth/floor/match signature → ML retrain / variant-stat / rule-blend variance
Gloomwrought Hide Armor,The Book of Many Things,6735.29,4466.29,33.69,ml-variance,no wave1/stealth/floor/match signature → ML retrain / variant-stat / rule-blend variance
Gloomwrought Spiked Armor,The Book of Many Things,7036.96,4666.36,33.69,ml-variance,no wave1/stealth/floor/match signature → ML retrain / variant-stat / rule-blend variance
Gloomwrought Studded Leather Armor,The Book of Many Things,6735.29,4466.29,33.69,ml-variance,no wave1/stealth/floor/match signature → ML retrain / variant-stat / rule-blend variance
Eye of the White Worm (Very Rare),The Crooked Moon,31060.74,20598.98,33.68,ml-variance,no wave1/stealth/floor/match signature → ML retrain / variant-stat / rule-blend variance
Mage Eater Scythe,The Griffon's Saddlebag: Book Two,34676.44,46341.16,33.64,intended-913/q7b,family-min weapon_bonus=2 type=M
Gloomwrought Ring Mail,The Book of Many Things,7050.46,4679.86,33.62,ml-variance,no wave1/stealth/floor/match signature → ML retrain / variant-stat / rule-blend variance
Gloomwrought Chain Shirt,The Book of Many Things,6906.38,4586.58,33.59,ml-variance,no wave1/stealth/floor/match signature → ML retrain / variant-stat / rule-blend variance
Gloomwrought Scale Mail,The Book of Many Things,7059.46,4688.86,33.58,ml-variance,no wave1/stealth/floor/match signature → ML retrain / variant-stat / rule-blend variance
Gloomwrought Chain Mail,The Book of Many Things,7376.88,4904.68,33.51,ml-variance,no wave1/stealth/floor/match signature → ML retrain / variant-stat / rule-blend variance
Coat of Many Eyes (Very Rare),Exploring Eberron (2024),24037.4,16009.37,33.4,ml-variance,no wave1/stealth/floor/match signature → ML retrain / variant-stat / rule-blend variance
Professor Orb,Waterdeep: Dungeon of the Mad Mage,5315.44,3543.75,33.33,intended-913/q7b,spell_battery_max_level=2
Jewel of Three Prayers (Exalted),Critical Role: Call of the Netherdeep,66044.04,44036.37,33.32,ml-variance,no wave1/stealth/floor/match signature → ML retrain / variant-stat / rule-blend variance
Titan's Tooth Claymore,The Griffon's Saddlebag: Book Two,28199.13,18814.31,33.28,intended-913/q7b,family-min weapon_bonus=2 type=M
Gloomwrought Splint Armor,The Book of Many Things,7586.21,5063.22,33.26,ml-variance,no wave1/stealth/floor/match signature → ML retrain / variant-stat / rule-blend variance
Shadow Weaver's Guise,The Griffon's Saddlebag: Book Two,730.34,487.68,33.23,ml-variance,no wave1/stealth/floor/match signature → ML retrain / variant-stat / rule-blend variance
Vain Virtuoso's Violin,The Griffon's Saddlebag: Book Two,730.34,487.68,33.23,ml-variance,no wave1/stealth/floor/match signature → ML retrain / variant-stat / rule-blend variance
Flesh of Dendallen,The Griffon's Saddlebag: Book One,17355.29,11593.98,33.2,ml-variance,no wave1/stealth/floor/match signature → ML retrain / variant-stat / rule-blend variance
Scarlet Scourge,The Griffon's Saddlebag: Book Two,6615.78,8809.06,33.15,intended-913/q7b,family-min weapon_bonus=1 type=M
Mask of Lethica Nightborne (Legendary),The Crooked Moon,64364.28,43097.37,33.04,ml-variance,no wave1/stealth/floor/match signature → ML retrain / variant-stat / rule-blend variance
Brooch of Many Sizes,The Griffon's Saddlebag: Book One,5232.14,3505.73,33.0,ml-variance,no wave1/stealth/floor/match signature → ML retrain / variant-stat / rule-blend variance
Cabal's Ruin (Exalted),Tal'Dorei Campaign Setting Reborn,58967.0,78425.26,33.0,ml-variance,no wave1/stealth/floor/match signature → ML retrain / variant-stat / rule-blend variance
Power Collar,The Griffon's Saddlebag: Book Two,5232.14,3505.73,33.0,ml-variance,no wave1/stealth/floor/match signature → ML retrain / variant-stat / rule-blend variance
Veil of the Weeping Widow (Legendary),The Crooked Moon,64458.78,43188.72,33.0,ml-variance,no wave1/stealth/floor/match signature → ML retrain / variant-stat / rule-blend variance
Sword of the Crimson Abbot (Legendary),The Crooked Moon,73226.92,49167.99,32.86,intended-913/q7b,family-min weapon_bonus=3 type=M
Bloodscryer Oculus,The Griffon's Saddlebag: Book One,71026.69,47690.94,32.85,ml-variance,no wave1/stealth/floor/match signature → ML retrain / variant-stat / rule-blend variance
Gloomwrought Breastplate,The Book of Many Things,7216.96,4846.36,32.85,ml-variance,no wave1/stealth/floor/match signature → ML retrain / variant-stat / rule-blend variance
Wand of Necrosis,The Griffon's Saddlebag: Book Two,22769.38,15289.4,32.85,ml-variance,no wave1/stealth/floor/match signature → ML retrain / variant-stat / rule-blend variance
Crown of Infinite Midnight,Book of Ebon Tides,28109.22,18885.46,32.81,ml-variance,no wave1/stealth/floor/match signature → ML retrain / variant-stat / rule-blend variance
Piercer,Acquisitions Incorporated,1698.92,2254.1,32.68,intended-913/q7b,family-min weapon_bonus=1 type=M
Hazirawn,Hoard of the Dragon Queen,82908.38,109897.9,32.55,intended-913/q7b,family-min weapon_bonus=1 type=M
Dagger of the Ogre Mage,The Griffon's Saddlebag: Book One,447.34,592.69,32.49,intended-913/q7b,family-min weapon_bonus=1 type=M
Stonebreaker's Breastplate,Bigby Presents: Glory of the Giants,72078.09,48689.89,32.45,ml-variance,no wave1/stealth/floor/match signature → ML retrain / variant-stat / rule-blend variance
Ice Sickle,The Griffon's Saddlebag: Book One,2844.27,3763.09,32.3,ml-variance,no wave1/stealth/floor/match signature → ML retrain / variant-stat / rule-blend variance
"Nimbus, First Staff of the Thunderbirds",The Griffon's Saddlebag: Book Two,368935.91,250000.0,32.24,ml-variance,no wave1/stealth/floor/match signature → ML retrain / variant-stat / rule-blend variance
Gloomwrought Half Plate Armor,The Book of Many Things,7527.55,5106.15,32.17,ml-variance,no wave1/stealth/floor/match signature → ML retrain / variant-stat / rule-blend variance
Familiar Figurine,Monsters of Drakkenheim,1302.71,883.89,32.15,ml-variance,no wave1/stealth/floor/match signature → ML retrain / variant-stat / rule-blend variance
Salamander Flame Gauntlets,The Griffon's Saddlebag: Book Two,8840.78,5998.76,32.15,ml-variance,no wave1/stealth/floor/match signature → ML retrain / variant-stat / rule-blend variance
Wayfarer's Boots,Bigby Presents: Glory of the Giants,5726.72,3886.71,32.13,ml-variance,no wave1/stealth/floor/match signature → ML retrain / variant-stat / rule-blend variance
Stirring Dragon's Wrath Vertebrae Sword,Fizban's Treasury of Dragons,9758.0,12881.92,32.01,intended-913/q7b,family-min weapon_bonus=1 type=M
Cane of Phillip Druskenvald (Rare),The Crooked Moon,6280.23,8289.3,31.99,ml-variance,no wave1/stealth/floor/match signature → ML retrain / variant-stat / rule-blend variance
Dragonlance Lance,Fizban's Treasury of Dragons,96298.11,126682.66,31.55,intended-913/q7b,family-min weapon_bonus=3 type=M
Dragonlance Pike,Fizban's Treasury of Dragons,103879.21,136655.78,31.55,intended-913/q7b,family-min weapon_bonus=3 type=M
Ruin Card,The Book of Many Things,58559.65,40136.53,31.46,ml-variance,no wave1/stealth/floor/match signature → ML retrain / variant-stat / rule-blend variance
Sun Card,The Book of Many Things,58559.65,40136.53,31.46,ml-variance,no wave1/stealth/floor/match signature → ML retrain / variant-stat / rule-blend variance
Ring of Solar's Sight,The Griffon's Saddlebag: Book Two,7010.16,4810.69,31.38,ml-variance,no wave1/stealth/floor/match signature → ML retrain / variant-stat / rule-blend variance
Belt of the Weald,Humblewood Tales,1316.38,903.59,31.36,ml-variance,no wave1/stealth/floor/match signature → ML retrain / variant-stat / rule-blend variance
Eaglereign,The Griffon's Saddlebag: Book One,1316.38,903.59,31.36,ml-variance,no wave1/stealth/floor/match signature → ML retrain / variant-stat / rule-blend variance
Ring Mail of Safeguarding,Bigby Presents: Glory of the Giants,17592.08,12086.61,31.3,ml-variance,no wave1/stealth/floor/match signature → ML retrain / variant-stat / rule-blend variance
Chain Mail of Safeguarding,Bigby Presents: Glory of the Giants,19083.92,13122.82,31.24,ml-variance,no wave1/stealth/floor/match signature → ML retrain / variant-stat / rule-blend variance
Gorget of the Holy Soldier,The Griffon's Saddlebag: Book Two,99573.92,130670.79,31.23,ml-variance,no wave1/stealth/floor/match signature → ML retrain / variant-stat / rule-blend variance
Rogue's Mantle,The Book of Many Things,9993.46,6880.75,31.15,ml-variance,no wave1/stealth/floor/match signature → ML retrain / variant-stat / rule-blend variance
Splint Armor of Safeguarding,Bigby Presents: Glory of the Giants,19875.96,13687.05,31.14,ml-variance,no wave1/stealth/floor/match signature → ML retrain / variant-stat / rule-blend variance
Double-Bladed Scimitar Between Worlds,Monsters of Drakkenheim,36336.76,25025.7,31.13,intended-913/q7b,family-min weapon_bonus=2 type=M
Greatsword Between Worlds,Monsters of Drakkenheim,37637.82,25921.77,31.13,intended-913/q7b,family-min weapon_bonus=2 type=M
Longsword Between Worlds,Monsters of Drakkenheim,34695.0,23895.0,31.13,intended-913/q7b,family-min weapon_bonus=2 type=M
Rapier Between Worlds,Monsters of Drakkenheim,33734.63,23233.58,31.13,intended-913/q7b,family-min weapon_bonus=2 type=M
Scimitar Between Worlds,Monsters of Drakkenheim,33393.94,22998.94,31.13,intended-913/q7b,family-min weapon_bonus=2 type=M
Shortsword Between Worlds,Monsters of Drakkenheim,32433.57,22337.52,31.13,intended-913/q7b,family-min weapon_bonus=2 type=M
Arc of the Alicorn,The Griffon's Saddlebag: Book Two,23052.7,30226.94,31.12,ml-variance,no wave1/stealth/floor/match signature → ML retrain / variant-stat / rule-blend variance
Monster Hunter's Vertebrae Sword +1,Monsters of Drakkenheim,11208.69,7723.73,31.09,ml-variance,no wave1/stealth/floor/match signature → ML retrain / variant-stat / rule-blend variance
Gloomwrought Plate Armor,The Book of Many Things,8324.3,5750.5,30.92,ml-variance,no wave1/stealth/floor/match signature → ML retrain / variant-stat / rule-blend variance
Shovel of Yorgrim (Very Rare),The Crooked Moon,31024.23,21448.36,30.87,intended-913/q7b,family-min weapon_bonus=2 type=M
Greaves of Dendallen,The Griffon's Saddlebag: Book One,2820.87,3691.26,30.86,ml-variance,no wave1/stealth/floor/match signature → ML retrain / variant-stat / rule-blend variance
Docent,Eberron: Rising from the Last War,5311.08,3673.3,30.84,ml-variance,no wave1/stealth/floor/match signature → ML retrain / variant-stat / rule-blend variance
Hide of the Brimstone Behemoth (Legendary),The Crooked Moon,60473.63,41853.17,30.79,ml-variance,no wave1/stealth/floor/match signature → ML retrain / variant-stat / rule-blend variance
Rings of the True Companions,The Griffon's Saddlebag: Book Two,6379.71,4420.16,30.72,ml-variance,no wave1/stealth/floor/match signature → ML retrain / variant-stat / rule-blend variance
Leonora's Throne of Indolence,Valda's Spire of Secrets: Player Pack,18638.77,12919.75,30.68,ml-variance,no wave1/stealth/floor/match signature → ML retrain / variant-stat / rule-blend variance
Cloak of the Raven,Book of Ebon Tides,3245.21,4237.79,30.59,ml-variance,no wave1/stealth/floor/match signature → ML retrain / variant-stat / rule-blend variance
Planchette of Adela Druskenvald (Legendary),The Crooked Moon,72620.21,50412.24,30.58,ml-variance,no wave1/stealth/floor/match signature → ML retrain / variant-stat / rule-blend variance
Soulbond Stone,Grim Hollow: Campaign Guide (2024/Transformed),5982.56,4156.6,30.52,ml-variance,no wave1/stealth/floor/match signature → ML retrain / variant-stat / rule-blend variance
Stormgirdle (Exalted),Explorer's Guide to Wildemount,116110.55,80675.04,30.52,ml-variance,no wave1/stealth/floor/match signature → ML retrain / variant-stat / rule-blend variance
Flood Pauldron,The Griffon's Saddlebag: Book Two,958.07,1250.09,30.48,ml-variance,no wave1/stealth/floor/match signature → ML retrain / variant-stat / rule-blend variance
Grasping Staff,The Griffon's Saddlebag: Book Two,22997.01,16001.86,30.42,ml-variance,no wave1/stealth/floor/match signature → ML retrain / variant-stat / rule-blend variance
Plate Armor of Safeguarding,Bigby Presents: Glory of the Giants,21196.75,14780.03,30.27,ml-variance,no wave1/stealth/floor/match signature → ML retrain / variant-stat / rule-blend variance
Harp of Gilded Plenty,Bigby Presents: Glory of the Giants,54668.0,38128.56,30.25,ml-variance,no wave1/stealth/floor/match signature → ML retrain / variant-stat / rule-blend variance
Houseward (Legendary),Exploring Eberron (2024),61079.65,42656.53,30.16,ml-variance,no wave1/stealth/floor/match signature → ML retrain / variant-stat / rule-blend variance
Mustard Painted Stone,Tales from the Shadows,1284.75,897.43,30.15,ml-variance,no wave1/stealth/floor/match signature → ML retrain / variant-stat / rule-blend variance
Dragon Tamer Lance,The Griffon's Saddlebag: Book One,101415.08,70928.18,30.06,intended-913/q7b,family-min weapon_bonus=1 type=M
Magentan Sun-Saw (Uncommon),The Griffon's Saddlebag: Book Two,3345.94,4347.79,29.94,ml-variance,no wave1/stealth/floor/match signature → ML retrain / variant-stat / rule-blend variance
Shard of the Ise Rune,Storm King's Thunder,14513.78,10181.63,29.85,ml-variance,no wave1/stealth/floor/match signature → ML retrain / variant-stat / rule-blend variance
Orb of the Stein Rune,Storm King's Thunder,4985.05,3504.65,29.7,ml-variance,no wave1/stealth/floor/match signature → ML retrain / variant-stat / rule-blend variance
Thunderous Flail,The Griffon's Saddlebag: Book One,11370.96,8009.32,29.56,ml-variance,no wave1/stealth/floor/match signature → ML retrain / variant-stat / rule-blend variance
Crown of the Barrow King (Very Rare),The Crooked Moon,25035.05,17643.59,29.52,ml-variance,no wave1/stealth/floor/match signature → ML retrain / variant-stat / rule-blend variance
Scroll of the Jester,The Griffon's Saddlebag: Book Two,5720.19,4033.28,29.49,ml-variance,no wave1/stealth/floor/match signature → ML retrain / variant-stat / rule-blend variance
Eye of the White Worm (Rare),The Crooked Moon,7679.06,5415.47,29.48,ml-variance,no wave1/stealth/floor/match signature → ML retrain / variant-stat / rule-blend variance
Warrior's Passkey,The Book of Many Things,5223.43,3684.32,29.47,ml-variance,no wave1/stealth/floor/match signature → ML retrain / variant-stat / rule-blend variance
Blood Moon Blade,The Griffon's Saddlebag: Book Two,7841.33,10148.32,29.42,intended-913/q7b,family-min weapon_bonus=1 type=M
Gloves of Mimicry,The Griffon's Saddlebag: Book Two,22162.55,15647.78,29.4,ml-variance,no wave1/stealth/floor/match signature → ML retrain / variant-stat / rule-blend variance
Arcanist's Bowstaff,The Griffon's Saddlebag: Book One,20465.37,14462.22,29.33,intended-913/q7b,family-min weapon_bonus=2 type=M
Blade of Forlorn Hope,Where Evil Lives: The MCDM Book of Boss Battles,77755.33,100530.66,29.29,intended-913/q7b,family-min weapon_bonus=2 type=M
Mindmaster's Monocle,The Griffon's Saddlebag: Book Two,22231.13,15723.77,29.27,ml-variance,no wave1/stealth/floor/match signature → ML retrain / variant-stat / rule-blend variance
Harkon's Bite,Ravenloft: The Horrors Within,835.34,592.68,29.05,ml-variance,no wave1/stealth/floor/match signature → ML retrain / variant-stat / rule-blend variance
Clockwork Earwig,The Griffon's Saddlebag: Book Two,1145.21,813.89,28.93,ml-variance,no wave1/stealth/floor/match signature → ML retrain / variant-stat / rule-blend variance
Silken Socks of Slickening,The Griffon's Saddlebag: Book One,1145.21,813.89,28.93,ml-variance,no wave1/stealth/floor/match signature → ML retrain / variant-stat / rule-blend variance
Harp of Valor,The Griffon's Saddlebag: Book One,19696.81,14031.13,28.76,intended-913/q7b,family-min weapon_bonus=2 type=R
Doubloon Diver's Goggles,The Griffon's Saddlebag: Book Two,802.87,1033.34,28.71,ml-variance,no wave1/stealth/floor/match signature → ML retrain / variant-stat / rule-blend variance
Breastplate of Kamvuul Norek,Exploring Eberron (2024),131616.57,93843.78,28.7,ml-variance,no wave1/stealth/floor/match signature → ML retrain / variant-stat / rule-blend variance
Anglerfish Helm,Obojima: Tales from the Tall Grass,1395.13,998.09,28.46,ml-variance,no wave1/stealth/floor/match signature → ML retrain / variant-stat / rule-blend variance
Quiver of Energy,Exploring Eberron (2024),2770.91,3555.8,28.33,ml-variance,no wave1/stealth/floor/match signature → ML retrain / variant-stat / rule-blend variance
Shock and Ore,Frontiers of Eberron: Quickstone,12418.04,15934.74,28.32,intended-913/q7b,family-min weapon_bonus=1 type=M
Dwarven Thrower,Dungeon Master's Guide (2024),14460.74,10370.01,28.29,intended-913/q7b,family-min weapon_bonus=3 type=M
Enzymatic Gastrostaff,The Griffon's Saddlebag: Book Two,21662.27,15538.15,28.27,ml-variance,no wave1/stealth/floor/match signature → ML retrain / variant-stat / rule-blend variance
Staff of the Reverent Warrior,The Griffon's Saddlebag: Book One,11996.84,8628.95,28.07,intended-913/q7b,family-min weapon_bonus=2 type=M
Hat of Many Spells,Dungeon Master's Guide (2024),20241.63,14565.79,28.04,ml-variance,no wave1/stealth/floor/match signature → ML retrain / variant-stat / rule-blend variance
Boots of Dendallen,The Griffon's Saddlebag: Book One,19406.04,13975.42,27.98,ml-variance,no wave1/stealth/floor/match signature → ML retrain / variant-stat / rule-blend variance
Dragon Turtle Barding,The Griffon's Saddlebag: Book Two,10437.09,13356.4,27.97,ml-variance,no wave1/stealth/floor/match signature → ML retrain / variant-stat / rule-blend variance
Heavy Golem Armor,The Griffon's Saddlebag: Book Two,10370.66,7472.38,27.95,ml-variance,no wave1/stealth/floor/match signature → ML retrain / variant-stat / rule-blend variance
Sage Card,The Book of Many Things,55672.15,40136.53,27.91,ml-variance,no wave1/stealth/floor/match signature → ML retrain / variant-stat / rule-blend variance
Dagger of First Light,The Griffon's Saddlebag: Book Two,857.14,1093.96,27.63,ml-variance,no wave1/stealth/floor/match signature → ML retrain / variant-stat / rule-blend variance
Robes of Beaurêve (legendary),Heliana's Guide to Monster Hunting,68319.63,49445.85,27.63,ml-variance,no wave1/stealth/floor/match signature → ML retrain / variant-stat / rule-blend variance
Vertebrae Sword Jaw Breakers (rare),Heliana's Guide to Monster Hunting,9775.46,12475.46,27.62,intended-913/q7b,family-min weapon_bonus=1 type=M
Cane of Phillip Druskenvald (Legendary),The Crooked Moon,62168.61,79209.67,27.41,ml-variance,no wave1/stealth/floor/match signature → ML retrain / variant-stat / rule-blend variance
Spire Seed,The Griffon's Saddlebag: Book One,41005.67,52245.91,27.41,ml-variance,no wave1/stealth/floor/match signature → ML retrain / variant-stat / rule-blend variance
Red Queen's Burden,The Griffon's Saddlebag: Book Two,71621.31,91207.2,27.35,intended-913/q7b,family-min weapon_bonus=1 type=M
Dream Saber,The Griffon's Saddlebag: Book Two,4581.13,5827.61,27.21,intended-913/q7b,family-min weapon_bonus=1 type=M
Gloves of the Great Badger,The Griffon's Saddlebag: Book Two,958.07,1218.59,27.19,ml-variance,no wave1/stealth/floor/match signature → ML retrain / variant-stat / rule-blend variance
Horn of the Endless Maze,Waterdeep: Dungeon of the Mad Mage,4627.45,5882.94,27.13,ml-variance,no wave1/stealth/floor/match signature → ML retrain / variant-stat / rule-blend variance
Watchful Helm,Candlekeep Mysteries,20863.46,15205.36,27.12,ml-variance,no wave1/stealth/floor/match signature → ML retrain / variant-stat / rule-blend variance
Lightning Khopesh,The Griffon's Saddlebag: Book Two,9604.77,7012.2,26.99,ml-variance,no wave1/stealth/floor/match signature → ML retrain / variant-stat / rule-blend variance
Mawling Maul (rare),Heliana's Guide to Monster Hunting,9604.77,7012.2,26.99,ml-variance,no wave1/stealth/floor/match signature → ML retrain / variant-stat / rule-blend variance
Viper Khopesh,The Griffon's Saddlebag: Book Two,8646.79,6313.48,26.98,ml-variance,no wave1/stealth/floor/match signature → ML retrain / variant-stat / rule-blend variance
Bulette Torpedo,The Griffon's Saddlebag: Book Two,25687.78,32609.76,26.95,intended-913/q7b,family-min weapon_bonus=2 type=M
Sword of Resonance,The Griffon's Saddlebag: Book One,8621.56,6299.05,26.94,intended-913/q7b,family-min weapon_bonus=2 type=M
Mythcarver (Exalted),Tal'Dorei Campaign Setting Reborn,57407.42,42029.61,26.79,intended-913/q7b,family-min weapon_bonus=3 type=M
"Arista, Wand of the Spire",The Griffon's Saddlebag: Book Two,353545.88,259649.44,26.56,ml-variance,no wave1/stealth/floor/match signature → ML retrain / variant-stat / rule-blend variance
Starmetal Striker,The Griffon's Saddlebag: Book One,7226.84,9144.89,26.54,intended-913/q7b,family-min weapon_bonus=2 type=M
Helm of the Broken Dragon,The Griffon's Saddlebag: Book Two,10980.53,8067.78,26.53,ml-variance,no wave1/stealth/floor/match signature → ML retrain / variant-stat / rule-blend variance
Balloon Pack,Princes of the Apocalypse,842.11,618.98,26.5,ml-variance,no wave1/stealth/floor/match signature → ML retrain / variant-stat / rule-blend variance
Banjo of Ol' Jericho Sticks (Legendary),The Crooked Moon,47637.99,60247.28,26.47,ml-variance,no wave1/stealth/floor/match signature → ML retrain / variant-stat / rule-blend variance
Bell of the Dusk Mother (Legendary),The Crooked Moon,47637.99,60247.28,26.47,ml-variance,no wave1/stealth/floor/match signature → ML retrain / variant-stat / rule-blend variance
Magentan Sun-Saw (Very Rare),The Griffon's Saddlebag: Book Two,27611.06,20313.72,26.43,intended-913/q7b,family-min weapon_bonus=2 type=M
Indorius's Crown (Adept),Grim Hollow: Campaign Guide (2024/Transformed),339758.1,250000.0,26.42,ml-variance,no wave1/stealth/floor/match signature → ML retrain / variant-stat / rule-blend variance
Indorius's Crown (Aspirant),Grim Hollow: Campaign Guide (2024/Transformed),339758.1,250000.0,26.42,ml-variance,no wave1/stealth/floor/match signature → ML retrain / variant-stat / rule-blend variance
Indorius's Crown (Master),Grim Hollow: Campaign Guide (2024/Transformed),339758.1,250000.0,26.42,ml-variance,no wave1/stealth/floor/match signature → ML retrain / variant-stat / rule-blend variance
Charred Wand of Magic Missiles,Waterdeep: Dragon Heist,2454.17,1807.28,26.36,ml-variance,no wave1/stealth/floor/match signature → ML retrain / variant-stat / rule-blend variance
Hexaxe,The Griffon's Saddlebag: Book One,1552.08,1146.22,26.15,intended-913/q7b,family-min weapon_bonus=1 type=M
Reliquary of Holy Memories (Uncommon),The Griffon's Saddlebag: Book Two,1730.92,1279.63,26.07,ml-variance,no wave1/stealth/floor/match signature → ML retrain / variant-stat / rule-blend variance
Topaz Annihilator,Fizban's Treasury of Dragons,58197.55,43062.72,26.01,intended-913/q7b,spell_battery_max_level=6
Luck Glaive,Dungeon Master's Guide (2024),220282.76,163020.55,25.99,intended-913/q7b,family-min weapon_bonus=1 type=M
Luck Greatsword,Dungeon Master's Guide (2024),228170.13,168857.62,25.99,intended-913/q7b,family-min weapon_bonus=1 type=M
Luck Longsword,Dungeon Master's Guide (2024),210330.0,155655.0,25.99,intended-913/q7b,family-min weapon_bonus=1 type=M
Luck Rapier,Dungeon Master's Guide (2024),204508.01,151346.43,25.99,intended-913/q7b,family-min weapon_bonus=1 type=M
Luck Scimitar,Dungeon Master's Guide (2024),202442.62,149817.94,25.99,intended-913/q7b,family-min weapon_bonus=1 type=M
Luck Shortsword,Dungeon Master's Guide (2024),196620.63,145509.37,25.99,intended-913/q7b,family-min weapon_bonus=1 type=M
Luck Sickle,Dungeon Master's Guide (2024),196620.63,145509.37,25.99,intended-913/q7b,family-min weapon_bonus=1 type=M
"Ignacious, the Sword of Burning Truth",Dungeons of Drakkenheim,133324.37,167965.66,25.98,intended-913/q7b,family-min weapon_bonus=3 type=M
Shard Solitaire (Rainbow Pearl),Keys from the Golden Vault,95788.99,70928.39,25.95,intended-913/q7b,name pattern Shard Solitaire
Slumbering Dragon's Wrath Repeater Needler,Fizban's Treasury of Dragons,911.25,675.0,25.93,intended-913/q7b,name pattern Repeater Needler
War Horn of Valor,Bigby Presents: Glory of the Giants,4355.71,5484.75,25.92,ml-variance,no wave1/stealth/floor/match signature → ML retrain / variant-stat / rule-blend variance
Dazzling Vertebrae Sword,Eberron: Forge of the Artificer,11882.85,8812.87,25.84,intended-913/q7b,family-min weapon_bonus=1 type=M
Wand of Puppetry,The Griffon's Saddlebag: Book Two,20491.93,15205.4,25.8,ml-variance,no wave1/stealth/floor/match signature → ML retrain / variant-stat / rule-blend variance
Warp Anchor,The Griffon's Saddlebag: Book Two,14252.24,10579.48,25.77,ml-variance,no wave1/stealth/floor/match signature → ML retrain / variant-stat / rule-blend variance
Monocle of Clarity,The Griffon's Saddlebag: Book One,4586.78,5760.39,25.59,ml-variance,no wave1/stealth/floor/match signature → ML retrain / variant-stat / rule-blend variance
Wand of the Poltergeist,Grim Hollow: Campaign Guide (2024/Transformed),20435.78,15205.4,25.59,ml-variance,no wave1/stealth/floor/match signature → ML retrain / variant-stat / rule-blend variance
Drive Shaft of Verdict,The Griffon's Saddlebag: Book Two,2147.54,1600.94,25.45,ml-variance,no wave1/stealth/floor/match signature → ML retrain / variant-stat / rule-blend variance
Corpse Slayer Vertebrae Sword,Explorer's Guide to Wildemount,6500.76,8141.98,25.25,intended-913/q7b,family-min weapon_bonus=1 type=M
